nombre;categoria;direccion;ciudad;cp;telefono;web;rating;reviews;lat;lng
Canducadores;Adiestrador canino;Las Casillas, 7;Málaga;;667 48 43 05;https://www.canducadores.com/;5;0;;
Anubis Dog School 🐾 Adiestradora de perros;Adiestrador canino;;;;681 93 66 52;https://anubisdogschool.es/servicios;5;0;;
Redes para Gatos;Proveedor de sistemas de seguridad;Poblados Marítimos;Valencia;;620 30 66 16;http://www.redesparagatos.es/;5;0;;
Parque para perros;Parque para perros;14711 Córdoba;14711 Córdoba;;;;5;0;;
Patitas Palma;Peluquero de mascotas;Carrer d'Ausiàs March, 33;Illes Balears;;871 71 73 98;;5;0;;
TRUFA & CO - Luxury Dog Resort & Spa - HOTEL 24hrs, GUARDERÍA, PELUQUERÍA CANINA;Guardería canina;C. de Ibiza, 3;28009 Madrid;;624 22 41 47;http://www.trufaandco.com/;5;0;;
Pet Friendly by Arikel;Adiestrador canino;Calle Lepiota;03699 Alicante;;611 47 70 81;;5;0;;
Ventura’s Dogs / Educador Canino;Adiestrador canino;;;;640 83 24 02;https://www.educadorcani.es/;5;0;;
Hotel-Guardería Canina Ladridos de Lujo;Guardería canina;C. de Flandes, 36F;28030 Madrid;;667 35 97 86;;5;0;;
Tu Perro Habla;Adiestrador canino;;;;686 83 94 57;https://www.tuperrohabla.es/;5;0;;
Papà Perruno;Adiestrador canino;C. Arroyo, 111;41008 Sevilla;;640 17 82 47;;5;0;;
Educandog Adiestramiento Canino;Adiestrador canino;C. Huerto Esquivel;Sevilla;;605 16 33 67;http://www.educandog.es/;5;0;;
Paseador de Perros en Las Palmas;Paseador de perros;;;;;;5;0;;
Fundación Patas Arriba;Fundación;;;;657 40 76 76;http://fundacionpatasarriba.com/;5;0;;
Pomestyle;Criador canino;Ctra. Tocina;Sevilla;;654 24 01 86;https://pomestylesevilla.com/;5;0;;
Comidasanaparamascotas;Servicio de comercio electrónico;C. Héroe de Sostoa, 85;29002 Málaga;;635 18 44 96;;5;0;;
Neacan;Adiestrador canino;03699 Alicante;03699 Alicante;;609 38 38 92;http://www.neacan.es/;5;0;;
Ecaniaa;Adiestrador canino;;;;686 65 93 49;http://www.ecaniaa.com/;5;0;;
Peluquería canina y felina Apolo pet grooming;Peluquería;C/ del Gral. Álvarez de Castro, 23;28010 Madrid;;661 28 28 50;https://www.instagram.com/apolopet.madrid/profilecard/?igsh=MXFhN20wYW05Y3VlYQ==;5;0;;
Guía Canino - Canine Guide - Adiestrador Canino;Adiestrador canino;;;;+57 318 4452912;;5;0;;
STRONG DOGS ADIESTRAMIENTO CANINO;Centro educativo;Avenida Rancagua;Argentina;;+54 351 396-4324;;5;0;;
Peluqueria Canina Espuma;Peluquero de mascotas;Carrer Victoriano Ximénez de Couder, 13;Alicante;;664 10 31 41;;5;0;;
GUAU I MAS;Peluquero de mascotas;Carrer de Santa Eugènia, 36;17005 Girona;;616 64 03 61;;5;0;;
Adopta;Servicio de adopción de mascotas;Avinguda Ridaura, 100;Girona;;;;5;0;;
Jayson’ mini dachshund puppies;Criador canino;25610 Rancho Adobe Rd;Estados Unidos;;+1 414-885-4688;;5;0;;
MimaDogs;Peluquero de mascotas;29730;Málaga;;674 80 95 48;;5;0;;
Montamos tu residencia canina;Servicio de embarque de mascotas;Carrer Poeta Campos Vasallo, 41;Alicante;;677 06 92 61;https://residenciacanina-1.ueniweb.com/?utm_campaign=gmb;5;0;;
MTR Clínica Veterinaria;Veterinario;Zaragoza 513 Ote;México;;+52 828 768 0589;https://instagram.com/mtr.clinicavet?igshid=OGQ5ZDc2ODk2ZA==;5;0;;
Fundación Damas y Vagabundos;Fundación;Carrer de la Gleva, 16;08006 Barcelona;;680 56 59 82;https://www.damasyvagabundos.com/;5;0;;
Peluquería Canina Dogs N' Roses;Peluquero de mascotas;Junto a bar "Me Aptc;Asturias;;684 66 18 12;http://www.dogsandrosesoviedo.com/peluqueria-canina-oviedo-1#;5;0;;
Dogs & Us Training - Adiestramiento canino;Adiestrador canino;Carrer de Vila i Vilà, 49;08004 Barcelona;;625 36 73 35;https://dogsandustraining.com/;5;0;;
Educación canina en grupo;Adiestrador canino;María Ortiz;41010 Sevilla;;657 22 32 02;;5;0;;
En Clave de Can - Adiestramiento Canino en Zaragoza;Adiestrador canino;;;;722 48 81 86;https://enclavedecan.com/?utm_source=google&utm_medium=maps&utm_campaign=gmb-web;5;0;;
Lifestyle Belleza Canina;Peluquero de mascotas;Avinguda de la Diagonal, 3;Alicante;;633 93 19 88;https://www.instagram.com/lifestylebellezacanina/;5;0;;
S.O.S. Educación Canina;Adiestrador canino;Edificio Esmeralda;Málaga;;604 29 08 91;https://soseducacioncanina.com/;5;0;;
Educarmiperroya Educador canino;Adiestrador canino;;;;659 86 12 58;https://www.educarmiperroya.com/;5;0;;
Entrénalos;Adiestrador canino;;;;+52 55 1843 3992;;5;0;;
M3 Espacio De Mascota;Tienda de productos para mascotas;C. del Alcalde Alfonso de Rojas, 3;03004 Alicante;;614 20 92 05;http://6776aa9ccee1f.site123.me/;5;0;;
Psicóloga Canina Eva Balaguer;Adiestrador canino;Carrer de l'Arquebisbe Company;Valencia;;660 73 33 98;https://www.instagram.com/eva.psicologacanina;5;0;;
Perro Equilibrado;Adiestrador canino;;;;660 03 76 83;https://www.perroequilibrado.com/;5;0;;
Adiestramiento canino Mallorca - Educación Canina Con Empatía;Adiestrador canino;Carrer del General Riera, 112;Illes Balears;;653 34 65 05;http://www.educacioncaninaconempatia.com/;5;0;;
Fidos Playground;Cuidador de mascotas;Carrer de Guàrdia, 14;08001 Barcelona;;604 10 01 33;https://fidosplayground.com/;5;0;;
Legacy Paws;Peluquería;Carrer de la Barca, 3;17004 Girona;;695 68 92 72;https://legacypaws.bookgy.com/;5;0;;
Paseos Mala&Joy;Paseador de perros;Carrer del dos de Maig, 198;08013 Barcelona;;645 40 37 09;https://www.instagram.com/puppies.oftheworld?igsh=MWZxbXU3c29teWNjcw==;5;0;;
Veterinaria Pe'ek;Veterinario;Carr. de Juárez 356;México;;+52 656 111 2030;https://www.facebook.com/share/FQx9NFLkVSuMayL3/?mibextid=qi2Omg;5;0;;
SANA WildLand;Guardería canina;Calle Pintor Sorolla, Urb;Valencia;;617 51 92 39;http://www.sanawildland.es/;5;0;;
Dos Adiestramiento Barcelona - Adiestramiento canino;Adiestrador canino;Carrer de Ferran, 14, 2º 2;08002 Barcelona;;628 04 03 37;https://dosadiestramiento.com/;5;0;;
Adiestramiento Canino Cartagena/Murcia;Adiestrador canino;Av. de Venecia;Murcia;;633 29 37 60;;5;0;;
RehabilitaCans;Veterinario;Carrer de Juan Gris, 77, Loc 6;Balearic Islands;;606 78 32 83;http://www.rehabilitacans.com/;5;0;;
vinculocanino;Adiestrador canino;08901 L'Hospitalet de Llobregat;Barcelona;;660 20 14 94;http://www.vinculocanino.com/;5;0;;
KinaCan;Adiestrador canino;;;;;;5;0;;
Trufdog - Adiestrador canino;Adiestrador canino;;;;686 72 41 34;https://trufdog.com/;5;0;;
WowDog - Adiestrador Canino;Adiestrador canino;;;;651 41 28 13;;5;0;;
AuuuKan Peluqueria Canina;Peluquero de mascotas;Avinguda de la Granvia de l’Hospitalet, 33, Loc 3;Barcelona;;;https://aukan.es/;5;0;;
Yes YouCan educació canina by Xavi Burgos;Adiestrador canino;;;;676 45 67 25;https://www.yesyoucan.cat/;5;0;;
Guarderia canina joselyne;Guardería canina;Carrer Pedrells, 28;Girona;;;;5;0;;
GeboCan;Adiestrador canino;;;;661 86 23 00;https://www.gebocan.com/;5;0;;
Romina Gallo, corrección de conductas, educación canina. Modalidad virtual.;Entrenador de mascotas;;;;+54 351 835-4095;https://www.patreon.com/cw/DiadePerros;5;0;;
Scentdogs;Adiestrador canino;camilo jose cela, n70;Las Palmas;;683 32 66 17;;5;0;;
FIREMOUTH AQUARISTIC;Tienda de acuarios;C. Martin Luther King, 7;03010 Alicante;;647 29 99 36;https://firemouthaquaristic.com/;5;0;;
Cole de Canes;Adiestrador canino;C. de Oña, 157;28050 Madrid;;649 29 17 79;http://www.coledecanes.com/;5;0;;
Connectingdog;Adiestrador canino;La Falaguera n1A;46118 Valencia;;615 13 63 02;https://www.connectingdog.com/;5;0;;
Yoda Mascotas;Tienda de animales;C. Castillejo, 2;Valladolid;;697 51 97 64;;5;0;;
Estética Canina, VAQUERO;Peluquería;De Las Flores 98;México;;+52 686 230 6138;;5;0;;
Adiestradora de perros Cristina Mascarós;Adiestrador canino;Carrer de la Roella, 43;Girona;;607 24 16 05;https://www.instagram.com/cristina_mascaros/;5;0;;
Escuela Canina Argocan;Adiestrador canino;Paraje llano de los pinos;Murcia;;626 38 38 23;https://argocan.com/;5;0;;
Dogcheca adiestrador canino;Adiestrador canino;41927 Mairena del Aljarafe;Sevilla;;657 22 32 02;;5;0;;
Madridcan;Adiestrador canino;;;;654 42 08 08;;5;0;;
Déjale Ser Perro. Adiestramiento canino;Adiestrador canino;;;;681 90 40 47;;5;0;;
Guardería canina Gran Canaria I Dog You;Guardería canina;;;;627 00 11 41;https://temp-ulrggppoislnhcqqlodu.webadorsite.com/;5;0;;
Torres Murcia;Criador canino;Campo de Arriba;Murcia;;613 63 34 21;https://torresmurcia.com/;5;0;;
XXIX dog club;Adiestrador canino;Av. las Quemadas;14014 Córdoba;;635 39 10 80;https://www.facebook.com/share/1DcdLYiaBW/?mibextid=wwXIfr;5;0;;
Parque para perros;Parque;Sants-Montjuïc;08038 Barcelona;;;;5;0;;
Sawubona Veterinario a domicilio;Veterinario;;;;600 89 27 63;https://www.sawubonavet.es/;5;0;;
IsCan Educación Canina;Adiestrador canino;Carrer del Fondo, 4;Alicante;;624 45 26 98;http://iscaneducanina.es/;5;0;;
Divertidogs Santa Pola;Entrenador de mascotas;;;;667 51 00 02;https://divertidogs.es/;5;0;;
Psicocanina;Adiestrador canino;;;;672 27 11 58;https://www.psicocanina.es/;5;0;;
VILLA AFRODITA;Adiestrador canino;;;;698 61 25 29;;5;0;;
Can's College - Guardería Canina;Guardería canina;Av. de Alberto Alcocer, 45;28016 Madrid;;606 72 96 59;https://canscollege.com/;5;0;;
Perfect Paws Pet Spa;Peluquero de mascotas;;;;+52 81 8027 9616;https://mtyterriers.wixsite.com/perfectpaws;5;0;;
Dog Walking Alicante;Paseador de perros;Av. Alcoi, 60, 1 dcha;03010 Alicante;;685 30 21 76;https://www.instagram.com/culturanatura.alicante/?hl=es;5;0;;
Sit Stay Play;Guardería canina;815 N Las Palmas Ave;Estados Unidos;;+1 323-877-5928;https://pocketsuite.io/lead/sit-stay-play;5;0;;
Juethalma;Peluquero de mascotas;Av. del Mediterráneo, 26;Málaga;;613 56 48 24;https://instagram.com/juethalmaestilismocanino?igshid=YmMyMTA2M2Y=;5;0;;
Chiki park Parque para perros;Parque;C. del Puerto de Costabona, 3;28018 Madrid;;;;5;0;;
Golden Beauty Pets;Veterinario;Jardines de Malaga 7510 Guadalupe;México;;+52 81 8178 4967;https://www.facebook.com/goldenbpets/;5;0;;
Pet Chic;Tienda de productos para mascotas;C Sagasta, 1;30004 Murcia;;621 24 32 00;https://petchicshop.es/;5;0;;
Mr. Rufo Peluquería Canina;Peluquero de mascotas;C. Juan Aguilar Amat, 15;Murcia;;634 44 69 34;;5;0;;
Chic Guagua Peluquería Canina;Peluquero de mascotas;Calle de Elvira, 22;28028 Madrid;;635 86 02 12;https://www.instagram.com/chic_guagua/;5;0;;
Peluquería Canina Salón Tafurth;;C. San Delfín, 4;28019 Madrid;;613 11 69 14;;5;0;;
Alba. Centro de estética y bienestar animal;Peluquero de mascotas;Carrer de Marbella, 20;Illes Balears;;670 60 58 72;https://peluqueriacaninaalba.com/;5;0;;
AROCAN Educación Canina Respetuosa;Adiestrador canino;;;;635 46 17 69;;5;0;;
Corazón con Patas;Adiestrador canino;;;;663 71 10 70;https://instagram.com/corazonconpatasec?igshid=YmMyMTA2M2Y=;5;0;;
Milacky | Peluquería canina en Zaragoza;Peluquero de mascotas;C. de Vicente Berdusán, Bloque A-1, Local;50010 Zaragoza;;614 97 20 35;https://www.milacky.com/;5;0;;
Cuidados mascotas BCN;Guardería canina;Passatge d'Alí Bei, 4;08018 Barcelona;;614 27 70 80;https://dl.appwebel.com/t5F5VJMX;5;0;;
Michis & Guaguas;Guardería canina;urbanización los tréboles;Sevilla;;658 29 03 34;;5;0;;
Fancy Pet Trc;Peluquería;;;;+52 871 132 7821;;5;0;;
Oxxo Ramon Córdoba;Tienda de productos para mascotas;Esquina Con, Rio Conchos 226 Rio Conchos, Ramón Córdova;México;;+52 81 8320 2020;https://www.oxxo.com/?utm_source=google&utm_medium=organic&utm_campaign=gbp;5;0;;
Residencia canina sin jaulas;Guardería canina;San Adrian Kalea, 10;Bizkaia;;614 34 09 51;https://www.instagram.com/araitz.cuidadoracanina?igsh=YnZpbXFvbmsyOW10;5;0;;
Guarderia canina Vidaperrabarcelona;Guardería canina;;;;699 28 62 36;;5;0;;
Neurología y Neurocirugía Veterinaria;Veterinario;Carrer de la Reina Esclaramunda, 6, baixos;Balearic Islands;;971 12 48 66;http://www.memvet.com/;5;0;;
Pilar Pérez Educadora Canina;Adiestrador canino;;;;645 48 65 03;https://pilarperezeducadoracanina.com/;5;0;;
SMILEDOG adiestrador canino;Adiestrador canino;C. Valdemoro, 7;Madrid;;647 88 68 48;http://www.smiledog.es/;5;0;;
Dogtopia;Guardería canina;C. de Uruguay, 10;28016 Madrid;;616 98 82 80;https://www.dogtopia.es/;5;0;;
Estilismo Canino Raquel Ors;Peluquero de mascotas;Avinguda de la Costa Blanca, 21, Loc 24, C.C;03540 Alicante;;692 09 29 62;https://www.instagram.com/estilismocanino_raquelors?igsh=MWdseGEwb240N3VpYg==&utm_source=qr;5;0;;
KEEP CAN MALLORCA;Guardería canina;MP5F+HR9;Balearic Islands;;640 75 44 33;https://calendar.google.com/calendar/u/0/embed?src=61b34b748257cb6fbdde85d064fc4c467266cbc257e9541c94f21a8055280f27@group.calendar.google.com&ctz=Europe/Brussels;5;0;;
La Caseta Del Dolç;Guardería canina;Carrer Cooperativa, 1, Local 10 Bis;Barcelona;;624 21 00 47;https://www.lacasetadeldolc.com/;5;0;;
Kevino.can;Adiestrador canino;C. Fernando Sagaseta, 10;Las Palmas;;671 23 12 80;https://www.instagram.com/kevino.can?igsh=ejdrOGVsMGFlM3k4;5;0;;
Utopía;Adiestrador canino;;;;677 03 49 64;https://utopiaeducacioncanina.com/;5;0;;
Peluqueria Canina en Barcelona - Kom Qom Spa Grooming;Peluquero de mascotas;Carrer de Pi i Margall, 85;08024 Barcelona;;628 89 88 41;https://www.kom-qom.com/;5;0;;
Daysi - Lu;Guardería canina;Av 14 50;México;;+52 271 125 2793;;5;0;;
Canis Land;Guardería canina;Diseminado Venta Dulce, 59A;Murcia;;625 63 70 50;;5;0;;
Armonía Canina;Guardería canina;Callejon de La Dehesa, 385;Sevilla;;609 03 48 22;https://armoniacaninasevilla.com/;5;0;;
Peluquería canina;Peluquero de mascotas;Camí de Son Rapinya, 105;Illes Balears;;871 73 83 90;;5;0;;
PuroGuau | Adiestramiento canino en Valencia;Adiestrador canino;;;;622 69 99 43;https://puroguau.com/adiestramiento-canino-valencia/;5;0;;
Veterinaria Villas Zaragoza;Veterinario;C. Villa del Trueno 902;México;;+52 871 174 3921;;5;0;;
Guardería Mascotas;Guardería canina;;;;;https://www.facebook.com/Guarderiamascotasmx/;5;0;;
Maskotak Pepito, SL;Tienda de productos para mascotas;Iparraguirre Kalea, 50;Biscay;;;;5;0;;
Arenales Veterinaria;Veterinario;Blvr. Mieleras 5-5 km;México;;+52 871 104 5996;;5;0;;
C. Los cautivos;Refugio para animales;C-15;Murcia;;;;5;0;;
Dog Scouts Madrid Río;Cuidador de mascotas;Parque Lineal del Manzanares;28041 Madrid;;919 93 20 60;http://www.dogscouts-madridrio.com/;5;0;;
Can's Chill Out;Guardería canina;C. de Zurita, 21;28012 Madrid;;680 41 83 14;http://www.canschillout.com/;5;0;;
RANGEL'S - Peluquería Canina & Boutique;Peluquero de mascotas;Diego Lopez Haroko Kale Nagusia, 69, Lonja 2D;Biscay;;946 46 79 41;http://www.rangels.es/;5;0;;
Madrid Canino;Adiestrador canino;C. de Antonio Rodríguez Villa, 9;28002 Madrid;;638 59 26 13;https://madridcanino.com/;5;0;;
CLINEQUINA-JM.Trens;Veterinario;Ronda Fort Roig 15-20, 1er;17007 Girona;;617 43 11 38;http://www.clinequina.com/;5;0;;
.;Adiestrador canino;;;;;;5;0;;
Somos Clan;Adiestrador canino;;;;656 45 65 28;https://somosclan.com/;5;0;;
Guia su Huella;Adiestrador canino;;;;603 43 98 67;;5;0;;
LUXURY CAN;Peluquero de mascotas;C. de José Garrote Tebar, 6;47014 Valladolid;;611 76 33 30;;5;0;;
Zona ZECA - Parque Canino;Parque para perros;Pl. Circular, 3, bajo;30008 Murcia;;;;5;0;;
Paw&Go - Autolavado de perros y peluquería canina;Peluquero de mascotas;C. de Fernando el Católico, 42;28015 Madrid;;676 23 41 03;https://pawgo.es/;5;0;;
Cleo Cuida Peludos · Guardería canina familiar en Valencia;Cuidador de mascotas;C. Agustin Lara;Valencia;;640 94 91 18;http://cleocuidapeludos.my.canva.site/cleocuidapeludos;5;0;;
Mocca Project;Peluquero de mascotas;Carrer del Riu Güell, 25;17001 Girona;;643 71 14 48;http://moccaproject.com/;5;0;;
Pablo Vet;Veterinario;C. Manuel Dovado, 4;Málaga;;644 90 98 80;http://pablovet.es/;5;0;;
✅ Educación AlmAnimal - Educador Canino en Valencia;Adiestrador canino;;;;686 44 57 94;https://sites.google.com/view/adiestramientocaninoalmanimal;5;0;;
Gosing;Adiestrador canino;;;;;https://www.gosing.es/;5;0;;
Akindi Málaga - Adiestramiento canino;Adiestrador canino;29570 Vega Riaran;Málaga;;669 00 61 71;https://akindi.es/adiestramiento-y-educacion-canina-en-malaga/?utm_source=seolocal&utm_medium=adiestramiento-cantabria&utm_campaign=web;5;0;;
Mairata Veterinari;Veterinario;Carrer de Joan Alcover, 64;Illes Balears;;690 99 04 56;http://www.mairataveterinari.es/;5;0;;
Villachata bulls;Criador canino;C. del Romero, 1;Murcia;;633 16 55 17;https://www.villachatabulls.es/;5;0;;
Caprichos caninos;Tienda de alimentos para animales;C. Nueva, 7;Valladolid;;636 82 58 00;;5;0;;
DiaCan;Peluquero de mascotas;C. Honorio García Condoy, 7;50007 Zaragoza;;660 19 03 84;;5;0;;
Vida de perros;Adiestrador canino;;;;617 05 23 33;;5;0;;
Fieras & Tijeras - Peluqueria canina;Peluquero de mascotas;C. de Juan Sánchez, 24;28035 Madrid;;611 82 37 69;;5;0;;
CREA VINCULO CANINO;Adiestrador canino;C/ de Villaviciosa, 15;28024 Madrid;;642 58 03 81;https://www.creavinculocanino.com/;5;0;;
By Mascota San Roque - Tienda Mascotas & Peluquería Canina;Tienda de productos para mascotas;C. Recaredo, 8;41003 Sevilla;;955 72 21 31;https://bymascota.com/tiendas/tiendas-mascotas-sevilla/tienda-mascotas-sevilla-san-roque/;5;0;;
Educatodo Sonora/ Sucursal Colosio;Juguetería;Blvd. Luis Donaldo Colosio Murrieta 785-L 13;México;;+52 662 352 1445;;5;0;;
Paseos y Guardería de mascotas Dog walker and Dog sitter TORACANINA;Paseador de perros;Carrer de Ferran;08002 Barcelona;;623 44 89 12;https://beacons.ai/toracanina;5;0;;
Veterinaria;Hospital veterinario;Cdad. Juarez - El Porvenir 880;México;;+52 656 288 0595;;5;0;;
Gonzalo ciriza;Adiestrador canino;C. del Cocherón de la Villa, 11;28031 Madrid;;608 63 11 46;;5;0;;
AMPE Amigos Peludos;Adiestrador canino;C. del Dr. Ramón Castroviejo;28035 Madrid;;623 96 93 97;http://www.ampeamigospeludos.com/;5;0;;
Pipican de Parc Migdia (Parc per a gossos);Parque para perros;Carrer Barcelona, 75;17003 Girona;;;;5;0;;
Adiestracan San Ignacio;Adiestrador canino;;;;613 95 78 34;https://www.adiestracansanignacio.es/;5;0;;
Ximena leon peluqueria estética canina;Peluquero de mascotas;Rambla Catalana, 53;Barcelona;;678 02 21 14;https://www.instagram.com/ximena.leon_dog_groomer?igsh=NWZyY3Awdml0Mzhj;5;0;;
Adiestramiento canino YunDog;Adiestrador canino;C. Bambú, 1, D;Murcia;;653 19 49 79;https://www.yundog.es/;5;0;;
Wiitbuckater caniches;Perrera;Carrer de Vicente Payà, 7;Alicante;;;;5;0;;
ADIESTRADOR EDUCADOR CANINO EN VIGO 🐾 Cuidando de tu mejor amigo 🐾;Adiestrador canino;Santiago de Ribarteme;Pontevedra;;653 99 74 70;https://sites.google.com/view/cuidandodetumejoramigo/home;5;0;;
Criadero de Mascotas Kosai;Criador canino;CA-31, 28;Sevilla;;601 54 55 73;https://sites.google.com/view/criadero-de-mascotas-kosai/quienes-somos?authuser=3;5;0;;
KINDERPET;Cuidador de mascotas;Coahuila 104;México;;+52 871 211 0621;https://www.instagram.com/kinderpet.mx;5;0;;
Educador de Perros;Adiestrador canino;C. Hermanos del Moral, 28;Madrid;;678 88 55 75;https://www.educadordeperros.es/;5;0;;
BroCan Adiestramiento Canino;Adiestrador canino;C. Cam. del Agua, 741;Sevilla;;676 98 61 49;https://www.instagram.com/brocan_adiestramiento/profilecard/?igsh=MTFibXhlNjI5ZGhjdA==;5;0;;
Selcan ( Centre Caní la Selva);Guardería canina;Carr. Vella de Riudarenes;Girona;;606 77 64 65;;5;0;;
Peluquería canina El Perro Barbero;Peluquero de mascotas;C. Pío XII, 28;30012 Murcia;;603 27 85 06;;5;0;;
Pawsy;Guardería canina;C. Proyecto 3 Rincons, 12;Valencia;;;;5;0;;
parque concordia;Parque;Av. Concordia & Av las Palmas 66612;México;;;;5;0;;
Good boy Academy;Adiestrador canino;C. de Rodríguez Marín, 52;28002 Madrid;;647 45 02 10;https://goodboymedia.es/;5;0;;
V;Médico;plaza punto bilbo local 1, Las Quintas;México;;+52 871 156 1620;http://www.facebook.com/encias.medicasvetrinarias;5;0;;
La Bañera Mágica (Autolavado de Mascotas);Peluquero de mascotas;Calle Padre Manjón, 20;47012 Valladolid;;657 74 76 94;https://www.instagram.com/autolavadomagico?igsh=MXJuMmtnczFhMzFwOQ==;5;0;;
Ohana, productos para mascotas-Semilleria.;Tienda de productos para mascotas;C. Parque de Grazalema, 5;41015 Sevilla;;854 64 36 56;;5;0;;
OXXO Palma Dorada NOG;Tienda de productos para mascotas;Bvld. Las Torres, Torres 258;México;;+52 81 8320 2020;https://www.oxxo.com/?utm_source=google&utm_medium=organic&utm_campaign=gbp;5;0;;
Hotel para Tu Dog;Hotel;Plaça del Sainetista Arniches, 1-7;Valencia;;652 04 43 50;https://hotel-para-tu-perro-valencia.eatbu.com/;5;0;;
TIZA’S;Adiestrador canino;;;;609 83 60 82;https://www.tizastrainer.com/;5;0;;
Peluquería Canina Xiros;Peluquero de mascotas;Cam. Viejo de Simancas, 12;47008 Valladolid;;983 44 45 02;;5;0;;
Pet Shopping;Tienda de productos para mascotas;C. González Besada, 47;Asturias;;684 66 56 92;http://www.petshopping.es/;5;0;;
Parque Canino Bendinat;Parque;Carrer Upt4-P1;Illes Balears;;;;5;0;;
Perro de 10;Adiestrador canino;;;;611 73 48 66;https://adiestra.homiaweb.com/;5;0;;
Oreka - Txakur Heziketa / Educación canina;Adiestrador canino;Begoñalde Etxetaldea, 4;Bizkaia;;688 68 58 36;https://www.instagram.com/orekatxakurheziketa/;5;0;;
Refugi d'animals del Pla de l'Estany;Refugio para animales;Carrer de Puigpalter;Girona;;639 38 25 85;https://adoptaplaestany.cat/;5;0;;
SantosBichos Triana | Tienda de mascotas;Tienda de animales;C. Trabajo, 37;41010 Sevilla;;673 76 67 14;;5;0;;
Lovedog Barber;Peluquero de mascotas;Blas de Otero Kalea, 2A;Bizkaia;;614 27 23 15;;5;0;;
Fieras Adiestramiento;Adiestrador canino;Carrer de Roc Boronat, 5;08005 Barcelona;;722 33 83 67;http://fierasadiestramiento.org/;5;0;;
ANACP;Adiestrador canino;C. Damaso Alonso, 12;Murcia;;968 80 05 89;https://anacpp.es/;5;0;;
Adiestrador de Perros – K-9 Stan;Adiestrador canino;Carrer d'Ercilla, 18, Sotano 1a;08041 Barcelona;;+7 925 843-78-88;https://www.instagram.com/k9stan/;5;0;;
Actividades Caninas YouCan;Entrenador de mascotas;C. la Lista de Schindler, 39, Loc 3;50019 Zaragoza;;645 84 09 34;http://www.youcan.es/;5;0;;
Clínica Veterinaria Madrid;Hospital veterinario;Mina La Trinidad 1700;México;;+52 614 203 4156;https://www.facebook.com/share/1CwAEWRmCH/?mibextid=LQQJ4d;5;0;;
PerroTop;Adiestrador canino;;;;;http://www.perrotop.com/;5;0;;
Adiestramiento canino M.L.;Adiestrador canino;;;;633 73 53 29;;5;0;;
Grandes Metas;Adiestrador canino;C. Ugena, 3;28025 Madrid;;658 11 44 26;https://grandesmetas.com/;5;0;;
Veterinaria doggycare;Veterinario;Calle Ramírez, Blvd. Zaragoza 6959;México;;+52 614 246 9010;https://facebook.com/61568241436519;5;0;;
Dakan Educación Canina;Adiestrador canino;C. Jalea, 5;Málaga;;615 83 47 02;;5;0;;
Parque para perros;Parque para perros;L'Olivereta;Valencia;;;;5;0;;
Bunnie Michi House Guardería de conejos, cobayas y pequeños roedores 🐰🐹;Cuidador de mascotas;;;;;https://instagram.com/bunnie.michi_house?igshid=MzRlODBiNWFlZA==;5;0;;
Ohana Pets;Peluquero de mascotas;Carrer de Montbò, 2;17007 Girona;;633 59 88 32;;5;0;;
Lindogs & Cats;Peluquero de mascotas;C. Elche, 1;50002 Zaragoza;;695 51 33 99;;5;0;;
Citydog Somontes;Guardería canina;Carr Madrid-El Pardo, Km. 3;28035 Madrid;;654 98 77 77;https://citydogmadrid.com/guarderia-canina-somontes;5;0;;
Adiestrador canino joel llorente;Adiestrador canino;Partida Valverde Bajo;Alicante;;643 50 26 68;;5;0;;
Kyro - Adiestradora de perros;Adiestrador canino;;;;637 86 91 60;;5;0;;
DOC4DOGS;Adiestrador canino;Puerto Gomez;Málaga;;642 50 00 97;http://doc4dogs.eu/;5;0;;
Centre caní Ànimanimal;Adiestrador canino;Vial camino, 14;Girona;;664 62 47 15;https://www.animanimal.net/;5;0;;
Tis-Vet Veterinaria;Veterinario;Paseo Ignacio Zaragoza 1903;México;;;;5;0;;
exervet;Veterinario;;;;683 59 16 74;;5;0;;
Coquetes;Peluquero de mascotas;Carrer Joan Muntaner i Bujosa, 35;Illes Balears;;644 25 55 65;;5;0;;
Residencia Canina Payá Pau;Criador canino;Partida el volaor, 46B;Alicante;;661 66 99 90;https://centrocaninoguauguaus.com/servicios/;5;0;;
Wag & Roll;Guardería canina;C. de Toledo, 166;28005 Madrid;;613 92 84 49;https://www.wagandroll.com/;5;0;;
Interzoo Sevilla;Tienda de productos para mascotas;C. París, (localA;41012 Sevilla;;699 24 78 08;http://www.interzoo.es/;5;0;;
Balanced Dogs Mallorca Adiestramiento Canino;Adiestrador canino;Av. Mexico;Balearic Islands;;661 15 09 72;https://balanced-dogs-mallorca-adiestramiento-canino.ueniweb.com/?utm_campaign=gmb;5;0;;
Doggyperretes;Guardería canina;C. de Virgen de Nuria, 5, Loc 3 Esquina;28027 Madrid;;633 04 23 86;;5;0;;
Peluquería canina Murcia Patitas Felices;Peluquero de mascotas;C. Cuatro Caminos;Murcia;;614 50 33 01;;5;0;;
Casa rural Torre de Can Puig;Vil·la;Disseminat de Sant Daniel, 9;17007 Girona;;;https://www.torredecanpuig.com/;5;0;;
Polar Peluquería Canina;Peluquero de mascotas;C. de Trueba y Fernández, 7;28016 Madrid;;689 40 68 04;;5;0;;
Maserof Kennels, Dog Hotel;Perrera;Camino Fondo Varo 1, Maserof;Alicante;;689 12 90 61;https://costablancakennels.com/;5;0;;
Pelukiara Canina;Peluquero de mascotas;Carrer d'Arimon, 16;08022 Barcelona;;638 93 27 32;https://instagram.com/pelukiaracanina?igshid=YmMyMTA2M2Y=;5;0;;
Más psicología y menos chuchería.Etología, Educación y Adiestramiento Canino;Adiestrador canino;Plaça del Doctor Fleming, 2;Alicante;;684 76 00 95;;5;0;;
Crematorio de Animales Santa María de Guía / Petsky;Servicio de cremación;Diseminado Barranco Hondo, 6;Las Palmas;;649 49 88 47;http://www.petsky.es/;5;0;;
K9 SportDogs;Club deportivo;Cam. de la Horna;Alicante;;649 02 83 83;https://juanjok9.com/;5;0;;
TanderCan;Adiestrador canino;;;;656 96 23 27;https://www.tandercan.com/;5;0;;
Ulver canine club - Dog training;Adiestrador canino;Carrer de la Concòrdia;08004 Barcelona;;602 46 10 33;http://www.ulvercanineclub.com/;5;0;;
La Perricueva;Guardería canina;;;;677 30 00 37;https://www.instagram.com/laperricueva.bcn?igsh=ZjF6MTZycXdoYmt6;5;0;;
Gos-SOS Adiestrador canino en Barcelona;Adiestrador canino;Pg. de la Bonanova, 34;08022 Barcelona;;691 76 62 32;https://www.gos-sos.com/;5;0;;
Sapiens Dog - Educación canina / Adiestramiento canino / Educación cachorros;Adiestrador canino;Carrer de Castanys, 27;08005 Barcelona;;633 51 50 85;http://www.sapiensdog.com/;5;0;;
Perruqueando;Peluquero de mascotas;Av. del Editor Ángel Caffarena, 25, Blq 5;29010 Málaga;;;https://www.instagram.com/perruqueandomlg?igsh=YTdvNThmOG4yanBh;5;0;;
Moni’s Clinica Veterinaria;Veterinario;C. Costa de Marfil 7014;México;;+52 656 703 2712;https://m.facebook.com/vetmonis/;5;0;;
La guardería de Vero 🐶💘🐱;Guardería canina;;;;603 25 57 07;;5;0;;
Parque para perros;Parque para perros;Calle Pai la Torre, 5J;Valencia;;;;5;0;;
Canevolution;Adiestrador canino;C9Q5+66;Valencia;;622 50 16 02;http://canevolution.com/;5;0;;
MiDoggie;Peluquero de mascotas;;;;619 02 60 26;https://www.midoggie.es/;5;0;;
Tidus Sniff-spot private dog park;Parque para perros;16510 Barcelona Dr;Estados Unidos;;+1 713-449-7335;https://www.sniffspot.com/to/AO7iaMhM;5;0;;
EntrePerros;Adiestrador canino;36863 Ponteareas;Pontevedra;;644 34 15 13;https://entreperros.infinityfree.me/;5;0;;
We Love Dogs LA;Guardería canina;5814 W 3rd St;Estados Unidos;;+1 323-532-6543;https://www.welovedogsla.com/;5;0;;
El Capricho Pet - Para tu Peludo... Con Amor;Tienda de alimentos para animales;Calle de Luisa Fernanda, 22;28008 Madrid;;919 39 44 02;https://www.instagram.com/elcapricho.madrid/;5;0;;
Tyara;Peluquero de mascotas;C. Antonio Martelo, 7, Loc comercial 8;29006 Málaga;;608 77 17 93;https://www.facebook.com/Sal%C3%B3n-de-Belleza-Canina-Tyara-100382428671625;5;0;;
Petsonaltrainer;Adiestrador canino;;;;645 62 03 99;https://www.petsonaltrainer.es/;5;0;;
RI-Hab Vet;Veterinario;San Francisco 4531;México;;+52 664 729 6736;https://www.instagram.com/rihabvet/;5;0;;
Parroquianos Barbería;Barbería;C. Florencio Quintero, 26 E;41009 Sevilla;;605 97 64 16;http://www.parroquianosbarberia.com/;5;0;;
Perriamigos Servicios Para Mascotas;Cuidador de mascotas;Plaça de l'Alqueria Nova, 7c;Valencia;;658 64 03 21;https://perriamigos.webnode.es/;5;0;;
Kaysuscan Training - Educación y Etología canina y felina;Adiestrador canino;;;;610 37 73 72;https://form.jotform.com/260746647306058;5;0;;
GLOBAL K9 INSTRUCTOR;Adiestrador canino;;;;631 71 73 52;https://www.instagram.com/miguel_sanchez_merenciano_garc/;5;0;;
Salón de Belleza Canino Yulia Shama;Peluquero de mascotas;Av. del General Avilés, 82, bajo;Valencia;;603 01 22 06;;5;0;;
Educación Canina UCan;Adiestrador canino;;;;638 11 74 73;;5;0;;
Adiestramiento Good Job;Adiestrador canino;C. de Illescas, 189, Loc 1;28047 Madrid;;653 85 83 22;https://adiestramientogoodjob.com/;5;0;;
XEQUEDOG!;Adiestrador canino;;;;618 03 57 66;https://xequedog.com/;5;0;;
Zona Canem;Guardería canina;C. del Gorrión, 61;28019 Madrid;;652 31 31 51;;5;0;;
Mimando su Pelo;Peluquero de mascotas;;;;;http://www.mimandosupelo.com/;5;0;;
ATV Girona;Veterinario;Carrer del Carme, 63;17004 Girona;;619 44 65 35;https://auxiliar-veterinaria.com/;5;0;;
K9 Personal Dog Trainer - Adiestrador canino Barcelona;Adiestrador canino;;;;640 19 43 48;https://www.k9personaldogtrainer.com/;5;0;;
Veterinaria González;Médico;Zaragoza 318;México;;;;5;0;;
La Oliva Peluquería Canina;Peluquero de mascotas;Rúa das Teixugueiras, 11, Loc 4;Pontevedra;;611 42 16 22;https://www.instagram.com/laolivavigo/;5;0;;
LvlUpDog;Adiestrador canino;Carrer de l'Esport, 16, 4-2, b;08950 Barcelona;;653 62 98 14;;5;0;;
Centro canino Los Árboles;Guardería canina;Diseminado Meroños, 170;Murcia;;614 16 65 19;http://centrocaninolosarboles.com/;5;0;;
Lily's Pets Guardería Canina;Guardería canina;C. de Embajadores, 124;28045 Madrid;;651 84 19 90;;5;0;;
Cat Sitter Barcelona | Guardería Felina 5 ⭐️;Cuidador de mascotas;Carrer de Lepant, 203;08013 Barcelona;;623 96 18 51;http://catsitterbcn.com/;5;0;;
Pakypet: peluquería y estética canina;Peluquero de mascotas;C. de Nicaragua, 20;28016 Madrid;;604 15 59 86;https://pakypetpeluqueriacanina.net/;5;0;;
Truco Canino - Educación y Adiestramiento;Adiestrador canino;Rúa Da Carrasqueira;Pontevedra;;606 38 57 16;http://www.trucocanino.com/;5;0;;
Educador Canino - Fali Nondedeu;Adiestrador canino;C/ d'Anselm Clavé, 99, oficina 11;Girona;;606 68 10 71;https://www.educadorcanino.es/;5;0;;
La Última de la Camada;Adiestrador canino;;;;654 02 04 16;;5;0;;
De Vil Salón Canino;Peluquero de mascotas;C. Emilio Alarcos Llorach, 4, bajo;Asturias;;604 97 02 62;https://instagram.com/devilsaloncanino?igshid=MjEwN2IyYWYwYw==;5;0;;
Peluquería Canina Patitas;Peluquería;Calle Arzobispo Guisasola, 5;Asturias;;675 88 67 42;;5;0;;
FielCan;Adiestrador canino;;;;669 40 24 70;https://adiestramientofielcan.com/;5;0;;
Centro Canino Contra la Contaminación S. de R.L. de C.V.;Adiestrador canino;32557 Juárez, Chih.;México;;+52 656 286 9750;http://centrocaninok9.com/;5;0;;
Criadero UKALKING;Criador canino;30813 Purias;Murcia;;;;5;0;;
educador canino montxo;Adiestrador canino;;;;616 82 83 04;https://educadorcaninomontxo.com/;5;0;;
Adiestrador Madrid;Adiestrador canino;Cl. de la Hacienda de Pavones, 244;28030 Madrid;;696 15 02 46;http://adiestradormadrid.es/;5;0;;
PETLUCHINES;Peluquero de mascotas;C. Conde de Benavente, 4;47003 Valladolid;;654 14 02 58;https://petluchines.es/;5;0;;
Canidos Training;Adiestrador canino;C. Cueva del Gato, 8, Blq 2, 4 c;41020 Sevilla;;605 91 47 11;http://www.canidostraining.com/;5;0;;
ESTÉTICA MASKOTAS;Peluquero de mascotas;;;;633 33 32 74;https://www.facebook.com/Estetica.Maskota/;5;0;;
Adiestramente | Adiestramiento Canino en Alzira;Adiestrador canino;;;;637 80 14 33;https://adiestramente.com/;5;0;;
Makaila Pet Shop | Tienda de Mascotas en Málaga;Tienda de productos para mascotas;Calle Pelayo, 1, Loc 6;29009 Málaga;;634 71 69 48;https://www.makailapetshop.com/;5;0;;
Cucos y Coquetos Peluqueria Canina;Peluquero de mascotas;C. Pintor Muñoz Barberán, 8;30120 Murcia;;624 89 15 23;;5;0;;
Dog Adventure - Actividades con perro en Madrid;Adiestrador canino;C. Angelillo;28018 Madrid;;686 64 36 81;https://dogadventure.es/;5;0;;
Crea CoCo;Adiestrador canino;46119 Nàquera;Valencia;;699 91 13 03;http://www.creacoco.net/;5;0;;
Estilismo Canino Bárbara Torres;;C. Andrés Bernáldez, 22;29010 Málaga;;;;5;0;;
TIERRAS DE FURIA;Adiestrador canino;V58W+Q5;14004 Córdoba;;671 35 45 50;;5;0;;
AmigoAnimal;Tienda de animales;Av. de Velázquez, 47;29003 Málaga;;952 61 84 54;;5;0;;
LAGUN ONAK pastelería y repostería natural para mascotas;Tienda de alimentación;Goienkale, 6;Bizkaia;;946 96 84 74;;5;0;;
Adiestramiento Canino Grupo GAL;;Av. 13 Ote. 3034;México;;+52 222 561 3475;;5;0;;
Mas Q Hocicos;Tienda de productos para mascotas;Iturribide Kalea, 84, Online;Biscay;;646 67 19 16;http://www.masquehocicos.com/;5;0;;
Warren;Peluquero de mascotas;Calle Almte., N° 2, Loc 5;29002 Málaga;;611 15 63 72;https://www.instagram.com/warren_pelucanina?igsh=MXQ1aHhnYXR1dGNydA==;5;0;;
Cognican;Adiestrador canino;;;;622 92 52 54;https://cognicanadiestramiento.com/;5;0;;
Border Collie Cima del Risal (visitas con cita previa);Criador canino;CV-411;Valencia;;684 33 38 04;http://cimadelrisal.com/;5;0;;
PERRONE TIENDA DE MASCOTAS AUTOLAVADO;Tienda de animales;C. Gral. Elizaicin, 47;03013 Alicante;;672 85 46 81;;5;0;;
Verde Lima - Educación y Rehabilitación Canina;Adiestrador canino;;;;626 78 29 06;;5;0;;
Caring Dog Luis montoto;Tienda de productos para mascotas;C. José María Moreno Galván, 2;41003 Sevilla;;854 72 81 87;http://www.caringdog.com/;5;0;;
El adiestrador de perros Barcelona;Adiestrador canino;Carrer de Ganduxer, 140;08022 Barcelona;;607 79 52 44;https://www.eladiestradordeperros.com/;5;0;;
Guaw Sevilla Higueron;Tienda de productos para mascotas;C. Caronte;41015 Sevilla;;604 55 52 00;https://www.guaw.com/;5;0;;
DogInStyle - Peluqueria Canina Malaga;Peluquero de mascotas;C. Calerito, 11, Local B377;29003 Málaga;;611 35 89 41;https://doginstyle.es/;5;0;;
Cientotrece Peluquería canina;Peluquero de mascotas;Pl. Joaquin Olmedo, 2;30157 Murcia;;611 83 27 60;https://instagram.com/cientotrece_pelucanina?igshid=NjIwNzIyMDk2Mg==;5;0;;
Artedog Vigo;Peluquero de mascotas;R. de Aragón, 149 - Interior, Local 1;Pontevedra;;674 28 42 78;;5;0;;
Paseador de perros y guardería canina Barcelona@Mascotafelizz;Cuidador de mascotas;Avinguda Meridiana, 40, Entresuelo2 izquierda;08018 Barcelona;;602 46 75 75;https://sites.google.com/view/mascotafelizz/inicio;5;0;;
Adiestrador y educador canino Camacho;Adiestrador canino;;;;671 71 96 36;http://adiestrarperrosmalaga.com/;5;0;;
tactical dog valencia;Adiestrador canino;Carrer d'Esteve Ballester;Valencia;;641 50 28 72;http://www.tacticaldogvalencia.es/;5;0;;
Athoscan educación canina;Adiestrador canino;C. Navas de Tolosa, s/n;Sevilla;;639 66 31 52;https://www.athoscaneducacioncanina.com/;5;0;;
Adiestramiento Canino en Valencia - Dos Adiestramiento;Adiestrador canino;;;;623 95 35 07;https://dosadiestramiento.com/;5;0;;
Peluquería y estética canina Laika;Peluquero de mascotas;C. Mayor, 89;30158 Murcia;;681 90 92 60;;5;0;;
Mundogatuno;Peluquero de mascotas;C. Eugenio Oneguin, 10 bis;29006 Málaga;;665 81 37 89;;5;0;;
Etólogo canino en Madrid Iván García;Adiestrador canino;;;;693 46 52 68;https://etologiaivangarcia.wixsite.com/etologocanino;5;0;;
Hammam Dog's;Guardería canina;C. Valdés Leal, 2;14003 Córdoba;;614 27 34 27;;5;0;;
Narú adiestramiento canino;Adiestrador canino;;;;;;5;0;;
MASCOTES TRAMUNTANA;Criador canino;Barri La Pobla, 9;Girona;;613 00 99 99;https://mascotastramuntana.com/;5;0;;
Guarderia Canina La Casa de Las Chicas;Cuidador de mascotas;;;;+54 351 240-2857;https://www.instagram.com/guarderia.lacasadelaschicas?igsh=MTBqdzBzdXlxaHo3ag==;5;0;;
PasseigxBarcelona;Cuidador de mascotas;08006;08036 Barcelona;;;https://passeigxbarcelona.com/;5;0;;
Dog Balancing Hotel;Perrera;2351 103rd Ave;Estados Unidos;;+1 510-415-6894;https://dogbalancing.com/;5;0;;
Guardería canina Creciendo Juntos;Guardería canina;29580 Estación de Cártama;Málaga;;;https://www.facebook.com/paseoscaninoscreciendojuntos;5;0;;
Veterinaria Barcelona;Hospital veterinario;Barcelona 8802;México;;+52 664 635 3779;https://www.facebook.com/people/Veterinaria-Barcelona-Tijuana/100063856909588/;5;0;;
Criador y Adiestrador canino Entreboxer;Adiestrador canino;C. Trascorrales, 11;Sevilla;;686 22 26 47;http://www.entreboxer.es/;5;0;;
Casa Amigos de Gofio;Servicio de embarque de mascotas;C. Secretario Padilla, 62;Las Palmas;;;;5;0;;
Vinculados Educación Canina;Adiestrador canino;Av. la Aeronáutica, 2;41020 Sevilla;;679 88 93 21;http://www.vinculados.es/;5;0;;
Las Hoyuelas Residencia Canina;Cuidador de mascotas;Paraje El Jabonero, s/n;Murcia;;679 56 20 87;http://www.residenciacaninalashoyuelas.com/;5;0;;
DeAnimals | Derecho Animal;Centro de formación;Edificio CIM;Murcia;;;https://www.deanimals.com/;5;0;;
MICAN Adiestramiento Canino;Adiestrador canino;C. de Alfonso XII, 66;28014 Madrid;;655 10 47 97;https://micanadiestramiento.es/;5;0;;
WOF;Tienda de productos para mascotas;Av. de la Region Murciana, 71, bajo;30011 Murcia;;608 08 33 23;https://www.ilovewof.com/;5;0;;
actuarperro Adiestramiento Canino Profesional;Adiestrador canino;Av. de Colmenar Viejo, 25;Madrid;;611 15 58 29;http://www.actuarperro.com/;5;0;;
Peluquería Canina Daniela;Peluquero de mascotas;C. de la Virgen de la Roca, 35;28027 Madrid;;603 13 83 95;https://business.google.com/v/_/09953497062888361850/c1bb/_?caid=21291795341&agid=161650291359&gclid=CjwKCAjwsZPDBhBWEiwADuO6y2FuzvVVJf4VSdg6I-Kr6GRENf2jSCjUcKCcPTVzsoEL9hgs2NnkyxoCDtYQAvD_BwE&gad_source=6&gad_campaignid=21291795341&gbraid=0AAAAA9qsbww1sgIHYBv3gHW3S4FvV8els;5;0;;
MyPu - Manos y Patas unidas;Asociación u organización;;;;621 06 26 43;https://www.mypu.es/;5;0;;
Masdog Educación Canina;Adiestrador canino;Partida Vallongas, 35;Alicante;;633 06 34 89;https://masdog.webnode.es/;5;0;;
Txukunpet Peluqueria Canina;Peluquero de mascotas;Kalea Manuel Allende, 15;Bizkaia;;946 85 55 69;;5;0;;
Residencia Canina;Peluquero de mascotas;C. Sta. Lucía, 68;Sevilla;;954 14 12 35;;5;0;;
EDUCANES Adiestramiento Canino en Puebla;Adiestrador canino;;;;+52 222 207 7410;;5;0;;
Adiestrador Canino Javier Balebona;Adiestrador canino;;;;652 81 30 71;https://www.lasonrisapeluda.org/;5;0;;
CHOCO CBD;Grow Shop;C. Dársena, 13;47009 Valladolid;;669 74 05 97;https://chococbdshop.com/;5;0;;
Burbuja Pet Shop y Peluquería Canina;Tienda de productos para mascotas;Cra. 80f #9-75;Colombia;;+57 321 3258756;;5;0;;
Centro Canino Tindara;Guardería canina;Montaña de Guia, 78;Las Palmas;;620 12 10 18;;5;0;;
CanyWolf;Adiestrador canino;;;;680 21 80 57;;5;0;;
Clínica Veterinaria S'Arenal;Veterinario;Carrer de Joan Homs, 11;Illes Balears;;971 49 01 53;https://www.instagram.com/vetarenal/;5;0;;
Centro de Bienestar Animal;Refugio para animales;;;;675 20 20 02;http://www.centrodebienestaranimal.es/;5;0;;
Petstyle House;Peluquero de mascotas;Av. Padre Vinjoy, 6;Asturias;;674 86 91 38;;5;0;;
DOGTM;Adiestrador canino;Cortijo Campillo, Parcela 120 Polígono 14, Entrerrios;Málaga;;670 60 41 72;;5;0;;
X;Guardería canina;C. de Blasco de Garay, 75;28003 Madrid;;;;5;0;;
LA CORREA alimentos para mascotas y más;Tienda de productos para mascotas;Banámichi;México;;;;5;0;;
Haciendo vinculo;Adiestrador canino;C/ de Muntaner, 450;08006 Barcelona;;667 35 89 77;https://www.instagram.com/haciendovinculo/;5;0;;
Con Pelos y a lo Loco;Peluquero de mascotas;C. del Conde de Ribadeo, 7;47003 Valladolid;;626 62 92 57;;5;0;;
Dami - Gidican, Centre d'educació canina (Banyoles);Adiestrador canino;Carrer de Puigpalter, 59;Girona;;622 00 77 48;https://alisagr.com/gimnas-cani-indoor-banyoles/;5;0;;
Hotel Mascotas Peludetes San Vicente del Raspeig;Guardería canina;Partida;Alicante;;688 70 53 94;;5;0;;
Goscandog. Macarena Medina.;Adiestrador canino;C. de la Encomienda de Palacios;28030 Madrid;;691 47 69 30;http://www.goscandog.com/;5;0;;
Asociación Fortuna Canina;Adiestrador canino;Camino Senda Enmedio, Parcela - 200;Murcia;;625 87 86 63;;5;0;;
Escuela Canina GADI;Adiestrador canino;Carrer Tomas Capelo, 7, 4to Izq;Alicante;;681 62 58 11;https://adiestramientogadi.com/;5;0;;
Patitas Clínica Veterinaria 🐾❤️;Veterinario;27277;México;;+52 871 172 5152;;5;0;;
CUIDADO CANINO FAMILIAR Y CUIDADOS A DOMICILIO KANDARA J&M;Guardería canina;C. Barranco;Valencia;;635 63 36 43;;5;0;;
General Dog;Adiestrador canino;C. del Valle de Broto;50018 Zaragoza;;670 31 76 64;http://www.generaldog.es/;5;0;;
Fisiovet Mallorca;Veterinario;Carrer Vasco Da Gama, 5;Illes Balears;;606 50 16 88;http://www.fisiovetmallorca.com/;5;0;;
Gesforvet;Cuidados veterinarios;Pje. Esperanto, 1;29007 Málaga;;952 39 17 90;http://gesforvet.com/;5;0;;
Dilo Ladrando;Adiestrador canino;;;;644 80 41 00;http://www.diloladrando.com/;5;0;;
Animal Care Medicina Veterinaria Especializada;Veterinario;Tabasco 437 casi esquina Zaragoza;México;;+52 644 119 3662;https://www.facebook.com/AnimalCareMedicinaVeterinariaEspecializada;5;0;;
Mapache Dog House;Peluquero de mascotas;Plaza Preciosa;30008 Murcia;;659 41 24 49;https://www.instagram.com/mapachedoghouse/;5;0;;
La Patita Presumida;Peluquero de mascotas;C. Augusto Junquera, 4;Asturias;;602 04 12 13;;5;0;;
Lucky dog training Valencia;Adiestrador canino;Carrer de Dòmenech de Gamieta, 95;Valencia;;614 67 24 50;;5;0;;
Residencia Canina Málaga Can Resort;Adiestrador canino;Cam. Lo Cotta, 1;Málaga;;664 49 01 68;http://www.canresort.com/;5;0;;
Jorge Bretón veterinario a domicilio;Veterinario;Calle Universidad, 11;Murcia;;639 63 94 31;http://www.breton-ambiental.es/veterinario;5;0;;
Bastian, adiestramiento canino;Entrenador de mascotas;Partida Germanells, S/N, Parcela 41;Valencia;;663 89 73 06;https://adiestradorvalencia.com/;5;0;;
Canikos Guardería Canina;Guardería canina;;;;603 04 43 06;https://instagram.com/pedroenriquecaris?utm_source=qr&igshid=ZDc4ODBmNjlmNQ%3D%3D;5;0;;
Ecopet Gourmet;Tienda de alimentos orgánicos;P.º Reding, 6;29016 Málaga;;693 42 52 47;https://guiademalaga.net/ecopet-gourmet-malaga/;5;0;;
PROFEDOG;Adiestrador canino;C/ del General Bonanza;Alicante;;644 76 03 40;https://www.profedogalicante.com/;5;0;;
Resortcan El Olivar;Guardería canina;Polígono 2;Alicante;;722 49 36 91;;5;0;;
Clínica Veterinaria Limonar;Veterinario;P.º de Sancha, 60;29016 Málaga;;951 70 23 35;http://www.clinicaveterinarialimonar.com/;5;0;;
Centro Veterinario Domínguez;Hospital veterinario;Blvd. Zaragoza 2021;México;;+52 656 207 0523;;5;0;;
Dogue Estilismo Canino;Peluquero de mascotas;Music Rodrigo;Valencia;;611 89 88 91;https://doguestilismo.com/;5;0;;
Andrea's Animal Rescue & The Henrietta Foundation;Servicio de rescate de animales;V5P6+9QX;Murcia;;690 90 65 65;https://andreasanimalrescue.com/;5;0;;
Thais Laespada Educadora Canina;Adiestrador canino;;;;656 78 55 09;https://www.thaislaespada.com/;5;0;;
OXXO La Madrid LOV;Tienda de productos para mascotas;La Madrid Y Carretera Sabinas 205 Abasolo, Francisco I. Madero Supermanzana Y;México;;+52 81 8320 2020;https://www.oxxo.com/?utm_source=google&utm_medium=organic&utm_campaign=gbp;5;0;;
María y Lucía B&B;Hotel;C. de López Botas, 26;Las Palmas;;620 81 28 45;https://www.booking.com/hotel/es/casa-maria-las-palmas-de-gran-canaria1.en.html?aid=2267672&no_rooms=1&group_adults=2;5;0;;
Maison Lia - Peluqueria Canina & Concept Store;Peluquero de mascotas;Av. de Portugal, 173;28011 Madrid;;614 88 17 03;https://maisonliamadrid.com/;5;0;;
CuidoTuPerroElche;Cuidador de mascotas;Partida Perleta;Alicante;;626 69 70 53;https://cuidotuperroelche.carrd.co/;5;0;;
Kukies peluquería canina y felina;Peluquería;Carrer de Bartomeu Sureda i Miserol, 1;Illes Balears;;619 57 56 24;https://peluqueriacaninayfelinakukies.es/;5;0;;
Asociación VICAF (Vida en el Campo, Caballo Feliz);Asociación u organización;Plaça Numero 7, 448;Valencia;;622 52 26 04;https://www.asovicaf.com/;5;0;;
Tu Guía Canino;Adiestrador canino;;;;610 76 97 80;https://tuguiacanino.com/;5;0;;
La Gosseta Presumida;Peluquero de mascotas;Carrer Josep Fàbrega i Pou, 7-9;Girona;;679 25 10 18;;5;0;;
cristina educadora canina;Adiestrador canino;;;;634 94 48 11;;5;0;;
Centro canino Mi Compi de Vida SL;Adiestrador canino;GC-41, 32;Las Palmas;;668 51 34 03;https://micompidevida.com/;5;0;;
JUANITO's PETS;Peluquero de mascotas;Carrer de son Espanyolet, 15, Loc 2;Balearic Islands;;614 04 89 45;https://www.instagram.com/juanitos_pets;5;0;;
Idioma Perruno | Educación Canina Elche;Adiestrador canino;;;;611 98 04 38;https://www.idiomaperruno.com/;5;0;;
La Sonrisa del Perro;Adiestrador canino;C. de Arturo Soria, 55;28027 Madrid;;689 87 54 72;https://lasonrisadelperro.es/;5;0;;
Fanypets Estética canina;Peluquero de mascotas;Av. das Camelias, 1, Loc 5;Pontevedra;;681 87 37 36;;5;0;;
Coqui Vega;Adiestrador canino;;;;;http://www.coquivega.com/;5;0;;
Urban Doggy Peluquería y Estética Canina;Peluquero de mascotas;Norte;41008 Sevilla;;614 61 78 38;https://www.instagram.com/urbandoggy_esteticacanina;5;0;;
Santuario Canino;Adiestrador canino;;;;666 92 08 77;https://santuariocanino.pro/;5;0;;
Elena Castillo;Peluquero de mascotas;C/ de Jaume Vidal Alcover;Illes Balears;;670 36 18 89;;5;0;;
Víctor Herrera Adiestramiento DogDana;Adiestrador canino;C. los Andes;Las Palmas;;685 56 24 83;;5;0;;
MurciaSportcan;Guardería canina;Lugar Campotejar Alta, 132;Murcia;;627 92 99 30;;5;0;;
MasterDog Valencia;Adiestrador canino;;;;655 43 13 01;http://www.masterdog.es/;5;0;;
Entre pelos y ladridos;Adiestrador canino;;;;606 20 64 62;;5;0;;
Pet Grooming Florida;Peluquero de mascotas;1794 Pasture Lp;Estados Unidos;;+1 407-641-2028;https://www.petgroomingflorida.com/;5;0;;
Equilibrio Animal - Educación Canina;Adiestrador canino;;;;;https://equilibrioanimal.es/;5;0;;
VidaDeCan;Adiestrador canino;Cam. la Perlilla, 5;Málaga;;617 72 15 51;https://www.vidadecan.com/;5;0;;
Veterinario a domicilio Javier;Veterinario;;;;657 89 72 72;http://www.veterinarioadomiciliojavier.es/;5;0;;
MangoMelon Peluquería Canina;Peluquero de mascotas;Baixada de la Plana, 25, Loc;08032 Barcelona;;614 41 63 82;;5;0;;
Proyecto Burruticas;Protectora de animales;;;;644 24 90 58;http://www.burruticas.com/;5;0;;
Happygossos;Adiestrador canino;;;;697 23 74 10;https://happygossos.com/;5;0;;
Gentle Farewells - Mobile Vet In-Home Euthanasia Service;Veterinario;Geneva Dr;Estados Unidos;;+1 407-204-9824;https://www.gentle-farewells.com/;5;0;;
UCECAN - Escuela de Adiestradores Caninos Profesionales;Adiestrador canino;Astintze Kalea, Nº6A 2ª planta. OFICINA 207;Biscay;;623 93 00 65;https://ucecan.com/;5;0;;
SCOOBYSFARMA;Tienda de productos para mascotas;C. José Tejero "El Guarda'', nº 1;Córdoba;;672 08 91 81;https://www.scoobysfarma.es/;5;0;;
La Huella de Mico;Adiestrador canino;Av. Sevilla;Sevilla;;624 49 20 02;https://www.lahuellademico.com/;5;0;;
El Naranjo de Carlota;Guardería canina;;;;622 58 91 99;https://www.facebook.com/naranjodecarlota/;5;0;;
Saltando Hormigas;Tienda de productos para mascotas;Calle Emigrante, 3, 1 D;30009 Murcia;;627 76 80 17;;5;0;;
Sunbeam Dog Training & Behaviour;Adiestrador canino;Postal address: Camino de Magiaza Buzón 102;Málaga;;711 01 33 71;https://sunbeamdogtraining.com/;5;0;;
Acaracán Adiestramiento Canino;Adiestrador canino;Cmo. da Gándara, 73;Pontevedra;;629 80 42 22;https://www.acaracan.es/;5;0;;
ADIESTRAMIENTO CANINO - CLUB CAN LOS PALACIOS;Adiestrador canino;SE-9020;Sevilla;;633 61 71 76;https://www.clubcan.es/;5;0;;
Adiestramiento canino Mario Lanero;Adiestrador canino;Carrer de Fastenrath, 8;08035 Barcelona;;661 40 33 79;http://www.mariolanerodogservice.com/;5;0;;
EUTANASIA PROFESIONAL A DOMICILIO MALLORCA - PALMAVET;Veterinario;C. de Manacor;Illes Balears;;642 24 01 02;https://www.palmavet.es/;5;0;;
Guaw Zubiarte;Tienda de alimentos para animales;C.C. Zubiarte;Biscay;;944 77 03 90;https://guaw.com/?utm_source=google&utm_medium=gmb&utm_campaign=cc-zubiarte-bilbao;5;0;;
La Mirilla Canina - Escuela de adiestramiento;Adiestrador canino;Calle Sector ZR4;Murcia;;;;5;0;;
La tienda de las mascotas;Tienda de alimentos para animales;Carr. de la Fuensanta, 206, bajo;30012 Murcia;;606 91 15 20;https://www.latiendadelasmascotas.com/;5;0;;
Pelucos Peluqueria Canina;Servei de cura d'animals de companyia;C/ del Doctor Zamenhof, 21;Valencia;;637 61 30 71;;5;0;;
Indomable;Tienda de productos para mascotas;Santiago Brouard Kalea, 5;Bizkaia;;689 55 60 82;https://indomablestore.com/;5;0;;
Peluquería Canina Bel's Bella Can;Peluquero de mascotas;Carrer de Joan Homs, 11;Illes Balears;;648 63 67 68;;5;0;;
Garra Libre;Adiestrador canino;;;;689 96 47 73;http://www.garralibre.es/;5;0;;
Northai Del Levante Adiestramiento canino;Adiestrador canino;Paraje Los Mariquitas Pol. 9;Murcia;;638 42 82 07;;5;0;;
En Buenas Manos Hotel Resort Canino;Cuidador de mascotas;Partida Sol de Camp, 267;Alicante;;633 32 22 48;;5;0;;
Espevet Referencia Veterinaria;Veterinario;Carrer de Cala Blanca, 11;Illes Balears;;971 57 83 43;http://www.espevet.com/;5;0;;
Gualia;Adiestrador canino;Ctra. de Cártama, 44;Málaga;;657 34 85 44;https://www.instagram.com/gualia.pets?igsh=dmgwcjZkNHlkZGUx&utm_source=qr;5;0;;
Bilbocan;Adiestrador canino;;;;637 41 65 75;http://facebook.com/bilbocan;5;0;;
PerrosXpert Guarderia y Adiestramiento Canino;Adiestrador canino;C. de Manacor, 36;Illes Balears;;624 07 36 79;https://perrosxpert.com/;5;0;;
Peluquería Canina Animals&co;Cuidador de mascotas;Av. Pintor Baeza, 7, Loc 4;03010 Alicante;;614 05 00 29;http://animalsandco.es/;5;0;;
Truco360. Adiestramiento canino en Barcelona.;Adiestrador canino;;;;630 75 80 92;http://www.truco360.com/;5;0;;
Educació Canina David Rodríguez;Adiestrador canino;Carrer de Josep Pla, 9, bajo 1;Girona;;;;5;0;;
Zubiondo;Guardería canina;Aresti Bidea, 68;Bizkaia;;686 76 87 46;https://zubiondo.webnode.es/;5;0;;
mercado mazcotas;Tienda de productos para mascotas;Zaragoza 205;México;;+52 878 210 0808;;5;0;;
Don Bigotes;Adiestrador canino;;;;633 91 84 07;https://www.donbigotes.es/;5;0;;
ALAI HOME – Educación y Deporte Canino;Adiestrador canino;;;;634 63 62 38;http://alaihome.com/;5;0;;
Mimos groom;Peluquero de mascotas;Julio Lazúrtegui Plaza, 6;Bizkaia;;683 25 95 25;;5;0;;
Spa De Mascotas Sagrada Familia;Peluquero de mascotas;Carrer de Mallorca, 476;08013 Barcelona;;606 43 61 00;http://mypetitbaby.booksy.com/a/;5;0;;
Adrian Hernández Asesor En Comportamiento Canino;Adiestrador canino;;;;+52 81 2353 9699;;5;0;;
EOS Estilista canina;Peluquero de mascotas;C. Islas Canarias, 99;Biscay;;674 76 47 85;http://www.elisaoses.com/;5;0;;
acercan94;Adiestrador canino;C. 136, 4;Valencia;;661 94 92 79;http://www.acercan.com/;5;0;;
Canem studio k9 Adiestramiento canino;Adiestrador canino;;;;633 80 13 41;;5;0;;
ANIMEL;Guardería canina;C. Fortuna, 12;28011 Madrid;;614 73 82 92;http://www.animel.es/;5;0;;
Solcan Peluquería Canina;Peluquero de mascotas;C. de Ginzo de Limia, 46;28029 Madrid;;681 34 92 13;;5;0;;
Adiestramiento Altea;Adiestrador canino;;;;680 40 79 07;https://instagram.com/adiestramiento_altea?igshid=YmMyMTA2M2Y=;5;0;;
PELUQUERIA CANINA PEQUEÑOS ÁNGELES;Peluquero de mascotas;Carrer de Sardenya, 516;08024 Barcelona;;631 75 39 79;;5;0;;
Campo valeria;Guardería;5000;Argentina;;+54 351 707-1687;;5;0;;
Adiestramiento canino Sergio Teig;Adiestrador canino;C. Blas de Lezo, 17;29011 Málaga;;697 44 77 30;http://www.sergioteig.com/;5;0;;
La Perrería - Adiestramiento y Educación Canina;Adiestrador canino;;;;615 52 34 43;http://www.laperreriaeducacioncanina.es/;5;0;;
ECANVAL - Educador Canino Valencia - Adiestramiento y excursiones;Adiestrador canino;Av. dels Germans Maristes, 28, Pta 61;Valencia;;655 25 41 54;https://www.educadorcaninovalencia.com/;5;0;;
SEMPRE FIEL. Adiestramiento Canino;Adiestrador canino;;;;691 80 11 43;https://www.instagram.com/iagoventura89?igsh=d3BpZ2t0ajk1bnBy;5;0;;
Animalons Montjuic;Tienda de animales;Ronda del Fort Roig, 21A;17007 Girona;;972 04 60 46;https://animalonsmontjuic.com/;5;0;;
Peluqueria móvil AmorPets;Peluquero de mascotas;;;;611 50 21 24;https://instagram.com/peluqueriamovilamorpets?igshid=YmMyMTA2M2Y=;5;0;;
Dogs&Guau;Adiestrador canino;C. de Pedro Rico, 13;28029 Madrid;;696 93 23 17;https://www.dogsandguau.com/;5;0;;
Conecta Con Tu Perro/ Educación Canina;Adiestrador canino;;;;662 41 73 42;https://www.conectacontuperro.com/;5;0;;
Sweet Dogs;Tienda de animales;Carrer Jordi Andreu Alcover, 12;Illes Balears;;622 32 45 78;;5;0;;
Hospital Veterinario Guasave;Veterinario;Ignacio Zaragoza 575;México;;+52 687 105 3856;;5;0;;
Every Dawg Has Its Day;Cuidador de mascotas;2407 E South St;Estados Unidos;;+1 407-757-3349;http://www.everydawghasitsday.com/;5;0;;
DOGGY peluquería canina;Peluquería;C. Marte, 1;47009 Valladolid;;676 99 11 79;http://doggyvalladolid.es/;5;0;;
Guarderia Canina;Guardería canina;Carrer Torrentó;Illes Balears;;;;5;0;;
Silvita Guau Guau;Adiestrador canino;C. Concepción, 132;29570 Málaga;;600 46 77 60;https://silvitaguauguau.wordpress.com/;5;0;;
Peluqueria canina duna&congui;Peluquero de mascotas;Ronda del General Mitre, 211;08023 Barcelona;;614 09 51 47;;5;0;;
VIP Petcare Vaccination Clinic;Veterinario;Located in Pet Supermarket;Estados Unidos;;+1 800-427-7973;https://locations.vippetcare.com/fl/oviedo/1080-alafaya-trail/1081/?utm_source=gbp&utm_medium=website_button&utm_campaign=gbp_website_clicks;5;0;;
Barf Dayana Rodríguez;Tienda de productos para mascotas;C. 5 de Febrero 1095-A;México;;+52 844 197 4542;;5;0;;
Laura Educadora Canina | Adiestramiento de perros en Barcelona;Adiestrador canino;;;;646 38 11 66;https://www.educadoracanina.com/;5;0;;
Granero y veterinaria DIRRO;Veterinario;5 de Mayo;México;;+52 665 799 2114;;5;0;;
WhiteFang Educación Canina - Luis Carlos Madroñal;Adiestrador canino;;;;645 62 29 27;https://whitefangeducacioncanina.com/;5;0;;
Roma adiestramiento;Adiestrador canino;Av. del Dos de Mayo;Madrid;;655 59 36 70;https://www.romaadiestramiento.com/;5;0;;
Adiestramiento Narices Humedas;Adiestrador canino;Av. dels Rasos de Peguera, 137, 1o 1a;08033 Barcelona;;674 59 60 58;;5;0;;
Pet Shop Boys Cuidado y Bienestar de Mascotas - El Club;Guardería canina;Calle de San Pol de Mar, 9;28008 Madrid;;607 85 75 77;;5;0;;
Tu ladrido y mi voz - Educación y adiestramiento canino;Adiestrador canino;Plaça alfons comi;08023 Barcelona;;625 20 96 13;http://tuladridoymivoz.es/;5;0;;
Educador Canino Conductadogs Valencia;Adiestrador canino;;;;671 02 68 04;https://conductadogs.com/;5;0;;
Zona ZECA - Parque Canino;Parque;Av. de Murcia, 25;Murcia;;;;5;0;;
Parque para perros;Parque para perros;796-Caracas;Balearic Islands;;;;5;0;;
Adiestrador Canino Barcelona | Personal Trainer Dog;Adiestrador canino;Carrer d'Entença, 151, Loc 1;08029 Barcelona;;640 19 43 48;http://www.personaltrainerdog.com/;5;0;;
Adiestramiento Dogguau Bilbao;Adiestrador canino;Zamakola Kalea, 84;Biscay;;626 72 56 06;https://dogguaubilbao.blogspot.com/;5;0;;
GDOG.Trainerpro;Adiestrador canino;Passeig de les Palmeres, 13;Valencia;;623 95 35 07;http://www.gdogtrainerpro.com/;5;0;;
Zafiro Protectora;Protectora de animales;;;;644 64 36 73;http://www.zafiroprotectora.com/;5;0;;
Adiestrador canino a domicilio | Huella consciente;Adiestrador canino;P.º de Extremadura, 298;28011 Madrid;;651 64 22 15;https://huellaconsciente.es/;5;0;;
Peluquería canina BarberDog.Murcia;Peluquero de mascotas;C. José Maria Pemán, 4;30007 Murcia;;634 46 58 85;https://peluqueriacaninaenmurcia.es/;5;0;;
Peluquería canina móvil entre huellas;Peluquero de mascotas;C. Carrión, 12;Valladolid;;633 10 12 70;http://entrehuellaspeluqueria.com/;5;0;;
Argus Dogs;Adiestrador canino;;;;644 52 00 52;https://argusdogs.com/;5;0;;
Binomio Dog training;Adiestrador canino;A-355;Málaga;;663 40 36 06;https://www.binomioadiestra.es/;5;0;;
Residència-Parc caní La Barraca;Guardería canina;Camí dels Escalencs;Girona;;689 69 33 36;;5;0;;
Patitas;Peluquero de mascotas;Av. de José Luis Lasa, 65;Valladolid;;983 40 60 45;;5;0;;
Happy Dogs Mallorca;Peluquero de mascotas;Camí Can Parrisco, 20;Illes Balears;;664 34 92 07;http://www.happydogs-mallorca.com/;5;0;;
UVM Clínica Veterinaria - Universidad del Valle de México;Hospital veterinario;CALLE AV. DE LAS PALMAS 5500 INT;México;;+52 81 8121 4800;;5;0;;
BlueDog Adiestramiento Canino Sevilla;Adiestrador canino;;;;644 99 25 77;http://bluedog-adiestramientok9.es/;5;0;;
Unidad Móvil Veterinaria Alicante;Veterinario;;;;608 52 11 18;;5;0;;
Chuli Pets Peluquería Canina;Peluquero de mascotas;Isabel La Católica, 9;Alicante;;722 72 19 17;https://www.facebook.com/chulipetsdogs;5;0;;
Satya Animal;Asociación u organización;Pl. d'Espanya;Illes Balears;;614 30 19 07;https://satyaanimal.org/;5;0;;
Surcan Adiestramiento Canino en Sevilla | Conducta y Educación;Adiestrador canino;41620 Marchena;Sevilla;;650 18 04 82;https://adiestramientosurcan.es/;5;0;;
PROTECTORA Street Paws recovery and adoption centre;Protectora de animales;;;;681 95 25 97;http://streetpawsrecoveryandadoptioncentre.com/;5;0;;
Lucía Cortés Peluquería Canina;Peluquero de mascotas;;;;624 89 46 19;;5;0;;
Lucky dog training;Adiestrador canino;C/ de Donoso Cortés, 20;28015 Madrid;;648 83 57 25;;5;0;;
Sincronía Canina - Educación Canina;Adiestrador canino;;;;640 92 38 28;;5;0;;
Merci my Dog - Educación Canina;Adiestrador canino;Partida Derramador, pol 1, 111;Alicante;;662 23 96 03;;5;0;;
You-Can Adiestramiento Canino;Adiestrador canino;C. las Flores, 10;Málaga;;645 95 60 99;http://www.instagram.com/youcanelitek9/;5;0;;
Veterinaria Doggy Barber;Veterinario;C. Samachique 1625;México;;+52 656 280 0808;https://www.facebook.com/share/1C2YNHFCQb/?mibextid=wwXIfr;5;0;;
Eutanasiar perros y gatos a domicilio Alicante - Fune Mascotas Alicante;Servicio de urgencias veterinarias;Av. Alfonso El Sabio, 46;03004 Alicante;;865 44 30 47;https://funemascotas.com/alicante/eutanasiar-perros-gatos-a-domicilio-alicante/;5;0;;
Madagui · Adiestramiento Canino;Adiestrador canino;;;;662 46 20 01;;5;0;;
Fartucan;Tienda de productos para mascotas;C. Torrecerredo, 27;Asturias;;620 48 77 02;;5;0;;
Sunny's Pawradise Retreat;Adiestrador canino;Cam. los Llanos;Málaga;;;https://www.instagram.com/sunnyspawradiseretreat?igsh=cHF4ZHUwOGE4Y3pi;5;0;;
Antonio Villalba educador canino;Adiestrador canino;;;;617 66 14 36;;5;0;;
Adiestramiento canino Madrid - Conducta Canina.Educación canina - Entrenador de perros;Adiestrador canino;;;;603 01 94 35;https://www.conductacanina.com/;5;0;;
Parque canino;Parque;C. Chiclana, 10;Sevilla;;;;5;0;;
Dimoni Dogsitter cuidador de cans;Guardería canina;Platja de Palma i Pla de Sant Jordi;Balearic Islands;;688 91 23 75;;5;0;;
Delicias Animals "La Asunción";Tienda de animales;C. de Alozaina, 5;29006 Málaga;;614 84 89 92;;5;0;;
Parque Canino 2;Parque para perros;Avenida de la;28054 Madrid;;;;5;0;;
Oh my Dog! Zaragoza;Peluquero de mascotas;C. de la Reina Felicia, 7;50003 Zaragoza;;876 70 64 81;;5;0;;
Can Casica Nucli Zoològic;Criador canino;Masia Can casica;Girona;;621 18 13 78;https://cancasica.com/;5;0;;
ThomTails Pet Sitting;Cuidador de mascotas;Av. del Camí Nou;Valencia;;654 07 52 50;https://thomtails.com/;5;0;;
Casa Aroco;Peluquero de mascotas;Cam. del Armao;Murcia;;678 14 85 48;;5;0;;
MásQcan;Adiestrador canino;;;;644 00 04 66;https://masqcan.com/;5;0;;
ACC dogs;Adiestrador canino;zona cartellá Vidreres, 41, 769638,2.772375;Girona;;651 99 38 27;https://accdog.es/;5;0;;
Dog Hostel Pali Pitufo;Guardería canina;Pasaje Muixara, 9;Alicante;;634 36 65 37;;5;0;;
Alessandro - Nutrición y Comportamiento Canino - Official PARTNER " REICO Vital Systeme ";Adiestrador canino;Partida Carga, 15A;Alicante;;;https://reico-vital.com/it/vp/321393;5;0;;
baiu - Sastrería canina;Tienda de productos para mascotas;Fernández del Campo K., 13;Bizkaia;;636 57 19 50;https://www.instagram.com/baiu.es/;5;0;;
Hotel guardería canina para perritos mini y toy, Coco y Yo;Guardería canina;Carrer Mestral, 1;Girona;;647 95 04 11;http://www.hotelcanicocoyo.com/;5;0;;
Ponte Guau by Noe;Peluquero de mascotas;Av. Valladolid, 2;Valladolid;;658 13 83 08;https://wa.me/658138308;5;0;;
Elke Lachmann - Mensch-Hund-Coach * Terapeuta Canino * Dog Coach;Adiestrador canino;Carrer Rosinets, 1;Alicante;;623 27 75 98;http://www.elke-lachmann.com/;5;0;;
Natural-Dogs Educación Natural Canina;Adiestrador canino;Camino de Albolote, 10;Málaga;;692 99 32 25;https://natural-dogs.es/;5;0;;
Adiestramiento Canino Arnau Moscardó;Adiestrador canino;Partida TOSAL, Polígono 5, Parcela 47;Valencia;;692 11 32 30;https://www.adiestramientocaninoarnaumoscardo.com/;5;0;;
Elena Dogsanimal;Adiestrador canino;;;;670 59 72 48;http://www.dogsanimal.com/;5;0;;
DimAnimales | Cuidador de Perros, Gatos y Adiestramiento en Barcelona;Cuidador de mascotas;;;;638 61 58 57;https://cuidadordemascotas.com/;5;0;;
Clínica Veterinaria LLORCA;Veterinario;Av. Primero de Mayo;Alicante;;656 68 40 78;;5;0;;
Educador Canino Salva Martín;Adiestrador canino;C. Chinchilla, 13;29012 Málaga;;674 96 74 48;;5;0;;
Centro Canino ValdeVid;Guardería canina;Senda Bergante, s/n;Valladolid;;605 89 21 06;https://www.centrocaninovaldevid.com/;5;0;;
EDUCAN;Adiestrador canino;Av. del Monasterio de Silos, 73;28049 Madrid;;622 20 98 23;https://www.landing.educan.es/adiestramiento-canino-madrid-norte/;5;0;;
Mascoterra Europa | Tienda para animales en Málaga;Tienda de productos para mascotas;Av de Europa, 63;29003 Málaga;;624 00 46 17;https://mascoterra.es/;5;0;;
KALATHEA.CAN BARCELONA;Adiestrador canino;Carrer del Cedres, 5;Barcelona;;654 59 53 04;http://murteiraadiestramientobarcelona.com/;5;0;;
Canservan Canarias Residencia Canina - Cria - Adiestramiento;Criador canino;Lugar Fuente Morales;Las Palmas;;607 75 64 60;https://canservancanarias.es/;5;0;;
Refugio Gatos Oliva;Protectora de animales;Carrer Senda dels Lladres, 1;Valencia;;681 95 27 84;https://gatsdoliva.wixsite.com/adopta;5;0;;
PALMA VET Servicios Veterinarios A Domicilio;Veterinario;;;;642 24 01 02;https://palmavet.es/;5;0;;
El perro mestizo;Adiestrador canino;;;;624 32 85 97;https://elperromestizo.com/;5;0;;
Oviedoaqua;Tienda de acuarios;C. Joaquín Villa Cañal;Asturias;;652 04 04 30;https://oviedoaqua.com/;5;0;;
Alliumsoma;Adiestrador canino;C. Imprenta de la Alborada, 1;14014 Córdoba;;;http://www.ajonegrobonrostro.com/;5;0;;
Peluquería Canina BECK Dog Grooming;Peluquero de mascotas;C. Mayor, 76;Murcia;;680 48 48 68;https://peluqueriacaninabeck.es/;5;0;;
FormaDogs;Adiestrador canino;C. de Virgen de Lluc;28027 Madrid;;607 33 63 28;http://formadogs.es/;5;0;;
ASSOCIACIÓ ILLES BALEARS D’ADOPCIONS;Agencia de adopción;Carrer de la Rosa, 3;Illes Balears;;656 59 99 55;http://aiba.cat/;5;0;;
Soapy;Peluquero de mascotas;C. Argilico, 1;30005 Murcia;;633 53 63 61;;5;0;;
Comuni-can Educación canina Valencia;Adiestrador canino;Polígono, 14, Parcela 421;Valencia;;647 06 37 18;https://www.comuni-can.com/;5;0;;
RubaCan Residencia Animal;Guardería canina;Carrer Miraflor Rincons, 10;Valencia;;689 34 11 61;https://instagram.com/rubacan_oficial?igshid=MzRlODBiNWFlZA==;5;0;;
vetboxmallorca;Veterinario;;;;616 89 47 20;https://veterinariaquilis.es/;5;0;;
Gina BienStar Canino - Educación canina - Adiestramiento canino;Adiestrador canino;C/ de Padilla, 198, 2-3;08013 Barcelona;;617 49 78 06;https://www.breto.store/es-es/collections/gina-bienstar-canino;5;0;;
Área de recreo para perros - Parque del Valle de Hebrón;Parque para perros;Carrer de Fernán Caballero, 10X;08035 Barcelona;;;;5;0;;
Adiestramiento Valencia;Comercio;parc. 81 de la Montañeta;Valencia;;609 24 39 22;http://www.adiestramientovalencia.com/;5;0;;
Associació Protectora de rates mascota RATattack Bcn;Organización sin ánimo de lucro;;;;611 09 62 97;https://app.site123.com/nuestros-peques?w=8438854&disableCache=8714410;5;0;;
Miguel Angel Sánchez Mas;Veterinario;Carrer dels Ocells, 36;Balearic Isles;;;;5;0;;
Bark Studio - Peluquería Canina;Peluquero de mascotas;C. Olivares, 5, Loc 4;41010 Sevilla;;643 00 71 57;http://www.barkstudio.es/;5;0;;
Can Bichos-Educación y cuidado canino;Guardería canina;Horta-Guinardó;08024 Barcelona;;;https://www.instagram.com/canbichos?igsh=MTlzenZibjFiODBueg==&utm_source=qr;5;0;;
educacan;Adiestrador canino;;;;690 80 74 47;https://www.educacan.es/;5;0;;
Débora Dermatología Veterinaria;Veterinario;;;;624 31 75 12;https://deboradermavet.com/;5;0;;
Veterinaria Garcipet;Veterinario;Palma Datilera 1810;México;;+52 81 2726 8713;;5;0;;
Barcinos Pet Store - Chamberí;Tienda de productos para mascotas;C. de Galileo, 66;28015 Madrid;;671 62 60 00;http://www.barcinospetstore.com/;5;0;;
Adiestramiento Con.tacto;Adiestrador canino;Camiño dos Liñares;Pontevedra;;606 38 57 16;;5;0;;
adiestradordani;Adiestrador canino;C. de Marcelo Usera, 122;28026 Madrid;;622 25 59 48;https://adiestradordani.com/;5;0;;
TRAVIESOS Peluquería Canina;Peluquero de mascotas;C. Traviesa, 27, Loc 20;41015 Sevilla;;685 75 01 00;https://www.instagram.com/traviesos41015/;5;0;;
Adiestrador en Vigo y Pontevedra | Natural Dog;Adiestrador canino;;;;611 25 95 09;;5;0;;
ELEducación Canina- Adiestramiento Canino;Adiestrador canino;Calle Coral;Málaga;;621 00 13 74;https://www.instagram.com/eleducacion.canina/;5;0;;
ARVIA mascotas y peluquería;Tienda de animales;C. de la Transición, 1;47013 Valladolid;;983 44 54 75;;5;0;;
ilea educación canina;Adiestrador canino;Cortijo Ratón s/n;Málaga;;613 00 94 87;;5;0;;
VILLA AFRODITA. Educación y residencia canina.;Adiestrador canino;;;;698 61 25 29;;5;0;;
Ridog Peluquería Canina Madrid;Peluquero de mascotas;C. de San Mariano, 17;28022 Madrid;;614 14 86 07;;5;0;;
MasKoteando;Tienda de productos para mascotas;Paseo de la Victoria, kiosco;14004 Córdoba;;;;5;0;;
Lau Hankak Educacion Canina;Adiestrador canino;;;;623 12 76 74;;5;0;;
CANHIJOS BARCELONA;Peluquero de mascotas;Carrer de Castella, 19;08018 Barcelona;;662 56 14 85;https://www.canhijosbcn.com/;5;0;;
Veterinaria y Estética Canina De Cortés;Veterinario;Av. las Palmas 4951;México;;+52 664 303 5618;;5;0;;
MamiDog;Guardería canina;Urb. Los Naranjos, 95B;Sevilla;;630 95 74 45;https://es-la.facebook.com/mamidogsevilla/;5;0;;
GoDog - Dog Training Málaga;Adiestrador canino;C. Brisas de la Viña;Málaga;;601 53 04 33;https://www.godog.es/;5;0;;
Felizcan;Adiestrador canino;C. Salse Abajo, 4;Alicante;;618 58 84 45;;5;0;;
Personal Dog Trainer Adiestramiento Canino Barcelona;Adiestrador canino;;;;686 71 82 70;http://www.personaldogtrainer.org/;5;0;;
COVIS Guardería y Peluquería Canina;Guardería canina;C. de Hernani, 54;28020 Madrid;;689 42 23 93;https://www.covismadrid.es/;5;0;;
La Pelu de Coco;Peluquero de mascotas;Pl. de Rojas Clemente, 4;Valencia;;611 59 70 17;https://lapeludecoco.es/;5;0;;
La Pradera Residencia Canina en Valencia;Guardería canina;Partida Cañada Jacinto 190, Polígono 8;Valencia;;610 24 82 93;https://lapraderahotelcanino.com/;5;0;;
Game for Dogs;Guardería canina;C. de San Restituto, 19;28039 Madrid;;627 77 06 21;;5;0;;
RN3DStore LLC;Boutique;3333 Southfork Pkwy;Estados Unidos;;+1 866-460-3679;https://www.rn3dstore.com/;5;0;;
Soclarkan;Adiestrador canino;Carrer Espigol, 25;Valencia;;636 09 08 07;;5;0;;
Catzndogs;Perrera;C. Pino Canario, 29;Murcia;;699 13 15 68;http://www.britishbusinesspagesinspain.es/info2.cfm?info_id=90796;5;0;;
Com a casa;Guardería canina;Ca l'Ayats, s/n;Girona;;654 27 97 97;;5;0;;
Educación Canina, adiestramiento, modificación de conductas y Formación, Centro Canino Valentia;Adiestrador canino;Av. Gandia, 28A;Valencia;;668 88 88 86;https://centrocaninovalentia.com/adiestramiento-canino-gandia/;5;0;;
Chilucky Pets;Tienda de animales;Carrer del Mercat, 23;Alicante;;865 55 28 89;;5;0;;
Pompón spa y peluquería canina;Peluquero de mascotas;Evoca Living;Alicante;;623 61 64 61;;5;0;;
GOS’ANDO;Paseador de perros;Carrer de l'Aurora, 9;08001 Barcelona;;640 12 94 32;https://www.instagram.com/gosando.bcn?igsh=d2lpdGFtOHNsYW55;5;0;;
Peluquería canina Guau la pelu;Peluquero de mascotas;C. Cabrera, 11;Málaga;;697 30 30 93;;5;0;;
Como Can Educación Canina;Adiestrador canino;Avinguda del Paral·lel, 108, ÁTICO, 2º, ESCALERA B;08015 Barcelona;;628 06 32 97;http://www.como-can.com/;5;0;;
La barbería de Pluto;Peluquero de mascotas;P.º Joan Fuster, 3, 12;03008 Alicante;;692 23 07 83;https://www.facebook.com/LabarberiadePluto;5;0;;
Antonio García Estilismo Canino;Peluquero de mascotas;Av. Deportista Isabel Fernández, 18;03005 Alicante;;677 82 13 42;;5;0;;
Mimopets Bilbao Peluquería Canina y Spa (Ozonoterapia);Peluquero de mascotas;Etxetxua Plaza, 9;Bizkaia;;672 91 87 26;;5;0;;
Peluquería canina Ozzy;Peluquero de mascotas;C. de La Bañeza, 18;28029 Madrid;;629 29 04 55;;5;0;;
Lannes Jessica L DVM;Veterinario;2985 Alafaya Trail;Estados Unidos;;+1 407-365-2222;;5;0;;
Fran Sevilla Educador Canino;Granja;;;;617 88 36 51;http://www.educadorcaninofransevilla.es/;5;0;;
Torrelobato Peluquería Canina;Peluquería;C. de Gaspar Torrente, 66;50016 Zaragoza;;644 29 70 25;https://www.instagram.com/torrelobato?igsh=ZzR5NHlybjU2ZzI5&utm_source=qr;5;0;;
Peludines;Veterinario;C. Cuatro Caminos, 5;Murcia;;868 30 06 28;http://peludin.es/;5;0;;
Tribu Canina Girona;Adiestrador canino;;;;;;5;0;;
Sendacan Educación & Nutrición canina;Adiestrador canino;;;;660 40 94 16;https://www.sendacan.com/;5;0;;
Canine Mindscape;Adiestrador canino;;;;673 01 89 71;https://www.caninemindscape.com/;5;0;;
bean goods;Tienda de animales;750 N Palm Canyon Dr;Estados Unidos;;;https://www.beangoods.com/;5;0;;
MNcan | Educador Canino Zaragoza;Adiestrador canino;C. de la Colegiata de Bolea, 10, 1ºB;50013 Zaragoza;;679 37 25 14;https://educadorcaninozaragoza.com/;5;0;;
GREEN VET Clínica veterinaria;Veterinario;Tellagorri Kalea, 1;Bizkaia;;944 41 61 41;https://greenpet.es/veterinario;5;0;;
Parque para perros;Parque para perros;FM32+XV;Valencia;;;;5;0;;
AliCan Paseo de Perros;Paseador de perros;C/ de Mistral, 7;Valencia;;635 98 93 05;https://www.instagram.com/alicanpaseos/;5;0;;
Lladruc;Adiestrador canino;Veïnat Olives, 17491;Girona;;636 38 51 74;http://www.lladruc.com/;5;0;;
Educador y Paseador de Perros | Pasión Canina;Paseador de perros;Pl. de Francesc Macià;08021 Barcelona;;636 33 30 63;https://www.pasioncanina.com/;5;0;;
Canet Perruqueria D Animals;Peluquero de mascotas;Carrer de l'Infant Jaume, 7;Illes Balears;;971 25 41 90;;5;0;;
La Tía Tere Autolavado Canino y Peluquería canina;Peluquero de mascotas;Pl. de la Misericordia, 5;03004 Alicante;;;https://latiatereautolavado.es/;5;0;;
Don Guau - Hotel y guardería canina;Guardería canina;Calle Corregidor Rodrigo Rodríguez, 17;28030 Madrid;;600 09 74 02;;5;0;;
Fundación Cavalli;Fundación;las Cañadas;30849 Murcia;;636 17 21 98;https://www.cavallifoundation.org/;5;0;;
Junglanimal;Peluquero de mascotas;Residencial Parqueflores Fase 2;41015 Sevilla;;695 43 51 25;https://instagram.com/junglanimal?utm_medium=copy_link;5;0;;
Perruqueria Canina LEMIGOS;Peluquero de mascotas;Carrer dels Madrazo, 5;08006 Barcelona;;613 05 40 71;https://www.instagram.com/pelu_lemi/;5;0;;
Adiestramiento Canino El Perro Mestizo;Adiestrador canino;;;;624 32 85 97;https://elperromestizo.com/;5;0;;
Sit & Plas;Tienda de productos para mascotas;C. San Lázaro, 17, Loc 1;47009 Valladolid;;600 30 14 73;https://www.instagram.com/sit.plas/;5;0;;
Centro Veterinario Friendly Vets;Veterinario;Carrer Isidoro Antillón, 71;Illes Balears;;871 50 87 30;https://www.friendlyvets.es/;5;0;;
Pirocank9 - Adiestramiento canino Sevilla;Adiestrador canino;;;;;http://www.pirocank9.es/;5;0;;
EmpathyDogs - Ingeniería de Vínculo;Adiestrador canino;Carrer de Borriana, 92;08030 Barcelona;;935 30 84 96;https://www.empathydogs.es/;5;0;;
Oh My Dog! Training - Adiestramiento Canino;Adiestrador canino;Plaza Sta. Ángela de la Cruz;Málaga;;680 78 22 16;;5;0;;
Consultori Fv Veterinari (Vet Llar)/ Veterinario :Andrés Saavedra Fernandez;Veterinario;Carrer València, 23;Girona;;697 91 23 35;https://www.covgi.cat/ca/serveis-al-propietari/centres-veterinaris/consultori-veterinari-vet-llar/;5;0;;
Guarderia ciudadano canino;Guardería canina;Calle Apodaca n⁰11;28004 Madrid;;695 83 86 43;;5;0;;
Cresma Valencia Tanatorio Crematorio Animales;Servicio de cremación;C. Carmen Martín Gaite, 7;Valencia;;963 31 30 27;http://www.cresma.es/;5;0;;
Cuidadora de mascotas;Guardería canina;Carrer de Provença, 98;08029 Barcelona;;;;5;0;;
Mila Jaus;Guardería canina;C. de Barbieri, 2;28004 Madrid;;678 10 95 40;;5;0;;
IPA Instituto de Protección Animal;Centro de formación;;;;;https://www.institutodeproteccionanimal.com/es/;5;0;;
Finca Flores Mula;Criador canino;Niño De;Murcia;;647 71 38 64;;5;0;;
ANGELES DARRIBA;Entrenador personal;Rúa do Príncipe, 22, local 20;Pontevedra;;604 02 20 78;http://www.entrenadorpersonalvigo.com/;5;0;;
Lesacan;Adiestrador canino;;;;;;5;0;;
Adiestramiento EDUCAN en Pontevedra;Adiestrador canino;;;;722 82 63 46;https://www.adiestramientoeducan.com/pontevedra;5;0;;
Dogterra;Guardería canina;Carrer de los Castillejos, 233;08013 Barcelona;;628 78 17 92;https://dogterra.es/;5;0;;
Perrilandia Campamento Perruno;Adiestrador canino;;;;648 92 26 32;;5;0;;
Ancor Educador Canino;Adiestrador canino;;;;;https://ancoreducadorcanino.com/;5;0;;
Centro Zona K9;Adiestrador canino;Al lado de la Hípica Pony Club;Valencia;;636 93 60 98;https://zk9.es/;5;0;;
Club Agility Mediterráneo;Club deportivo;Carril Senda de la Portada;30160 Murcia;;625 22 01 86;https://www.instagram.com/agilitymediterraneo/;5;0;;
HORIZOONTE VERDE - Tienda para mascotas-;Tienda de productos para mascotas;Avinguda Dama d'Elx, 37, Loc 1;Alicante;;640 08 86 03;https://tienda.horizoonteverde.net/;5;0;;
Cat Sitter Barcelona | Hotel de Gatos | Alojamiento para Gatos | Residencia Felino| Guarderia de Gatos;Cuidador de mascotas;Carrer de Villarroel, 149;08036 Barcelona;;600 51 60 95;https://www.instagram.com/guarderia_gatos_helena/;5;0;;
The Walking Pet Guarderia Canina;Guardería canina;Carrer de la Tarongeta, 106;Girona;;662 26 00 71;;5;0;;
Malisharp;Adiestrador canino;;;;692 62 92 70;http://www.malisharp.es/;5;0;;
Humanimal - Lenguaje Canino;Adiestrador canino;C. de la Raza;28022 Madrid;;;http://www.lenguajecanino.net/;5;0;;
Hotel-Guarderia Canina GuarDog;Guardería canina;Calle de la Virgen de Aránzazu, 1;28034 Madrid;;655 65 36 52;;5;0;;
Centro Canino SitCan;Adiestrador canino;Av. Castillo de Monteagudo;Murcia;;660 44 70 34;http://www.centrocaninositcan.com/;5;0;;
Kukura · Educación Canina;Adiestrador canino;;;;604 80 23 94;;5;0;;
Zarpas Pet Shop;Tienda de productos para mascotas;Calle Castillejos;Las Palmas;;641 62 69 53;;5;0;;
DOGGUAO;Tienda de productos para mascotas;San Adrian Etorb., 48003;Bizkaia;;658 55 98 88;https://www.dogguao.es/;5;0;;
Caliani K9 - Educación Canina;Adiestrador canino;Calle Fernández de Ribera 7 (En CIAC;41005 Sevilla;;623 94 72 16;http://www.calianik9.es/;5;0;;
Adiestramiento Canino Dog's Eden;Adiestrador canino;C. Abedul;Valencia;;711 72 48 90;http://adiestramientocaninodogseden.com/;5;0;;
woof paseo de mascotas mutxamel;Cuidador de mascotas;Gran Vía de Valencia, 12, entresuelo A;Alicante;;611 31 70 65;;5;0;;
El cole de la Trufa;Guardería canina;La Trufa;Bizkaia;;639 51 03 71;https://latrufaeducacioncanina.com/;5;0;;
SALUD Y MASCOTAS;Hospital veterinario;Carrer de Cristina Valls, 9;Illes Balears;;;;5;0;;
MaigmoCan;Adiestrador canino;Avinguda de L'Astronomia;Alicante;;605 81 30 39;http://maigmocan.com/;5;0;;
Capicua Educació Canina;Adiestrador canino;Carrer de Trafalgar, 29;08010 Barcelona;;649 84 75 73;http://www.capicua.site/es;5;0;;
Clínica Veterinaria;Veterinario;Carrer de Martínez Aloy, 8;Valencia;;;;5;0;;
Interzoo Viriato | Consulta veterinaria - Peluquería canina y felina - Tienda de alimentación y salud para mascotas;Tienda de productos para mascotas;Calle de Viriato, 50;28010 Madrid;;664 55 16 42;http://www.interzooviriato.es/;5;0;;
Parque canino;Parque;41950 Castilleja de la Cuesta;Sevilla;;;;5;0;;
Paws Services Nutrición Clínica Veterinaria;Veterinario;Av. las Palmas 4951;México;;+52 663 430 1677;;5;0;;
EspacioCan;Adiestrador canino;;;;+54 11 2749-6359;https://www.espaciocan.net/;5;0;;
Huma Educación Canina;Adiestrador canino;;;;639 33 96 01;http://www.humaeducacioncanina.com/;5;0;;
Mircat Park Resort Caní;Guardería canina;;;;615 05 94 98;https://webmasterrc.wixsite.com/mircatpark;5;0;;
Lavamascotas Capuchinos;Peluquero de mascotas;Gasolinera REPSOL;41009 Sevilla;;954 36 88 93;http://www.hidrocanin.es/;5;0;;
ADIESTRADOR DE PERROS;Adiestrador canino;Carrer de Borriana, 49;Valencia;;622 61 64 39;http://www.adiestradordeperrosenvalencia.blogspot.com.es/;5;0;;
Entrenador de Perros;Adiestrador canino;C. de Pablo Lafargue, 9;28017 Madrid;;611 32 50 25;https://link9730.wordpress.com/?fbclid=PAZXh0bgNhZW0CMTEAAaYHU2K7O6DPqN8moHCQOLWqk0JvnaDnr2f6oBPmuGbj7Vips2kMGD1gqsk_aem_m-UEgeCcrINvVMftG-fgUw;5;0;;
Educación Canina Valencia | Neocaned;Adiestrador canino;;;;;https://neocaned.com/adiestramiento-canino-valencia/?utm_source=google&utm_medium=local&utm_campaign=adiestramiento_canino_valencia&utm_content=business_profile;5;0;;
Popet Mascotas Tienda de Mascotas;Tienda de productos para mascotas;Carrer l'Ordana, 29;Alicante;;672 12 25 03;http://popetmascotas.com/;5;0;;
guarderia canina el jardin de tu mascota;Guardería canina;Los Corrales, 31;Las Palmas;;619 27 89 43;;5;0;;
KAHU - Educación Canina y Mantrailing;Adiestrador canino;;;;622 94 80 54;http://www.kahueducacioncanina.com/;5;0;;
Canbio;Peluquero de mascotas;;;;644 27 39 22;;5;0;;
Lavinia Donateo Educatrice Cinofila e Animal Communicator;Adiestrador canino;;;;+39 371 665 0207;https://zonacachorros.com/lavinia-educadora-canina-y-comunicadora-animal-lavinia_donateo/;5;0;;
Gonzalo Rodríguez;Adiestrador canino;C. de Arganda, 10;28005 Madrid;;697 91 89 12;https://www.instagram.com/gonza.dog?igsh=MTNhN21vc2JjOXQ1dg%3D%3D&utm_source=qr;5;0;;
Doogsy | Peluquería Canina Murcia;Peluquero de mascotas;Av. Alto de las Atalayas, 5;Murcia;;694 90 89 80;http://doogsy.com/;5;0;;
Guardería Canina Gran Canaria | Canarias;Guardería canina;Lugar Bracamonte, 9, Diseminado;Las Palmas;;685 46 18 16;http://guarderiacaninacanarias.es/;5;0;;
Adiestramiento EDUCAN;Adiestrador canino;;;;698 94 90 78;https://www.adiestramientoeducan.com/alicante;5;0;;
SofiCan Peluquería Canina Móvil Mallorca;Peluquero de mascotas;07240 Montuïri;Balearic Islands;;641 55 65 17;;5;0;;
G.O.D.O.G.S.;Veterinario;1470 Swanson Dr;Estados Unidos;;+1 407-366-6738;http://www.shafferah.com/;5;0;;
Apea Protectora;Protectora de animales;Carrer Cooperativa;Valencia;;;;5;0;;
Don Perro Nervión;Peluquero de mascotas;C. Palacio Valdés, 1;41005 Sevilla;;692 92 31 11;http://www.donperronervion.com/;4.9;0;;
Yucacán. Guardería canina;Guardería canina;Finca Yucacán;14011 Córdoba;;605 31 53 11;https://yucacan.es/;4.9;0;;
Peluquería Canina Pasión Peluda;Peluquero de mascotas;C. Juan Sebastián Elcano, 11, Bajo 2;41011 Sevilla;;663 66 38 88;http://www.pasionpeluda.com/;4.9;0;;
Adiestramiento Canino Reserva del Sur, Francisco Javier La Torre;Adiestrador canino;C. Fedra;Málaga;;629 56 38 02;http://reservadelsur.com/;4.9;0;;
Sentido Animal;Adiestrador canino;C. Corral de Almaguer, 25D;28051 Madrid;;677 62 58 53;https://www.sentidoanimal.es/;4.9;0;;
Beauty Pets;Peluquero de mascotas;C. Luna, 2;Málaga;;657 62 95 73;;4.9;0;;
Hay Connection;Tienda de productos para mascotas;1152 Sixth St;Estados Unidos;;+1 951-280-9016;https://hay-connection.com/;4.9;0;;
Escola Canina de Hooch;Adiestrador canino;Plaça Major, 2;Girona;;652 52 55 51;http://www.escolacaninadehooch.com/;4.9;0;;
Danacan Adiestramiento Canino;Adiestrador canino;Residencial Parqueflores fase, 2;41015 Sevilla;;695 43 51 25;;4.9;0;;
TOMMY Perruqueria Canina;Peluquero de mascotas;Carrer de Sardenya, 441;08025 Barcelona;;629 01 41 46;;4.9;0;;
Cuidadora de Perros · Patis Valencia;Guardería canina;Avinguda del Doctor Waksman, 60;Valencia;;614 16 95 64;https://patis.es/;4.9;0;;
Amber Lodge Kennels & Cattery;Perrera;Partida Derrmador;Alicante;;966 66 89 93;http://www.amberlodgekennels.com/;4.9;0;;
Pets paradise;Perrera;Av. de Orihuela, 262;Alicante;;672 54 81 38;;4.9;0;;
Peluquería Canina Art CA;Peluquero de mascotas;Carrer Emili Darder, 12;Illes Balears;;671 93 01 17;https://sites.google.com/view/tupelucaninaartca/home;4.9;0;;
Caelum Pets | Tanatorio y Crematorio de mascotas en Alicante;Tienda de productos para mascotas;Av. Mare Nostrum, 20;Alicante;;919 93 15 38;https://www.caelumpets.com/;4.9;0;;
Guardería Pet Barcelona;Guardería canina;Carrer de Bertran;08023 Barcelona;;608 50 10 36;http://www.petbarcelona.es/;4.9;0;;
Chic-can peluqueria canina.;Peluquero de mascotas;C/ Ernesto Che Guevara, 12;Valencia;;610 38 64 72;;4.9;0;;
Peludogs alicante;Peluquero de mascotas;AVENIDA DE SANTANDER;03540 Alicante;;611 18 68 89;;4.9;0;;
Autolavado y peluquería de Mascotas Aqualadra;Peluquero de mascotas;C. Mayor, 138, Izquierda;30006 Murcia;;658 28 40 18;https://aqualadra.com/;4.9;0;;
RUDOG Adiestramiento Canino Zaragoza;Adiestrador canino;Cam. Torre Escolapios, 8;50194 Zaragoza;;625 46 93 28;http://www.adiestramientoprofesional.com/;4.9;0;;
Protectora APAMA NATURE;Protectora de animales;C. Encomienda;Murcia;;;https://linktr.ee/apamanature;4.9;0;;
Mircat Plaça del Lleó;Tienda de animales;Plaça Calvet i Rubalcaba, 8;17002 Girona;;872 01 52 17;;4.9;0;;
Blanqui Peluquería Canina;Peluquero de mascotas;C. del Dr. Alcay, 11;50006 Zaragoza;;613 77 52 56;https://canina.sapp.es/;4.9;0;;
EllaAdiestra - Educación Canina Sevilla;Adiestrador canino;;;;674 83 39 65;;4.9;0;;
Animals Peluquería Canina y Felina en Alicante;Peluquero de mascotas;a 300m del Pipican público;03008 Alicante;;665 30 40 05;;4.9;0;;
Libercan;Guardería canina;Av. Pernalta, s/n;Valladolid;;699 43 10 42;http://www.libercan.es/;4.9;0;;
Dracaris Pet's;Peluquero de mascotas;C. de Ramón Gómez Sempere, 15;03008 Alicante;;623 49 83 81;https://instagram.com/dracaris.pets?igshid=ZDdkNTZiNTM=;4.9;0;;
Adiestramiento Adiestracor;Adiestrador canino;C. Isla Formentera, S/N;14011 Córdoba;;659 93 61 94;http://www.adiestracor.com/;4.9;0;;
Peluqueria Canina Elegant Gos Les Corts;Peluquero de mascotas;Carrer de Déu i Mata, 40;08014 Barcelona;;619 81 19 56;;4.9;0;;
Estil Animal;Peluquero de mascotas;Carrer de Garrigó, 2;Illes Balears;;622 09 06 43;https://m.facebook.com/Estil-Animal-113948306999583/;4.9;0;;
Planet Piensos Servicios 2.0;Peluquero de mascotas;Cam. de Salabosque, 153;30150 Murcia;;670 88 04 44;https://planetpiensos.com/;4.9;0;;
Educadores Caninos - Walking Dogs Valencia;Adiestrador canino;Av. de Gaspar Aguilar, 63, Pta 31;Valencia;;660 32 63 28;https://walkingdogs.es/;4.9;0;;
Cans & Bubbles;Peluquero de mascotas;Rúa Zamora, 48, Bajo;Pontevedra;;687 05 29 31;https://www.cansandbubbles.es/;4.9;0;;
Rizzo's Can;Peluquero de mascotas;C. de Hermosilla, 120;28009 Madrid;;919 99 34 75;https://rizzoscan.com/;4.9;0;;
Pet´s Show peluquería canina;Peluquero de mascotas;C. Joaquín Vaquero Palacios, 5;Asturias;;985 11 21 30;http://www.petshowoviedo.es/;4.9;0;;
Hotel Caní Asiatic Park. Residencia canina.;Guardería canina;46812 Aielo de Malferit;Valencia;;627 38 48 06;http://hotelcaniasiaticpark.com/;4.9;0;;
Peludos Coquetos;Peluquero de mascotas;Pl. Ribera de Castilla, 9;47010 Valladolid;;608 78 35 68;;4.9;0;;
Enjoy Can S.L.;Adiestrador canino;C. de Andorra, 93;28043 Madrid;;613 07 38 38;https://enjoycan.com/;4.9;0;;
Hotel Canino Somos Muy Perros;Adiestrador canino;Cam. de Santiago, 58;30833 Murcia;;682 62 11 77;https://somosmuyperros.com/;4.9;0;;
MIMOTES Peluquería Canina;Peluquero de mascotas;Av. del Ferrocarril, 1;Biscay;;604 92 92 39;;4.9;0;;
Aguilas5 SevillaSuites;Hotel;C. Águilas, 5;41004 Sevilla;;658 62 81 29;http://www.aguilas5.com/;4.9;0;;
Perro Y Muchacho;Peluquero de mascotas;C. de Segovia, 17;28005 Madrid;;910 14 45 91;;4.9;0;;
Clínica Veterinària Simon Seguí;Veterinario;Carrer Hondures, 1;Illes Balears;;971 73 61 72;https://www.facebook.com/clinicaveterinariasimonsegui/;4.9;0;;
Alaskan Educación Canina;Adiestrador canino;Carrer de Rocafort, 53;08015 Barcelona;;620 27 48 36;https://alaskanbarcelona.com/;4.9;0;;
ESPÍRITU ANIMAL PELUQUERÍA CANINA;Peluquero de mascotas;Rda. de Capuchinos, 10, esc 1 local 5;41003 Sevilla;;854 55 26 17;https://www.espirituanimalpeluqueriacanina.es/;4.9;0;;
Clínica Veterinaria De Carreres;Veterinario;Avinguda Mutxamel, 1, Loc 2;Alicante;;965 65 83 59;http://www.veterinariadecarreres.com/;4.9;0;;
COVIS Guardería y Peluquería Canina;Guardería canina;C. de Marcenado, 33, Loc Izquierdo;28002 Madrid;;674 41 04 54;https://www.covismadrid.com/;4.9;0;;
Psycocan;Adiestrador canino;Av. Madrid, 9;Valladolid;;636 87 55 65;https://www.psycocan.com/;4.9;0;;
Espíritu Animal;Tienda de productos para mascotas;Av. Reyes Católicos, 23;30009 Murcia;;868 07 60 16;https://espirituanimal.com/;4.9;0;;
Fiel Amigo;Peluquero de mascotas;Carrer de Joaquín Costa, 54;Valencia;;963 95 10 89;;4.9;0;;
Clínica Veterinaria Garay;Veterinario;Abusu K., 1;Bizkaia;;944 16 40 70;https://www.facebook.com/pages/Cl%C3%ADnica-Veterinaria-Garay-La-Pe%C3%B1a/449730941758067;4.9;0;;
DogTrainingCostaBlanca;Adiestrador canino;Partida Rincon Luna, 25;03149 Alicante;;625 76 50 87;;4.9;0;;
Peluquería Canina Canis Minor;Peluquero de mascotas;C. Vicente Aleixandre, 54;47008 Valladolid;;608 49 87 16;https://www.peluqueriacanisminor.com/;4.9;0;;
La Perruquería de Oviedo - Peluquería para perros;Peluquero de mascotas;C. Virrey Abascal, 9;Asturias;;684 64 26 30;http://laperruqueriadesarasastre.es/;4.9;0;;
Dobercan;Peluquero de mascotas;C/ de la Barraca, 99, bajo;Valencia;;691 51 96 36;;4.9;0;;
Van Lue Veterinary Surgical;Veterinario;5500 Vista View Way;Estados Unidos;;+1 321-348-6300;https://www.vanluevetsurg.com/index.html;4.9;0;;
Como El Perro Y El Gato;Veterinario;Cam. Castillejos, 5;29010 Málaga;;952 61 79 63;https://comoelperroyelgato.net/;4.9;0;;
ADAC-MEXICO;Servicio de rescate de animales;;;;+52 844 197 2901;http://adacmx.com/;4.9;0;;
Club Canino Baucan Valladolid;Adiestrador canino;;;;983 86 11 53;https://baucan.es/;4.9;0;;
Txapoteando Felices Peluquería canina y felina;Peluquero de mascotas;Pl. de Rekalde, 93;Biscay;;747 45 66 17;https://peluqueriayautolavadodemascotastxapoteandofelices.eu/;4.9;0;;
Adiestramiento y Educación Canina, El Paraje.;Adiestrador canino;Paraje los Minguez;Murcia;;;;4.9;0;;
Adiestramiento EDUCAN en Valencia;Adiestrador canino;;;;661 39 10 01;https://www.adiestramientoeducan.com/valencia?utm_source=google&utm_medium=organic&utm_campaign=GMB;4.9;0;;
Boncan Educación Canina;Adiestrador canino;Passatge de Sant Bernat, 6;08001 Barcelona;;687 72 87 22;https://boncan.com/?utm_source=google&utm_medium=organic_local;4.9;0;;
Clínica Veterinaria Fama Vet;Hospital veterinario;Centro Comercial Torre Golf;03540 Alicante;;636 70 33 58;https://www.famavet.es/;4.9;0;;
Adiestramiento canino;Adiestrador canino;C. Entre Arroyos, 23;28030 Madrid;;608 63 11 46;;4.9;0;;
Buf Peluquería Canina;Peluquero de mascotas;Carrer de Pi i Margall, 36;08025 Barcelona;;932 84 59 53;;4.9;0;;
Doodles & Poodles;Peluquero de mascotas;Calle de Castelló, 2;28001 Madrid;;628 22 19 96;http://www.doodlesandpoodles.es/;4.9;0;;
Juan Galán Peluquero;Peluquería;Av. de El Greco, 7;41007 Sevilla;;954 58 26 78;http://juangalanpeluqueros.es/;4.9;0;;
Peluquería canina en Chamberí | Happy Doggies;Peluquero de mascotas;C. de Vallehermoso, 40;28015 Madrid;;623 98 37 21;https://happydoggies.es/;4.9;0;;
Naturanimal;Tienda de productos para mascotas;C. de los Caños del Peral, 4;28013 Madrid;;623 28 80 60;https://naturanimal.es/;4.9;0;;
Peluquería de Mascotas Merlín;Peluquero de mascotas;Cmo de la Fuensanta, 61;30012 Murcia;;619 33 33 32;;4.9;0;;
Llar Canina;Guardería canina;Carrer d'Homer, 42;08023 Barcelona;;679 37 23 72;https://www.llarcanina.cat/;4.9;0;;
Mon Amic – Peluquería Canina Sarrià, Barcelona;Peluquero de mascotas;Carrer del Cardenal Vives i Tutó, 56;08034 Barcelona;;657 44 92 22;https://www.instagram.com/monamicbcn?igsh=MXg1MnR2cGdtZnZ4YQ==;4.9;0;;
wow look estilo de mascotas;Peluquero de mascotas;Carrer de Fontanars dels Alforins, 67;Valencia;;699 00 73 52;https://wowlookestilodemascotas.es/;4.9;0;;
By Mascota Bilbao - Tienda y Peluquería para Mascotas;Tienda de productos para mascotas;Alameda de Recalde, 64;Biscay;;644 03 89 73;https://bymascota.com/tiendas/tiendas-mascotas-vizcaya/tienda-mascotas-bilbao/;4.9;0;;
Palma Paws;Peluquero de mascotas;Ctra. Andratx, 30;Illes Balears;;600 34 66 40;https://www.instagram.com/palmapawss?igsh=MTU4ODN5NnpiMWRybg%3D%3D&utm_source=qr;4.9;0;;
A Pelu do Can;Peluquero de mascotas;Av. de Castrelos, 184;Pontevedra;;648 75 73 90;;4.9;0;;
EducaGos Adiestramiento Canino;Adiestrador canino;Carrer de Cartellà, 14;08031 Barcelona;;747 43 83 60;https://educagos.com/;4.9;0;;
CUIDO TU MASCOTA MADRID VALLECAS;Guardería canina;C. Carlos Aurioles, 21, B;28018 Madrid;;669 17 01 29;http://cuidoypaseoperrosmadrid.blogspot.com/;4.9;0;;
Ben&Pets;Peluquero de mascotas;Rúa Pintor San Luis, 7;Pontevedra;;886 30 30 96;https://benandpets.com/;4.9;0;;
Tiendanimal;Tienda de productos para mascotas;Av. Finca Taralpe;Málaga;;951 50 82 64;https://tiendas.tiendanimal.es/andalucia/malaga/pinos-de-alhaurin/tiendanimal-alhaurin-137?utm_medium=maps&utm_source=google;4.9;0;;
Adiestrador y Conductista Canino;Adiestrador canino;;;;628 16 83 07;;4.9;0;;
Gatcan, Clínica veterinaria Alicante;Veterinario;Avenida Pintor Xavier Soler, 13;Alicante;;966 27 25 22;https://clinicaveterinariagatcan.es/;4.9;0;;
Adiestramiento Córdoba;Adiestrador canino;Ctra. Palma del Río, km 9, 5;14710 Córdoba;;686 93 75 20;http://www.adiestramientocordoba.com/;4.9;0;;
Terra de Gossos;Adiestrador canino;Partida del Almixtex, 6;Alicante;;606 66 30 91;http://www.centrodeformacioncanina.com/;4.9;0;;
Peluquería Canina Niki Grooming;Peluquero de mascotas;C. de Puerto Serrano, 11;28045 Madrid;;641 15 42 06;;4.9;0;;
Tucán;Veterinario;Carrer de Teodor Llorente, 8;Illes Balears;;971 73 79 34;;4.9;0;;
Dog & Life;Adiestrador canino;Calle del General Díaz Porlier, 36;28001 Madrid;;636 00 86 77;http://www.doglife.es/;4.9;0;;
holistik9_bcn;Adiestrador canino;Carrer de Badajoz, 88;08005 Barcelona;;;https://www.holistik9.com/;4.9;0;;
DC Adiestramiento Canino;Adiestrador canino;;;;665 06 52 78;https://dcadiestramientocanino.es/;4.9;0;;
Jornada Esterilización en perros y gatos Valencia;Veterinario;C/ de Rubén Vela, 23;Valencia;;;;4.9;0;;
Club Canino Mali-Dog;Adiestrador canino;Av. de Murcia, 93;30007 Murcia;;669 16 89 15;;4.9;0;;
Club Natural Dog Trail;Adiestrador canino;Granja Escuela Los Limoneros;Murcia;;667 29 24 30;;4.9;0;;
CANUBER EDUCACIÓN CANINA Y GUARDERÍA;Adiestrador canino;C. Eras, s/n;Valladolid;;620 89 53 70;http://www.canuber.es/;4.9;0;;
Guardería - Residencia Canina Córdoba RASTAdog Centro de Bienestar Animal - Ludoteca Canina;Adiestrador canino;DE BIENESTAR ANIMAL RASTAdog;14006 Córdoba;;687 01 29 49;http://www.caninaresidencia.es/;4.9;0;;
Hakuna matata;Veterinario;C. del Amor de Dios, 3;47011 Valladolid;;657 93 56 60;https://cvhakunamatata.com/;4.9;0;;
tris-tras;Peluquero de mascotas;Ibaialde Kalea, 3;Bizkaia;;946 56 15 42;;4.9;0;;
La Boutique de Tu Mascota;Peluquero de mascotas;Av. de Salvador Allende, 36;50015 Zaragoza;;614 50 46 30;https://boutiquemascotazgz.com/;4.9;0;;
Perrobueno Pet Shop - Alimentación natural - Peluqueria canina y felina;Peluquero de mascotas;P.º del Molino, 17;28045 Madrid;;635 22 22 54;https://cys-perrobuenopetshop.com/;4.9;0;;
Paws Santutxu;Peluquero de mascotas;Arteta Aurelio Pintor Kalea, 3;Bizkaia;;688 87 29 89;;4.9;0;;
Sapiens Dog;Adiestrador canino;Carrer de Sepúlveda, 182;08011 Barcelona;;633 51 50 85;https://sapiensdog.com/;4.9;0;;
Dr. Valencia;Veterinario;C. Cuba 135;México;;;;4.9;0;;
Zoom Room Dog Training;Adiestrador canino;5429 Lake Howell Rd;Estados Unidos;;+1 407-891-4597;https://www.zoomroom.com/location/winter-park;4.9;0;;
kni2 Educacion Canina;Adiestrador canino;Jaén K., 1, 2ª Planta;Biscay;;659 32 06 53;http://www.kni2.com/;4.9;0;;
DAMELAPATA Adiestramiento a domicilio en Bilbao, Bizkaia;Adiestrador canino;;;;673 46 87 68;https://adiestramiento-perros.com/adiestramiento-canino-bizkaia/;4.9;0;;
L'Arbazana;Peluquero de mascotas;Calle Ciriaco Miguel Vigil, 10;Asturias;;604 86 98 91;;4.9;0;;
Centro canino o meu can hotel canino vigo;Peluquero de mascotas;Rúa de Severino Cobas, 39;Pontevedra;;689 68 11 68;https://www.instagram.com/centrocaninoomeucan/;4.9;0;;
La Tienda de tu Mascota Jardín de Málaga;Tienda de animales;C. Alcalde Joaquín Quiles, 15, Loc 2;29014 Málaga;;610 95 24 78;;4.9;0;;
Adiestrador Canino Murcia;Entrenador de mascotas;;;;690 15 07 34;https://adiestradorcaninomurcia.es/;4.9;0;;
La Barbuda Salón Canino;Peluquero de mascotas;Carrer del Cardenal Rossell, 15, Derecha;Illes Balears;;871 04 50 88;https://www.facebook.com/labarbudasaloncanino/;4.9;0;;
Mircatpark resort;Guardería canina;17162 Vilanna;Girona;;615 05 94 98;http://www.mircatpark.com/;4.9;0;;
Clínica Veterinaria D'VET Málaga;Veterinario;C. Rio Guadalmellato, 3;29006 Málaga;;951 15 29 10;https://www.instagram.com/dvetveterinario/;4.9;0;;
Dog Pride;Adiestrador canino;30163 Murcia;30163 Murcia;;674 66 53 14;;4.9;0;;
Hakuna mil patas;Peluquero de mascotas;C. Oceanía, 12;Las Palmas;;661 10 77 12;;4.9;0;;
LealCan Adiestramiento;Adiestrador canino;C. de los Morales, 36, 1B;28054 Madrid;;646 44 45 55;https://lealcan.com/;4.9;0;;
Clínica Veterinaria KatuVet;Veterinario;Fernández del Campo K., 9;Bizkaia;;946 29 30 35;https://www.katuvet.com/;4.9;0;;
Centre caní k-ssa, ensinistrament i residència canina;Adiestrador canino;Veinat les Serres 52;Girona;;660 30 66 16;https://www.instagram.com/centrekssa;4.9;0;;
Estilismo Canino Jeni Illescas;Peluquero de mascotas;C. Miguel Vivancos, 1;Murcia;;695 85 78 84;https://estilismocaninojeniillescas.com/;4.9;0;;
Interzoo Cardenal Benlloch Valencia;Tienda de productos para mascotas;Avinguda del Cardenal Benlloch, 42;Valencia;;744 70 99 39;http://interzoo.es/;4.9;0;;
BRÜVER Teatinos | Tienda de Mascotas, Peluquería y Farmacia Veterinaria;Peluquero de mascotas;Av. Jorge Luis Borges, 25;29010 Málaga;;952 71 31 02;https://www.bruver.es/;4.9;0;;
Colita | Adiestramiento canino;Adiestrador canino;Sector 14 - Parcela 245;Valencia;;962 78 62 32;;4.9;0;;
Peluditos peluquería canina.;Peluquero de mascotas;Ctra. Vieja de Santander, 18;Valladolid;;677 40 01 79;;4.9;0;;
GLAMDOG Salón canino;Peluquero de mascotas;C. Marcelino Suárez, 18, 4 Bjo;Asturias;;624 07 51 12;;4.9;0;;
Mas Can Pumarin - Tienda y Peluqueria canina y felina;Tienda de productos para mascotas;C. Tirso de Avilés, 5;Asturias;;984 08 78 06;https://mas-can.es/;4.9;0;;
Pemocan centro canino;Adiestrador canino;Camino del Olmillo, 17, 30;Murcia;;615 54 83 93;;4.9;0;;
Palma Dog;Comercio;Carrer de la Corderia, 20;Illes Balears;;686 66 18 89;http://www.palmadog.com/;4.9;0;;
Amigos CIPA Madrid;Protectora de animales;;;;916 00 00 00;https://amigoscipamadrid.com/;4.9;0;;
Huellas Amigas;Guardería canina;C. de Serrano Anguita, 10, Loc;28004 Madrid;;611 86 36 96;https://www.huellasamigas.com/;4.9;0;;
Al Agua Pato;Peluquero de mascotas;C. Atleta Antonio Peñalver, 3;30006 Murcia;;601 02 25 46;https://alaguapato.es/;4.9;0;;
Doggyland;Guardería canina;Extrarradio Diseminados, 104;Valladolid;;660 23 95 10;https://api.whatsapp.com/send?phone=34660239510;4.9;0;;
Ringo & Otto;Tienda de productos para mascotas;C. Platería, 8;47003 Valladolid;;983 74 24 37;https://ringoyotto.com/;4.9;0;;
La huella rosa;Peluquero de mascotas;esquina con;Alicante;;;https://lahuellarosa.es/;4.9;0;;
Exclusivas V.A.Z;Tienda de alimentos para animales;Rambla de Xavier Cugat, 15;17007 Girona;;972 21 43 15;;4.9;0;;
El rincón de luna;Peluquero de mascotas;C. Isabel la Católica, 9;29013 Málaga;;619 64 23 27;;4.9;0;;
Amigo Mio;Peluquero de mascotas;Avinguda de Roma, 113;08011 Barcelona;;663 33 01 13;https://facebook.com/pages/category/Local-Business/AMIGO-MIO-Peluqueria;4.9;0;;
Doggie Style Peluqueria Canina y Felina / Torremolinos;Peluquero de mascotas;C. Danza Invisible, 8;Málaga;;644 66 46 53;;4.9;0;;
Adiestramiento canino en Murcia Latana;Adiestrador canino;Cam. de la Almazara;Murcia;;629 75 64 17;http://latana.260mb.net/;4.9;0;;
Petluditos.VLC;Paseador de perros;Av. del Port;Valencia;;622 35 30 04;https://petluditosvlc.wixsite.com/petluditos;4.9;0;;
JovCan;Adiestrador canino;Partida Melik Bajo, 43;Alicante;;;;4.9;0;;
Adiestramiento Canino Lopecan;Adiestrador canino;;;;685 28 59 89;http://adiestramientocaninolopecan.com/;4.9;0;;
Masía Can Costelleta;Comercio;Camí Distribuidor;Barcelona;;609 33 65 06;http://www.cancostelleta.com/;4.9;0;;
Jana Beauty Salon;Peluquero de mascotas;Carrer del Maresme, 92;08019 Barcelona;;616 56 23 95;https://www.instagram.com/jana.beautysalon92/;4.9;0;;
Kora Yogurt Palmas;Yogurtería;Calle Las Palmas 4049;México;;;https://shor.by/7SD5;4.9;0;;
OvieDog;Peluquero de mascotas;P.º de la Florida, 5;Asturias;;634 72 25 84;;4.9;0;;
Imperio pet’s - Peluqueria Canina Madrid;Peluquero de mascotas;C. de Méndez Álvaro, 24;28045 Madrid;;671 94 25 41;;4.9;0;;
Boston Peluquería Canina Zaragoza;Peluquero de mascotas;C. de Pablo Iglesias, 31;50018 Zaragoza;;624 18 44 21;https://bostonpeluqueriacanina.es/;4.9;0;;
Naturanimal;Tienda de productos para mascotas;C. de San Mateo, 26;28004 Madrid;;910 93 58 16;https://naturanimal.es/;4.9;0;;
Internacional-k9;Adiestrador canino;03195 L'Altet;Alicante;;613 17 08 04;http://www.internacional-k9.com/;4.9;0;;
Guardería/Residencia Canina Familia Amor Animals;Guardería canina;;;;636 42 71 80;https://www.facebook.com/familiaamoranimals/;4.9;0;;
GarbiTxakur Sarriko. Peluquería canina, felina y autolavado de mascotas;Peluquero de mascotas;Agirre Lehendakariaren Etorb., 137;Bizkaia;;611 63 30 03;https://www.garbitxakur.com/;4.9;0;;
Adiestramiento EDUCAN en Bizkaia;Adiestrador canino;;;;633 22 11 49;https://www.adiestramientoeducan.com/bilbao;4.9;0;;
PetPals;Guardería canina;Partida Barberes Norte, 85;Alicante;;603 41 90 85;;4.9;0;;
La Jungla;Tienda de animales;C. Lara Castañeda, 18;29190 Málaga;;952 43 23 27;;4.9;0;;
Serendipity Dog's;Peluquero de mascotas;Avinguda de Benidorm, 7;Alicante;;640 77 06 03;;4.9;0;;
By Mascota Sants Barcelona - Veterinario, Tienda Mascotas, Peluquería Canina y Felina;Peluquero de mascotas;Carrer de Sants, 363;08028 Barcelona;;931 28 05 06;https://www.instagram.com/bymascotasants/;4.9;0;;
Pompon estilismo canino;Tienda de alimentos para animales;C. Nueva, 7, Pta 10;Valladolid;;983 69 27 04;https://www.instagram.com/reel/Cl5-ruzAFhQ/?igshid=MDJmNzVkMjY=;4.9;0;;
Centro canino La Serranía;Refugio para animales;Polígono 3 número 99, Partida cañada ardacho;Valencia;;647 11 65 43;https://www.facebook.com/podencosSos/;4.9;0;;
Gatera de L'alcúdia de Crespíns;Refugio para animales;Partida Terrer Roig, 12;Valencia;;;https://www.facebook.com/profile.php?id=100076465334436;4.9;0;;
Daniel Canela | Conducta canina;Adiestrador canino;;;;650 25 14 69;https://www.danielcanela.es/;4.9;0;;
UpDog Peluquería y Guardería Canina;Peluquero de mascotas;C. del Duque de Sesto, 5;28009 Madrid;;627 39 03 46;https://www.updog.es/peluqueria-y-guarderia-canina-goya/;4.9;0;;
Green Acres Farm Oviedo (By Appointment Only);Granja;1700 Marsh Rd;Estados Unidos;;+1 407-489-7430;https://www.facebook.com/GreenAcresFarmOviedo/;4.9;0;;
Bubblecan Peluquería canina y felina;Peluquero de mascotas;C. Marcelino Castillo, 15;28047 Madrid;;601 03 65 40;;4.9;0;;
Aixa Groomer Peluquería Canina;Peluquero de mascotas;Av. de Ramón Nieto, 187;Pontevedra;;649 65 08 18;https://sites.google.com/view/aixagroomer-com/aixa-groomer;4.9;0;;
NOBLECAN Adiestramiento Canino;Adiestrador canino;C. de La Serna del Monte, 5;28035 Madrid;;647 29 94 57;https://www.noblecan.com/;4.9;0;;
Linda's Feed & Supplies Inc;Tienda de productos para mascotas;1234 Sixth St;Estados Unidos;;+1 951-371-3330;;4.9;0;;
Pets & Beauty Studio - Centro de Estética y peluquería canina en Málaga;Peluquero de mascotas;C. Juan Pérez de Viedma, 50;29190 Málaga;;663 27 08 88;https://linktr.ee/raquel.david.estudio;4.9;0;;
Nani &Friends. Peluquería canina;Peluquería;Av. Buenavista, 12, bajo1;Asturias;;985 53 61 10;;4.9;0;;
San Roque Mascotas, Peluquería Canina y tienda especializada;Peluquero de mascotas;Pl. de la Cruz Roja, 2;30003 Murcia;;968 21 36 72;http://www.sanroquemascotas.com/;4.9;0;;
▷ Lara Martínez Educación Canina;Adiestrador canino;;;;634 50 60 18;https://laraeducacioncanina.com/;4.9;0;;
Casa Deniz;Alojamiento con servicio;C. Caro Sánchez, No 5;29018 Málaga;;684 23 41 31;;4.9;0;;
Residencia Canina Animalia;Guardería canina;C/Casas Del Chanete, 1;Murcia;;677 59 59 02;;4.9;0;;
Kanaky Terraria;Tienda de animales;C. Herramientas, 43;41006 Sevilla;;644 21 59 90;https://kanakyterraria.com/;4.9;0;;
By Mascota Los Remedios - Tienda Mascotas & Peluquería Canina;Peluquero de mascotas;C/ Asunción, 70;41011 Sevilla;;604 90 72 30;https://bymascota.com/tiendas/tiendas-mascotas-sevilla/tienda-mascotas-sevilla-los-remedios-2/;4.9;0;;
Lulitas - Peluquería Canina y Felina;Peluquero de mascotas;Carrer Poeta Carmelo Calvo, 11;Alicante;;604 14 94 36;https://lulitas.easyweek.es/;4.9;0;;
Limpiadog Albors;Peluquero de mascotas;Carrer d'Abén al Abbar, 14, Bajo 2;Valencia;;630 73 02 53;http://www.limpiadog.com/;4.9;0;;
Petfolk Veterinary & Urgent Care - Oviedo;Veterinario;1191 Alafaya Trail Ste 1317 D-01;Estados Unidos;;+1 407-269-8218;https://petfolk.com/locations/orlando-fl/vet-clinics/oviedo?utm_source=gbp&utm_medium=referral&utm_campaign=gbp_oviedo&utm_content=website_link;4.9;0;;
CENTRE DE REHABILITACIÓ I ACUPUNTURA REIVET;Veterinario;Carrer de Sant Joan Bta. la Salle, 37;17002 Girona;;669 04 10 95;http://www.reivet.com/;4.9;0;;
Cheyne Ranch, Inc.;Escuela de equitación;1963 Genova Dr;Estados Unidos;;+1 407-205-7744;http://www.cheyneranch.com/;4.9;0;;
Peluquería Canina Amparo;Tienda de animales;C. de la Primavera, 4;03012 Alicante;;965 24 80 77;;4.9;0;;
Adiestralo;Adiestrador canino;C. del Pico Sta. Catalina, 4;Madrid;;635 65 78 42;http://www.adiestralo.com/;4.9;0;;
Doña Eva;Peluquero de mascotas;C. Arcipreste Mariano Aroca;30011 Murcia;;614 25 21 58;;4.9;0;;
Kandovet;Tienda de animales;C. Gallo, 18;47012 Valladolid;;633 83 10 72;https://kandovet.com/;4.9;0;;
Ananda Bio - Dietètica Girona;Tienda naturista;Carrer Ultònia, 15;17002 Girona;;872 50 36 66;http://www.anandabio.es/;4.9;0;;
La Masia Canina;Guardería canina;Carretera Nacional II.a Km 2.7;Girona;;;;4.9;0;;
Clínica Veterinaria Taupadak;Veterinario;Arambarri Músico Kalea, 4 Trasera;Bizkaia;;944 01 64 08;https://www.taupadakvet.com/;4.9;0;;
Amores perrunos;Guardería canina;Carr. de la Almenara, 211;Murcia;;634 46 77 22;http://amoresperrunos.es/;4.9;0;;
BDEBRUNO SPA & STORE | TIENDA OFICIAL Y PELUQUERÍA CANINA;Peluquero de mascotas;C. del Monte Esquinza, 40;28010 Madrid;;913 14 84 49;https://bdebruno.com/pages/bdebruno-spa-store;4.9;0;;
Peluquería Canina La Elipa y Autolavado de mascotas I Love Dog Wash | Madrid Ciudad Lineal;Peluquero de mascotas;junto Mapfre;28017 Madrid;;638 05 58 78;https://www.peluqueriacaninalaelipa.com/;4.9;0;;
Centro Canino El Palmarillo;Adiestrador canino;Camino;Sevilla;;649 87 90 78;;4.9;0;;
Belfos peluquería canina y felina;Peluquero de mascotas;Carrer del Cap Jubi, 5;Valencia;;963 73 01 95;http://www.belfospeluqueriacanina.com/;4.9;0;;
Monisísimos - Peluquería Canina + Spa;Peluquero de mascotas;Calle del;Valencia;;960 41 07 25;;4.9;0;;
Adiestrador canino Las Palmas;Adiestrador canino;35019 Las Palmas de Gran Canaria;Las Palmas;;619 93 61 35;https://adiestradorcaninolaspalmas.blogspot.com/;4.9;0;;
Peluquería canina MARCOS Arriaza;Peluquero de mascotas;C. de Arriaza, 7;28008 Madrid;;619 62 44 49;;4.9;0;;
JustCan Adiestramiento y Educación Canina;Adiestrador canino;Carrer Bonavista, 105;Barcelona;;638 11 52 77;http://www.justcanbarcelona.com/;4.9;0;;
Gats i Gossos Sant Feliu;Refugio para animales;Carrer Torras i Bages, 11;Barcelona;;626 88 33 96;https://gatsigossos.cat/;4.9;0;;
UpDog Hotel y Guardería Canina;Guardería canina;Av. de Brasil, 14;28020 Madrid;;679 78 20 07;https://www.updog.es/hotel-canino-madrid;4.9;0;;
Wecan Córdoba. Adiestramiento Canino;Adiestrador canino;;;;697 34 15 22;https://wecanes.com/;4.9;0;;
Linda Diaz Peluqueria/Estetica canina y felina;Peluquero de mascotas;Passeig Capellades, 12, Loc;17840 Girona;;662 37 29 61;;4.9;0;;
Peluquería Canina Cesar's;Peluquero de mascotas;Pl. de San Juan de la Cruz, 9;28003 Madrid;;671 33 98 17;;4.9;0;;
Stacy Guarderia Canina;Cuidador de mascotas;Carrer de Cartagena;08025 Barcelona;;631 63 23 62;https://instagram.com/stacyguarderia?igshid=MzRlODBiNWFlZA==;4.9;0;;
El Arte Del Grooming;Peluquero de mascotas;Ronda de Segovia, 43;28005 Madrid;;607 77 93 77;;4.9;0;;
Guardi - Pigeon Fighter;Adiestrador canino;Carrer de Tarragona, 127;08014 Barcelona;;;https://aixagaliana.com/;4.9;0;;
4 Paws Animal Clinic;Veterinario;700 Clay St;Estados Unidos;;+1 407-832-9266;https://www.4pawsanimalclinic.com/;4.9;0;;
The Dog Stop - Oviedo;Guardería canina;1370 Oviedo Mall Boulevard;Estados Unidos;;+1 689-666-3089;https://thedogstop.com/locations/florida/oviedo/;4.9;0;;
La Canichera;Peluquero de mascotas;Pl. Tres Olivos, 12;28034 Madrid;;624 47 74 31;http://www.lacanichera.es/;4.9;0;;
Tú compi de vida Escoscao;Peluquero de mascotas;Av. de Pablo Gargallo, 98;50003 Zaragoza;;665 92 11 77;http://www.peluqueriacaninaescoscao.com/;4.9;0;;
África Zurita Educadora Canina;Adiestrador canino;;;;657 21 44 30;;4.9;0;;
Zampazampa;Tienda de productos para mascotas;C. Foncalada, 19;Asturias;;985 20 60 68;;4.9;0;;
EL RACÓ DELS PELUTS;Peluquero de mascotas;Carrer del Perelló, 69;Girona;;640 81 83 60;;4.9;0;;
Adiestrador Canino Barcelona;Adiestrador canino;Camí 27.76.1;Barcelona;;665 05 70 96;https://adiestradorcanino.barcelona/;4.9;0;;
Como El Perro Y El Gato Peluquería Canina Y Felina;Peluquería;Av. Valentín Masip, 30;Asturias;;684 68 39 24;;4.9;0;;
VeTerapia Centro veterinario y rehabilitación;Veterinario;C;Pontevedra;;886 16 03 35;http://veterapiacvr.com/;4.9;0;;
Peluquería Canina Corto & Cambio / Peluquería Canina en Las Torres de Cotillas;Peluquero de mascotas;Frente supermercado MASYMAS;Murcia;;655 78 53 18;https://www.facebook.com/profile.php?id=100087923927610&sfnsn=scwspwa;4.9;0;;
Hostal Smile & Co.;Hotel;C/ Rafael Terol, 22;Alicante;;676 46 96 90;https://hostalalicantesmileandco.com/;4.9;0;;
Alis Residència Guarderia Canina;Guardería canina;Veïnat de Puigpalter de Baix s/n;Girona;;690 76 71 56;https://www.alisagr.com/;4.9;0;;
Clínica Veterinaria Velazquez (Málaga);Veterinario;Av. de Velázquez, 5;29003 Málaga;;645 12 69 69;https://www.veterinariovelazquezmalaga.com/;4.9;0;;
S.O.S. Animales;Protectora de animales;46590 Estivella;Valencia;;625 61 26 20;;4.9;0;;
Residencia Canina y Adiestramiento Cruzcan;Adiestrador canino;29570 Cártama;Málaga;;603 25 77 53;https://www.cruzcan.es/;4.9;0;;
Lissy;Peluquero de mascotas;Carrer d'Entença, 133;08015 Barcelona;;931 18 36 83;;4.9;0;;
La Vall de les Bruixes;Adiestrador canino;Ctra. Camargas, 23;Girona;;600 00 54 99;;4.9;0;;
Spa Ponlo Xulo Peluquería y Estética Canina Born;Peluquero de mascotas;Carrer de les Basses de Sant Pere, 22;08003 Barcelona;;933 82 30 66;https://www.instagram.com/spaponloxulo/?hl=es;4.9;0;;
Middlesex Veterinary Hospital;Veterinario;166 McFann Rd;Estados Unidos;;+1 724-898-7833;https://middlesexveterinary.com/?utm_source=GMB&utm_medium=organic&utm_campaign=GBP-listing;4.9;0;;
MaryGroom . Peluquería Canina . Formación;Peluquero de mascotas;C. de Valdelinares, 4, bajo;Valencia;;672 59 00 76;https://marygroom.es/;4.9;0;;
Peluqueria Canina Ana Escribano;Peluquero de mascotas;P.º Joaquín Garrigues Walker, 3, bajo;Murcia;;617 58 97 97;https://www.instagram.com/anaescribano.peluqueracanina?utm_source=qr&igsh=OTBrcDJpcmJkbzA2;4.9;0;;
Layka;Peluquero de mascotas;C. del Porvenir, 17, Loc;50006 Zaragoza;;652 36 95 90;http://www.laykabelleza.es/;4.9;0;;
Canimals;Guardería canina;Plaça Diseminados;Valencia;;660 66 84 49;http://www.canimals.es/;4.9;0;;
Solo Es Un PERRO;Adiestrador canino;C. de la Paloma, 6;28005 Madrid;;634 56 51 50;https://www.soloesunperro.com/;4.9;0;;
UpDog Peluquería y Guardería Canina;Peluquero de mascotas;C. de Cartagena, 58;28028 Madrid;;669 36 85 77;https://www.updog.es/peluqueria-guarderia-canina-guindalera/;4.9;0;;
Dogeduca;Adiestrador canino;;;;722 87 58 85;https://dogeduca.es/;4.9;0;;
Xammy Dogs;Peluquero de mascotas;Passeig Illetes, 2, Loc 10;Balearic Islands;;971 70 16 85;;4.9;0;;
Mestizo Pet Spaw;Guardería canina;Paseo Alicante, 08, Santa Fe 3ra Seccion, 22664;México;;+52 664 716 2874;;4.9;0;;
Adiestramiento EDUCAN en Murcia;Adiestrador canino;;;;633 56 15 76;http://www.adiestramientoeducan.com/Murcia;4.9;0;;
Residencia canina Séneca;Guardería canina;Carretera Quemadillas, Km 399, Km 399;Córdoba;;649 09 05 76;http://www.residenciacaninaseneca.es/;4.9;0;;
Ohana Educación Canina;Adiestrador canino;;;;664 60 94 45;http://www.ohanaeducacioncanina.com/;4.9;0;;
Holistic Veterinary Care of Central Florida;Veterinario;1903 Brooks Ln;Estados Unidos;;+1 321-945-4188;http://www.holisticveterinaryorlando.com/;4.9;0;;
Arcan | Adiestrador de Perros en Sevilla;Adiestrador canino;Residencial Sirius;Sevilla;;623 73 04 20;https://www.arcansevilla.com/;4.9;0;;
CliniCan;Farmacia veterinaria;Catarino Benavides # 62 pte;México;;+52 872 295 9149;;4.9;0;;
K9 MARBELLA;Adiestrador canino;;;;664 60 03 61;https://www.k9marbella.com/;4.9;0;;
Top Dog Hotel;Guardería canina;Paraje Balsamora;Murcia;;669 15 87 36;http://www.topdoghotel.es/;4.9;0;;
Residencia Canina Sierracan;Guardería canina;M-104, PK 12, 100;Madrid;;687 80 87 20;http://www.sierracan.es/;4.9;0;;
UpDog Peluquería y Guardería Canina;Peluquero de mascotas;C. de Gaztambide, 50;28015 Madrid;;626 56 46 27;https://www.updog.es/peluqueria-y-guarderia-canina-chamberi/;4.9;0;;
Pets-stays;Cuidador de mascotas;Calle del Príncipe de Vergara;28002 Madrid;;685 21 07 28;https://www.pets-stays.com/;4.9;0;;
ABCDogs Camp Hotel;Guardería canina;Can Tries;Girona;;695 30 95 89;http://www.abcdogs.es/;4.9;0;;
Canitos Adiestramiento Canino;Adiestrador canino;;;;+52 33 2550 0252;;4.9;0;;
Peluquería canina Canituning;Peluquero de mascotas;local;50012 Zaragoza;;976 92 33 32;;4.9;0;;
Residencia Canina ecoCan;Guardería canina;Diseminado Poligon 2, 51;Valencia;;656 37 28 00;http://www.ecocan.es/;4.9;0;;
Limpitos y Coleando | Peluquería Canina en Valencia;Peluquero de mascotas;Carrer de Calixt III, 15;Valencia;;654 95 37 12;http://limpitosycoleando.es/;4.9;0;;
Vibras Caninas;Peluquero de mascotas;C. de Martín de Vargas, 11, Loc Esquina;28005 Madrid;;623 53 59 70;https://instagram.com/vibrascaninas?igshid=YmMyMTA2M2Y=;4.9;0;;
Evolucan K9 Integral services sl;Adiestrador canino;Av. la Prensa, 4;41007 Sevilla;;614 21 48 31;https://www.evolucank9.es/;4.9;0;;
TopKnot - Centro Estético Canino;Peluquero de mascotas;C. de Joaquín María López, 24;28015 Madrid;;722 10 61 91;http://topknot.es/;4.9;0;;
Clínica veterinària GATiGOS;Veterinario;Carr. de Maçanet, 6;Girona;;972 53 57 17;;4.9;0;;
Ca la Veterinària;Veterinario;Carrer de la Riera de Bugantó, 10;17003 Girona;;682 72 40 61;http://www.calaveterinaria.cat/;4.9;0;;
Animals Clayser Malaga;Tienda de animales;Ctra. de la Azucarera Intelhorce, 36;29004 Málaga;;640 01 51 99;;4.9;0;;
Chester House Centro Canino – Guardería y Peluquería Canina en Madrid;Peluquero de mascotas;C/ del Padre Claret, 10B;28002 Madrid;;614 07 31 10;https://chesterhouse.es/;4.9;0;;
Patitas Peluquería Canina Málaga;Peluquero de mascotas;C. Paco Miranda, 8;29013 Málaga;;693 29 62 43;https://patitasmalaga.es/;4.9;0;;
Peluquería Canina Ángel;Peluquero de mascotas;Carrer d' Alexandre VI, 3;Valencia;;722 70 00 11;;4.9;0;;
Adiestramiento y Guardería Canina Lesacan;Tienda de productos para mascotas;;;;633 88 01 21;https://lesacan.es/;4.9;0;;
Clinyvet;Veterinario;Av. Málaga Oloroso, 8;29014 Málaga;;952 26 12 18;http://www.facebook.com/CLINYVET;4.9;0;;
Taily Mood Adiestramiento Canino;Adiestrador canino;;;;616 15 03 31;https://tailymood.com/;4.9;0;;
Pet n´Love Lauro Villar;Tienda de productos para mascotas;Gobernación entre Av Lauro Villar y División del norte;México;;+52 833 705 2509;;4.9;0;;
Peluquería canina la Marquesa;Peluquero de mascotas;Pl. Dr. Gómez Ulla, 10, bajo;03013 Alicante;;686 55 23 72;;4.9;0;;
Hotel de Gossos Mas la Badosa;Guardería canina;Mas la Badosa;Girona;;650 31 82 98;http://www.labadosa.cat/;4.9;0;;
Guau Studio Peluqueria Canina;Peluquero de mascotas;C. de Sta. Feliciana, 19;28010 Madrid;;667 88 54 52;http://guaustudiomadrid.es/;4.9;0;;
Criadero Pets de Cardecan;Criador canino;C. Virgen de la Laguna, 4;Sevilla;;651 78 61 60;https://sites.google.com/d/1zCE-cVeK2eWxmOM_8qO9e0G3JVfIj17i/p/15wtkdsXzTqM594KFdkbXA8x2r3UEnAPw/edit;4.9;0;;
Guardería y Adiestramiento Canino en Murcia -CORDY SERVICIOS CANINOS;Adiestrador canino;PARAJE LA PILICA, 42, Antigua Granja Escuela Los Limoneros, 30565;Murcia;;667 29 24 30;https://cordyservicioscaninos.com.es/;4.9;0;;
Delicias Animals;Tienda de animales;C. Manuel Altolaguirre, 16, Loc 3;29003 Málaga;;744 70 88 06;https://deliciasanimals.com/;4.9;0;;
hundsfutter Madrid;Tienda de productos para mascotas;C. del Tesoro, 13;28004 Madrid;;659 60 23 13;http://www.hundsfutter.eu/;4.9;0;;
AliVet Clínica Veterinaria (Veterinario Alicante);Veterinario;C. Poeta Quintana, 40;Alicante;;613 06 03 34;https://clinicaveterinariaalivet.es/;4.9;0;;
Sa Riera Centro Veterinario;Veterinario;Carrer d'Eivissa, 4;Illes Balears;;871 90 47 57;http://www.sarieravet.com/;4.9;0;;
ESPAICAN Centro Canino Valencia;Adiestrador canino;Cami Vell de Russafa, S/N, Pol 31 Parc147;Valencia;;674 86 68 00;https://espaican.com/;4.9;0;;
CIAC;Tienda de productos para mascotas;Calle Fernández de Ribera, 7;41005 Sevilla;;604 91 16 82;http://www.ciacmascotas.com/;4.9;0;;
Woof Gang Bakery & Grooming Oviedo;Peluquero de mascotas;1799 E Broadway St;Estados Unidos;;+1 407-542-0080;https://www.woofgangbakery.com/pages/locations/oviedo?utm_source=google&utm_medium=gmb;4.9;0;;
Hakadogs - Adiestramiento canino en Archena, Murcia;Adiestrador canino;Diseminado Rambla del Arco, 386;Murcia;;685 64 82 41;https://www.hakadogs.com/es/adiestramiento-canino-archena;4.9;0;;
Oh My Gos Guarderia Canina;Guardería canina;Torrent de Can Mariner, 7;08031 Barcelona;;605 59 48 48;https://www.ohmygoshorta.com/ca/;4.9;0;;
Mascota 11;Peluquero de mascotas;Pje. Archanda, 7;29010 Málaga;;952 61 18 79;;4.9;0;;
Hocicos Mallorca | Guardería sin Jaulas | Desde 2012;Guardería canina;;;;697 44 62 86;http://www.hocicos.es/;4.9;0;;
Rasca y Brinca | Tienda de alimentación y accesorios para Perros y Gatos;Tienda de alimentos para animales;Av de Gijón, 76;47009 Valladolid;;614 18 66 83;https://rascaybrinca.com/;4.9;0;;
Personal Growth K9;Adiestrador canino;;;;664 19 39 75;;4.9;0;;
ADIESTRAMIENTO con SENTIDO;Adiestrador canino;C. Avellana, 1;28027 Madrid;;692 28 92 26;https://www.adiestramientoconsentido.com/;4.9;0;;
Adiestradora Canina Pontevedra;Adiestrador canino;;;;625 38 06 53;https://www.adiestradoracaninapontevedra.com/;4.9;0;;
Furever Green All-Natural Dog Boutique & Spa;Peluquero de mascotas;226 Mars Valencia Rd;Estados Unidos;;+1 724-991-9212;;4.9;0;;
Sa Indioteria Clinica Veterinaria;Veterinario;Camí Nou, 45, BAJO;Balearic Islands;;971 43 10 81;https://www.saindioteriacv.es/es/;4.9;0;;
Educanimals;Adiestrador canino;;;;634 43 16 65;https://educanimals.com/;4.9;0;;
veterinària sa palla;Veterinario;plaça del pes de sa palla 5;Balearic Islands;;635 76 91 14;;4.9;0;;
CalleMascota;Peluquero de mascotas;Carrer de Mariano Ribera, 14;Valencia;;625 23 28 70;https://www.callemascota.com/;4.9;0;;
Peluqueria canina Reguau!pos;Peluquero de mascotas;Santiago Brouard Kalea, 2;Bizkaia;;657 13 40 24;;4.9;0;;
Cris PDAE - Rabudos;Peluquero de mascotas;Peluquería Canina;Pontevedra;;698 14 02 59;https://rabudospeluqueriacanina.com/;4.9;0;;
CANINO DIVINO;Peluquero de mascotas;Calle Ben-Sahl de Sevilla;41008 Sevilla;;660 39 11 41;;4.9;0;;
Veterinaria Castillo;Veterinario;Pelícano 421;México;;+52 81 8030 7817;;4.9;0;;
La Casa de la Abuela Rosy Malaga;Hotel;C. Barcenillas, 8;29012 Málaga;;627 35 63 04;http://www.lacasadelaabuelarosy.es/;4.9;0;;
Boutique Animal;Tienda de productos para mascotas;Carrer de Jaume Lladó i Ferragut,08 Carrefour;Balearic Islands;;659 33 85 12;https://linktr.ee/boutiqueanimal;4.9;0;;
Adiestramiento Easy dog Marbella;Adiestrador canino;C. la Morera, 20;Málaga;;686 55 87 01;http://instagram.com/easydogmarbella;4.9;0;;
Como en Casa 🐕 Hostel | Guardería Canina;Guardería canina;Diseminado. Polígono, 6, Parcela 68;Balearic Islands;;659 91 67 34;;4.9;0;;
Manydogs Adiestramiento;Adiestrador canino;;;;660 54 07 44;http://www.manydogs.es/;4.9;0;;
Residencia canina El Valle;Guardería canina;Camí de Llíria a Portaceli;Valencia;;666 80 03 66;https://www.facebook.com/p/criadero-de-pastor-aleman-100022132350930/;4.9;0;;
PROTECTORA VIDA;Protectora de animales;Mirador del Cigarralejo;Murcia;;698 98 13 57;http://www.protectoravida.org/;4.9;0;;
Yeyecan;Adiestrador canino;Bda. las Posturas, 10;Málaga;;634 61 35 23;;4.9;0;;
EUROCONTROL;Refugio para animales;;;;;http://www.gatitud.org/;4.9;0;;
Seciliatus Mascotas;Tienda de reptiles;C. Virgen de Aguas Santas, 8;41011 Sevilla;;954 32 88 23;https://seciliatus.com/;4.9;0;;
Luxopet Girona;Peluquero de mascotas;Plaça de Miquel de Palol, 1;17005 Girona;;661 27 35 40;https://luxo-pet.com/girona/;4.9;0;;
peluquería canina La Dolce Vita;Peluquero de mascotas;C/ de Just Vilar, 26, bajo derecha;Valencia;;664 42 44 05;;4.9;0;;
Escuela Canina Adrican Dogtraining;Adiestrador canino;;;;633 34 44 22;https://www.adrican.com/;4.9;0;;
Estilismo Canino Alba Paton;Peluquero de mascotas;Carrer de Luis García-Berlanga Martí, 11, bajo;Valencia;;607 49 36 60;http://www.estilismocaninoalbapaton.com/;4.9;0;;
Arias peluquería canina;Tienda de animales;C. de la Palma, 68;28015 Madrid;;624 15 78 81;;4.9;0;;
Conecta Can;Adiestrador canino;;;;;https://conectacan.com/contacto/;4.9;0;;
Pets Place Mallorca;Tienda de animales;C. de Blanquerna, 27, B;Illes Balears;;971 75 61 95;http://www.petsplacemallorca.com/;4.9;0;;
Escuela Educación Canina El PARQUE;Adiestrador canino;46530 Puçol;Valencia;;615 67 30 76;;4.9;0;;
Factor Amigo (Aarón y Miguel) - Adiestramiento de Perros Zaragoza;Adiestrador canino;;;;616 15 03 31;https://factoramigo.es/?utm_source=Google%20My%20Business&utm_medium=Organico&utm_campaign=Tr%C3%A1fico%20GMB;4.9;0;;
Clínica Veterinaria Mares S.L.;Veterinario;Carrer Foglietti, 38;Alicante;;966 37 70 10;;4.9;0;;
Perros Perrones;Peluquero de mascotas;Av. 31 entre calles 18 y 20;México;;+52 271 214 7452;https://www.facebook.com/profile.php?id=100063609450526;4.9;0;;
Dogs In Town Madrid;Guardería canina;P.º de La Habana, 87;28036 Madrid;;611 83 96 40;https://dogsintown.es/;4.9;0;;
ConSentiDogs;Peluquero de mascotas;Av. de los Condes de Soto Ameno, 32;03005 Alicante;;865 71 02 16;http://www.consentidogs.es/;4.9;0;;
ZARKOCAN (Centro Canino Profesional);Adiestrador canino;Rua Ribeira, 2;Pontevedra;;609 47 86 36;https://www.instagram.com/zarkocan?igsh=MWhnc3VidGZrc2Q2Zw==;4.9;0;;
Golden Royal Stars;Guardería canina;Carrer del Riu;Valencia;;651 32 64 48;http://www.goldenroyalstars.com/;4.9;0;;
Adiestramiento Canino HOLISTICAN;Adiestrador canino;29570 Cártama;Málaga;;616 68 85 51;https://www.adiestramientocaninoholistican.com/;4.9;0;;
Chuliños Peluquería Canina;Peluquero de mascotas;Av. de Castrelos, 166;Pontevedra;;625 29 15 06;https://www.chulinhos.com/;4.9;0;;
Cave Canem;Peluquero de mascotas;Carrer del Pintor Zariñena, 18, BAJO;Valencia;;645 86 88 77;;4.9;0;;
Perro Sano;Adiestrador canino;Pg. del Taulat, 258, 5.2;08019 Barcelona;;685 06 30 66;https://tuperrosano.com/;4.9;0;;
Clínica veterinaria de Pichera;Criador canino;Carrer Doctor Constantí Gómez, 35;Valencia;;625 55 61 07;http://www.pichera.com/residencia/clinica.html;4.9;0;;
Integradogs Valencia Educación Canina a Domicilio;Adiestrador canino;Carrer 210, 6;Valencia;;697 65 97 17;http://www.integradogsvalencia.com/;4.9;0;;
Garden Veterinary Clinic;Veterinario;1479 Gene St;Estados Unidos;;+1 407-250-5000;http://gardenveterinaryclinic.com/;4.9;0;;
KH Peluqueria Canina;Peluquero de mascotas;C. de Cáceres, 48, Loc 2;28045 Madrid;;638 93 74 41;;4.9;0;;
Sebastian Abalos: Adiestramiento y Educación Canina;Adiestrador canino;;;;+54 351 270-0705;https://www.youtube.com/channel/UC-HRhXEOK8bblFfPPwEu-dw;4.9;0;;
Diéresis Animal;Adiestrador canino;;;;638 88 85 08;https://www.dieresisanimal.com/;4.9;0;;
Clínica Veterinaria Lametones;Veterinario;C. Poeta Aurora de Albornoz, 3;29010 Málaga;;951 00 70 50;;4.9;0;;
Anicartago;Guardería canina;Carretera de La Manchica Km. 3,300 LAS PALAS FUENTE ALAMO;Murcia;;629 63 67 55;http://www.anicartago.com/;4.9;0;;
Peluquería Canina Can de Chira;Peluquero de mascotas;C. del Valle de Broto, 4;50015 Zaragoza;;617 13 40 26;https://candechirapeluqueriacanina.com/;4.9;0;;
Adiestramiento EDUCAN en Zaragoza;Adiestrador canino;Pl. de San Pedro Nolasco, 1;50001 Zaragoza;;;http://www.adiestramientoeducan.com/zaragoza;4.9;0;;
Ikican: guardería canina en Madrid (Las Rosas);Guardería canina;C. San Petersburgo, 1;28022 Madrid;;672 32 76 30;https://www.ikican.es/?utm_source=google&utm_medium=organic&utm_campaign=gmb;4.9;0;;
Miscota;Tienda de productos para mascotas;Avenida de la Constitución, junto;30008 Murcia;;611 93 82 91;http://www.miscota.com/;4.9;0;;
Peludog | Peluquería Canina;Peluquero de mascotas;Nueva Torrequebrada;Málaga;;683 64 98 86;;4.9;0;;
Canipet Clínica Veterinaria;Veterinario;Carrer Daia Vella, 10;Alicante;;671 75 01 46;;4.9;0;;
Peluquería Canina en Málaga - WENDY & NEO;Peluquero de mascotas;C. Juan Antonio Tercero, 11;29011 Málaga;;674 50 80 92;https://wendyneo.es/?i=1;4.9;0;;
Centro Canino y de Adiestramiento Adicapal;Escuela;C. Martinez Ruker;14005 Córdoba;;645 47 97 26;http://www.adicapal.com/;4.9;0;;
Instint Girona;Tienda de alimentos para animales;Carrer de Pau Casals, 6;17001 Girona;;972 20 63 78;https://www.instagram.com/instint_girona/?hl=es;4.9;0;;
Multimascotas El Robles;Tienda de productos para mascotas;C. José Tallaví, n9;29014 Málaga;;951 38 12 24;;4.9;0;;
LA PERRUQUERIA MONA - Peluquería canina y felina;Peluquero de mascotas;C. Laurel, n14;30100 Murcia;;621 02 39 91;;4.9;0;;
Trebacan Educación Canina;Adiestrador canino;;;;633 96 84 42;http://www.trebacan.com/;4.9;0;;
Peluquería ALDAMA - Da vida a tus rizos;Peluquería;Harategi Zahar Kalea, 19;Bizkaia;;688 88 33 50;https://www.aldamapeluqueria.es/;4.9;0;;
D'casaumurciak9;Adiestrador canino;Autovía de Murcia, 398;Murcia;;647 20 64 14;https://dcasaumurciak9.com/;4.9;0;;
Peluquería Canina Eliane Queiroz;Peluquero de mascotas;Carrer de Lluçà, 42;08028 Barcelona;;673 78 90 08;https://www.facebook.com/Elianepelucanina/;4.9;0;;
Olé Dogo;Peluquero de mascotas;P.º de la Esperanza, 49, Loc Izq;28005 Madrid;;613 39 69 15;https://oledogo.com/;4.9;0;;
Willow's Groomer;Peluquero de mascotas;181 W Broadway St;Estados Unidos;;+1 407-603-1875;https://www.willowsgroomer.com/;4.9;0;;
Seminole Trail Animal Hospital;Veterinario;383 Vistawilla Dr;Estados Unidos;;+1 407-366-4486;https://www.seminoletrail.com/;4.9;0;;
SeguraCan;Adiestrador canino;Camí del Rebolledo, 12;Alicante;;669 74 46 62;http://www.seguracan.es/;4.9;0;;
ANIMALADAS PELUQUERIA CANINA-FELINA;Peluquero de mascotas;C. Cervantes, 24;Alicante;;965 94 38 99;https://www.facebook.com/Animaladasanjuan;4.9;0;;
Cris y Eli Peluquería Canina Vigo;Peluquero de mascotas;Rúa de Barcelona, 23, Bajo B;Pontevedra;;667 07 60 68;https://crisyelipeluqueriacanina.com/;4.9;0;;
HUELLAS ANIMAL;Peluquero de mascotas;C. Cameros, 4;29006 Málaga;;744 46 36 79;;4.9;0;;
Decans - Peluquería canina y felina;Peluquero de mascotas;Calle;Pontevedra;;665 90 60 98;https://www.decans.es/;4.9;0;;
Chuli Pets Peluquería Canina;Peluquero de mascotas;Carrer Prosperitat, 12;Alicante;;722 72 19 17;https://www.facebook.com/chulipetsdogs/;4.9;0;;
Peluquería Burbuja Dog Deusto;Peluquero de mascotas;Blas de Otero Kalea, 2 lonja, bajo 2 lonja;Biscay;;;;4.9;0;;
Yaakun Adiestramiento Canino Valencia;Adiestrador canino;Partida Cañada Jacinto 190, Polígono 8;Valencia;;639 26 41 91;http://www.grupoyaakun.com/;4.9;0;;
Pels Pèls;Peluquero de mascotas;Carrer de Còrsega, 612;08025 Barcelona;;934 35 69 21;https://www.facebook.com/ppels/;4.9;0;;
Clínica Veterinaria Campo Volantín | MiVet;Veterinario;Uriortu Kalea, 9;Bizkaia;;944 46 53 33;https://mivet.com/clinica-veterinaria-campo-volantin-bilbao/?utm_source=GoogleMaps&utm_medium=MyBusiness;4.9;0;;
Adecan Córdoba centro canino;Adiestrador canino;Alcaide Parcelas 14005;Córdoba;;;http://www.adecancentrocanino.com/;4.9;0;;
LUNACAN (tienda de alimentación para mascotas y adiestrador canino profesional en San Jose de la Rinconada);Adiestrador canino;C. Miguel Servet, n°11, C;Sevilla;;690 91 81 02;http://www.lunacan.es/;4.9;0;;
Animalitos;Peluquero de mascotas;Carrer de la Rutlla, 35;17002 Girona;;972 21 21 30;https://animalitos.es/;4.9;0;;
Patitas & co;Tienda de productos para mascotas;Calle de Fuencarral, 156;28010 Madrid;;672 72 63 06;https://patitasco.com/;4.9;0;;
Guaw Vigo Gran Vía;Tienda de animales;Gran Vía;Pontevedra;;886 06 30 45;https://www.guaw.com/;4.9;0;;
Clínica Veterinaria Benacantil;Veterinario;C/ Arquitecto Guardiola, 25, Bajo;03007 Alicante;;611 88 19 88;https://www.veterinariabenacantil.com/;4.9;0;;
Veterinaria Gamma;Cuidados veterinarios;Av Zaragoza 103;México;;+52 614 407 6335;;4.9;0;;
Arcanes Entrenamiento y Psicología Canina;Adiestrador canino;Av. de la Plata, 111, bajo;Valencia;;695 72 44 95;https://arcanes.com.es/;4.9;0;;
Centro De Cría Mascotalor;Criador canino;Cam. del Puente Alto, 116;Murcia;;623 22 42 97;http://www.mascotalor.es/;4.9;0;;
Clínica Veterinaria AMETS;Veterinario;C. México, 27, local 1;03008 Alicante;;640 07 29 06;http://cvamets.com/;4.9;0;;
Happy Guau - Adiestramiento Canino;Adiestrador canino;Calle Dr. Gadea, 23;Alicante;;644 28 98 57;https://happyguau.es/?utm_source=gmb&utm_medium=organic&utm_campaign=google-my-business;4.9;0;;
Estilistas Caninos Thai;Peluquero de mascotas;C. José Antonio Camacho, 6;Murcia;;;;4.9;0;;
ADIESTRA KANINO SEVILLA;Adiestrador canino;Norte;41015 Sevilla;;669 55 23 02;http://tiktok.com/@adiestrakaninossevilla;4.9;0;;
Aratinga Peluqueria Canina;Peluquero de mascotas;C/ d'Alboraia, 55;Valencia;;963 38 99 07;https://aratingapeluqueria.com/;4.9;0;;
OH MY DOG! Palma Peluquería canina y guarderia;Peluquero de mascotas;C. del Roser, 10;Illes Balears;;658 26 19 56;;4.9;0;;
I Love Dog Wash | Zaragoza - Autolavado de mascotas;Peluquero de mascotas;C. de Manuel Lasala, 32;50006 Zaragoza;;614 19 54 39;https://ilovedogwash.com/;4.8;0;;
Días Perros;Guardería canina;C. de la Isla de Oza, 59;28035 Madrid;;747 42 94 20;https://diasperros.com/;4.8;0;;
Masterofcanes - educación y adiestramiento canino Valencia;Adiestrador canino;Carrer de Joaquín Costa, 50;Valencia;;;http://www.masterofcanes.com/;4.8;0;;
Albergue Municipal Animales Abandonados;Protectora de animales;Cam. del Cementerio;Murcia;;625 98 76 62;http://www.cuatropatasjumilla.com/;4.8;0;;
Clinica Millán;Fisioterapeuta;Av. de Jacinto Benavente, 9;29014 Málaga;;951 88 16 13;;4.8;0;;
Dog City - La ciudad soñada para tu perro;Guardería canina;Av. del Pintor Joaquín Sorolla, 51;29016 Málaga;;623 71 85 17;https://dogcity.es/?utm_campaign=GMB&utm_source=gmb&utm_medium=gmb;4.8;0;;
HUESITOS, Centro Canino de Estética;Guardería canina;C. Ángela Romero de Torres, 5;14010 Córdoba;;696 71 10 90;https://www.instagram.com/huesitos_centro_canino/;4.8;0;;
Veterinaria Piolín;Cuidados veterinarios;Lic. Gavino Vazquez 429-VD;México;;+52 658 516 6728;;4.8;0;;
Zona ZECA - Parque Canino;Parque para perros;C. Escritor Francisco Alemán Sainz, 14E;30009 Murcia;;;http://www.murcia.es/;4.8;0;;
CARING DOG Nuevo Torneo;Tienda de productos para mascotas;Polígono Industrial Nuevo Torneo Calle Astronomía Local N 16 Y 18;41015 Sevilla;;955 35 85 38;http://www.caringdog.com/;4.8;0;;
Dogycat Clinica Veterinaria Cd. Juárez;Veterinario;Blvrd Francisco Villarreal Torres 3720-6;México;;+52 656 687 2491;;4.8;0;;
Peluqueria canina 4 patas san isidro valencia;Peluquería;Carrer de José Andreu Alabarta, 35;Valencia;;657 82 06 42;;4.8;0;;
Veterinari Establiments;Veterinario;Camí de Can Pau Cella, 2;Illes Balears;;971 01 73 62;http://www.veterinario-establiments.com/;4.8;0;;
Centro Oftalmológico Veterinario Vission;Hospital veterinario;Avenida el;Asturias;;984 48 46 54;http://www.vissionvet.es/;4.8;0;;
Los Perruqueros De Arganzuela;Peluquero de mascotas;C. del Laurel, 33;28005 Madrid;;686 50 68 48;https://www.losperruqueros.com/;4.8;0;;
Clínica Veterinaria Miraflores del Palo;Veterinario;C. Francisco Guillón, 11;29017 Málaga;;952 29 05 88;http://www.veterinariamiraflores.com/;4.8;0;;
Peluqueria canina Sevilla este;Peluquero de mascotas;Calle Cueva del gato 6, local 17A;Sevilla;;656 90 03 67;;4.8;0;;
Peluquería canina Gálata Madrid Río;Peluquero de mascotas;Cl. del Mármol, 3;28005 Madrid;;624 65 65 12;;4.8;0;;
Marina Vázquez Perruquería i Benestar Animal;Peluquero de mascotas;Puesto Exterior) Mercado Benicalap;Valencia;;673 20 03 61;;4.8;0;;
Lake Baldwin Dog Park;Parque para perros;1864-2018 S Lakemont Ave;Estados Unidos;;+1 407-599-3334;https://cityofwinterpark.org/departments/parks-recreation/parks-playgrounds/parks/lake-baldwin-park/;4.8;0;;
Pupis Perrupis Servicios Veterinarios;Veterinario;Blvd. Zaragoza 666-Loc 17;México;;+52 656 458 3837;;4.8;0;;
Guardería HUELLITAS;Guardería canina;Turó Rodó, 1;Barcelona;;638 91 29 74;;4.8;0;;
Styl Dog;Peluquero de mascotas;Av. de Pablo Gargallo, 17;50003 Zaragoza;;976 43 52 26;;4.8;0;;
Peluquería canina Cocofany - Baño y corte en valencia;Peluquero de mascotas;Carrer del Pintor Rafael Solbes, 1;Valencia;;642 70 38 35;;4.8;0;;
Pichichus: Peluqueria Canina en Mallorca;Peluquero de mascotas;Carrer de Miquel Arcas, 1, Loc 5;Balearic Islands;;673 08 65 47;http://www.pichichus.com/;4.8;0;;
Luxury Dog Peluquería de mascotas;Peluquero de mascotas;C. del Idioma Esperanto, 11;28017 Madrid;;640 12 96 71;https://luxurydog.es/;4.8;0;;
Can Patas Mallorca;Protectora de animales;Camí de ses Erasses;Illes Balears;;665 02 35 10;https://www.canpatas.com/;4.8;0;;
Cris perruqueria canina i felina;Peluquero de mascotas;Carrer del Torrent de l'Olla, 194;08012 Barcelona;;607 57 56 88;https://www.facebook.com/Cris-Perruqueria-Canina-i-Felina-2003897479845294;4.8;0;;
Akindi Bizkaia - Adiestramiento canino;Adiestrador canino;Bº GARAY 56;Biscay;;669 00 61 71;https://akindi.es/adiestramiento-y-educacion-canina-en-bizkaia/?utm_source=seolocal&utm_medium=adiestramiento-bizkaia&utm_campaign=web;4.8;0;;
Vicente Busquets Castañer;Veterinario;Camí Nou, 45;Illes Balears;;971 43 10 81;http://www.saindioteriacv.es/es/;4.8;0;;
Centro Canino Mar Menor;Adiestrador canino;Pje. lo Tahonero;Murcia;;690 03 22 33;;4.8;0;;
Chokolino Peluquería Canina;Peluquero de mascotas;C. Foncalada, 13;Asturias;;678 02 81 28;;4.8;0;;
Cornerstone Veterinary Center;Veterinario;855 E State Rd 434 #1105;Estados Unidos;;+1 407-604-3043;https://www.cornerstonevetcenter.com/;4.8;0;;
MAR Apartments;Hotel;C. del Sargo, 9;03540 Alicante;;699 65 34 56;http://www.marapartments.es/;4.8;0;;
Animalia Iñigo;Tienda de productos para mascotas;C. Francisco Jiménez Lomas, 4;29004 Málaga;;609 53 09 07;;4.8;0;;
Animal dreams;Peluquero de mascotas;Carrer de Berenguer de Sant Joan, 3;Illes Balears;;871 04 81 25;;4.8;0;;
Centro Veterinario Monsalvez;Veterinario;C. Mercedes Formica, Loc 1 y 2;Málaga;;952 62 36 98;;4.8;0;;
Clinica Veterinaria Elda 13;Cuidados veterinarios;C. Elda, 13;03012 Alicante;;627 03 48 60;http://www.clinicaelda13.hyla.es/;4.8;0;;
Suites Machado;Apartamento turístico;C. Fabiola, 9;41004 Sevilla;;696 67 34 96;http://www.suitesmachado.com/;4.8;0;;
La Pastora;Peluquero de mascotas;C. Martínez Barrionuevo, 5;29014 Málaga;;630 10 58 56;https://www.facebook.com/LaPastoraBellezaCanina;4.8;0;;
Clínica Veterinaria Izar;Veterinario;Calle viuda de Epalza 10;Biscay;;944 15 12 70;;4.8;0;;
Peluquería Canina Styl Can;Peluquero de mascotas;Carrer del Marquès de Bellet, 54;Valencia;;963 77 05 17;;4.8;0;;
Can Quel dels Alls;Alojamiento con servicio;Carr. de Palamós, 22;Girona;;680 93 71 65;https://www.canqueldelsalls.cat/;4.8;0;;
La Comuna Apartments;Hotel;Carrer de la Barca, 34;17004 Girona;;638 67 39 03;http://www.bondiaresidences.com/la-comuna;4.8;0;;
Bonivet Veterinarios;Cuidados veterinarios;C. José Calderón, 74B;29590 Málaga;;618 91 29 81;https://www.instagram.com/bonivetveterinarios/?hl=es%20%20https://www.facebook.com/bonivetveterinarios/;4.8;0;;
Barber Dog;Peluquero de mascotas;Rotonda de Suárez, N88, local 18;29011 Málaga;;642 44 25 53;;4.8;0;;
Peluquería Canina Can Bau;Peluquero de mascotas;Carrer de Girona, 101;08009 Barcelona;;693 99 45 12;https://www.instagram.com/peluqueriacaninacanbau/;4.8;0;;
InterAnimals - Alejandra Gomes d'Amaral;Adiestrador canino;C/ d'Alboraia, s/n;Valencia;;620 26 84 06;https://alejandragomesdamaral.com//;4.8;0;;
Dogsbid;Adiestrador canino;;;;663 14 17 10;https://www.instagram.com/dogsbid?igsh=ZHV6dnl0N2NiYTd6;4.8;0;;
CLÍNICA VETERINARIA Puerto De La Torre;Veterinario;Av. Manuel Rodríguez, 1;29190 Málaga;;624 25 35 59;;4.8;0;;
Olfacanes;Guardería canina;Cam. de Bollullos;Sevilla;;687 01 75 44;https://olfacanes.es/;4.8;0;;
Ca Sa Nina LIBRES Y FELICES COMO EN CASA;Guardería canina;39.6160228, 2.8653160;Balearic Islands;;641 37 39 76;https://casaninadogs.wixsite.com/casaninadogs;4.8;0;;
Cuidadora de mascotas Valencia;Cuidador de mascotas;;;;;https://cuidadoracanina.godaddysites.com/;4.8;0;;
Tropical Manises;Tienda de animales;Carrer Sant Antoni, 115;Valencia;;961 29 88 88;https://www.tropicalmanises.com/;4.8;0;;
Tu Pet, Estilismo de Mascotas, Peluquería Canina, Dog Grooming Salon.;Peluquero de mascotas;Carrer de les Brigades Internacionals, 2;Valencia;;633 75 10 72;;4.8;0;;
El Perro Andaluz;Veterinario;Calle Gral. Ibáñez, 49;29013 Málaga;;952 26 66 53;http://www.qdqinfo.es/MP/perro-andaluz/;4.8;0;;
NaturZoo |1| 🐶 ||💈Peluquería Canina || Tienda mascotas y Alimentación Natural-Barf||🛍🥩;Peluquero de mascotas;Avenida Cañito Bazán, N2 Bis;14011 Córdoba;;957 41 89 46;http://www.tiendanaturzoo.com/;4.8;0;;
Dog Estilistas Caninos;Peluquero de mascotas;C/ de l'Almirall Cadarso, 21;Valencia;;670 97 24 41;http://www.dogestilistascaninosvalencia.com/;4.8;0;;
Criadero Labrador Retiever - Lomo Ancho;Guardería canina;Carretera Medina de Rio Seco - Toro, Km 10;Valladolid;;625 79 37 53;http://www.lomoancho.es/;4.8;0;;
Avilandia;Tienda de animales;Av. Alcalde Gregorio Espino, 41;Pontevedra;;986 27 55 64;;4.8;0;;
Educación Canina Madrid;Adiestrador canino;;;;656 30 75 69;http://www.educacioncaninamadrid.es/;4.8;0;;
Fox Feed;Tienda de productos para mascotas;17028 Sierra Hwy;Estados Unidos;;+1 661-252-9790;https://foxfeed.com/;4.8;0;;
El Club de Nana;Veterinario;Av. Andrés Quintana Roo 2061;México;;+52 664 622 5211;;4.8;0;;
LOBITOS&CO;Tienda de productos para mascotas;C. de Luchana, 28;28010 Madrid;;912 92 15 15;http://www.lobitosco.com/;4.8;0;;
Perro Pensante;Adiestrador canino;46600 Alzira;Valencia;;647 62 52 52;https://perro-pensante.ueniweb.com/;4.8;0;;
Adiestramiento Canino Málaga - Lycan;Adiestrador canino;;;;665 95 92 01;https://www.lycanadiestramientocanino.es/;4.8;0;;
Can Planet Hotel-Residència Canina & Felina;Guardería canina;Baixa, nº 19;Girona;;638 07 44 68;http://www.canplanet.com/;4.8;0;;
SCHOOL4DOGS;Guardería canina;9RVC+8G3;Sevilla;;626 10 99 11;https://www.school4dogs.es/;4.8;0;;
Caballitos;Peluquero de mascotas;C/ Gral. Espartero, 24, 26;Alicante;;965 24 38 56;https://es-es.facebook.com/peluqueriacaballitosalicante.garvi;4.8;0;;
Adiestramiento canino en Mallorca | Perros de la Isla | Clases a domicilio;Adiestrador canino;;;;622 92 21 73;https://perrosdelaisla.es/;4.8;0;;
El Món del Gos - Girona;Peluquero de mascotas;Avinguda de Lluís Pericot, 72;17003 Girona;;972 41 36 76;https://www.elmondelgos.academy/;4.8;0;;
Parque canino;Parque para perros;Vicálvaro;28032 Madrid;;;;4.8;0;;
Centro Veterinario Vistahermosa;Veterinario;Avinguda de Dénia, 140, Loc 13/15;03016 Alicante;;965 15 93 73;;4.8;0;;
Caruma Dog School;Guardería canina;Carrer de Ramón y Cajal, 13;08012 Barcelona;;614 06 91 05;;4.8;0;;
Cañón de Fernández;Parque;97F3+XF;México;;;;4.8;0;;
Falco;Veterinario;C. Antonio Maura, 25;03013 Alicante;;965 14 10 98;;4.8;0;;
Suites La Posada de Pilar;Hotel;C. Moriscos, 3;14001 Córdoba;;957 39 44 44;http://suiteslaposadadepilar.com/;4.8;0;;
Pour La Pooch;Guardería canina;7617 Beverly Blvd;Estados Unidos;;+1 323-934-0940;http://pourlapooch.com/;4.8;0;;
Emiliano Entrenador Canino;Adiestrador canino;;;;+52 222 464 6433;https://m.facebook.com/emilianohegnerdogtrainer/;4.8;0;;
Adicania;Adiestrador canino;Carretera Benagalbón-moclinejo km0.5;Málaga;;696 81 42 58;;4.8;0;;
Sitplas Adiestramiento canino;Adiestrador canino;Parque deportivo ebro;50011 Zaragoza;;665 82 61 38;http://sitplas.com/;4.8;0;;
Pequelusas;Tienda de productos para mascotas;Carrer Tomàs Luis de Victòria, 1, local2;Illes Balears;;871 95 66 42;;4.8;0;;
peluchos;Peluquero de mascotas;Pl. el Gallo, 98;41007 Sevilla;;626 54 46 84;https://www.facebook.com/PeluchosPeluchos1;4.8;0;;
Longwood Veterinary Clinic;Veterinario;1080 W State Rd 434;Estados Unidos;;+1 407-834-2526;https://longwoodvet.com/;4.8;0;;
EL MEU AMIC;Peluquero de mascotas;Botiga 1;08020 Barcelona;;647 59 55 21;;4.8;0;;
Ngorong-Ngorong;Guardería canina;Partida Vallongas, 35;Alicante;;607 82 36 38;http://www.ngorong-ngorong.es/;4.8;0;;
Adiestrar Perros;Adiestrador canino;Carrer Java, 3;Barcelona;;634 27 25 29;https://adiestrar-perros.com/;4.8;0;;
PerruDog;Peluquero de mascotas;Carrer de Biscaia, 372;08027 Barcelona;;677 42 93 72;https://m.facebook.com/profile.php?id=933700570026466;4.8;0;;
Residencia Canina Reina;Guardería canina;Carrer del;Alicante;;635 23 96 66;;4.8;0;;
Peluquería Canina La Mansión de Leo;Peluquero de mascotas;Av. Fco. de Goya, 15;50006 Zaragoza;;670 46 13 01;http://www.lamansiondeleo.es/;4.8;0;;
Clinica Veterinaria Santa Olalla;Veterinario;Calle de la Cruz del Sur, 55;03006 Alicante;;965 10 32 68;http://clinicaveterinariasantaolalla.com/;4.8;0;;
Can Ignasi - Residencia canina particular sin jaulas no masificada. Tu perro como en casa 🐶❤️ Cuidador perros Barcelona;Guardería canina;Carrer Verge dels Dolors, 10, PB 2;Barcelona;;646 40 86 42;https://canignasi.net/?utm_source=google&utm_medium=organic&utm_campaign=google_maps;4.8;0;;
Peluquería Canina Movican;Peluquero de mascotas;Calle de Concepción Saiz de Otero;50018 Zaragoza;;711 24 81 87;;4.8;0;;
Clínica Veterinaria Nuevo Ensanche;Veterinario;Juan de Garay Kalea, 55;Bizkaia;;944 43 27 02;https://www.unavets.com/ensanche/es/;4.8;0;;
Parque de El Retiro;Parque;Retiro;28009 Madrid;;;https://www.esmadrid.com/informacion-turistica/parque-del-retiro;4.8;0;;
Peluqueria canina wapos;Tienda de animales;Av. San Fernando, 23;Balearic Islands;;971 04 87 33;;4.8;0;;
Galgos Catalunya;Servicio de adopción de mascotas;;;;617 28 25 11;https://galgoscatalunya.es/;4.8;0;;
Semilleria la Salle;Tienda de animales;Av. San Juan de la Salle, 69;41008 Sevilla;;633 76 43 46;https://ornitologiadanburzal.es/;4.8;0;;
PELUQUERIA CANINA NERO;Peluquero de mascotas;C. Juan Ramón Jiménez, 87, Bajo 2A;Valencia;;674 97 49 85;;4.8;0;;
VETCON Veterinario Animales Exóticos;Veterinario;Calle de Colomer, 18;28028 Madrid;;911 19 31 03;https://www.vetcon.es/;4.8;0;;
Patricia García peluquería canina;Peluquero de mascotas;C. de Finisterre, 9;28029 Madrid;;670 31 01 57;;4.8;0;;
Almike Grooming (Szenia);Peluquero de mascotas;Areiltza Doktorearen Zumarkalea, 47;Bizkaia;;944 10 56 97;https://almikegrooming.es/;4.8;0;;
Victoria Canina;Peluquero de mascotas;C. Manrique, 29;29013 Málaga;;654 54 46 99;;4.8;0;;
Miscota;Tienda de productos para mascotas;Av. de la Plata, 87;Valencia;;963 37 44 87;http://www.miscota.es/;4.8;0;;
Veterinaria Kanton;Veterinario;Calle Zaragoza, #64, Esquina con, M. Morelos;México;;+52 861 106 9544;https://infoveterinarias.com.mx/ciudad-de-mexico/;4.8;0;;
CLÍNICA VETERINARIA BAÑOS DEL CARMEN;Veterinario;C/ Bolivia, 41;29017 Málaga;;648 58 63 12;https://veterinariobanosdelcarmen.es/;4.8;0;;
Alejandra Jiménez Peluquería Canina;Peluquero de mascotas;Av. de Emilio Lemos, 42;41020 Sevilla;;618 00 99 25;;4.8;0;;
Mascoterra La Paz | Tienda para animales en Málaga;Tienda de productos para mascotas;Pl. Mozart, Portal 3, Local 12;29004 Málaga;;951 09 81 65;https://www.mascoterra.es/;4.8;0;;
Clínica veterinaria Garellano;Veterinario;Pérez Galdós K., 52;Bizkaia;;944 74 21 88;https://garellanoveterinaria.com/;4.8;0;;
EDUCACION CANINA DRACAN;Adiestrador canino;;;;620 44 22 75;http://www.dracangirona.com/;4.8;0;;
GOS PELUQUERIA CANINA;Peluquero de mascotas;Av. Reino de Murcia, 46;Murcia;;644 96 57 85;http://gospeluqueriacanina.com/;4.8;0;;
CENTRO CANINO VILA-CAN;Cuidador de mascotas;C. del Cid, 17;Valencia;;675 61 26 66;;4.8;0;;
SHIKOBA-pets;Tienda de animales;C. Zaragoza 500;México;;+52 899 549 6896;https://www.facebook.com/profile.php?id=100094889417218;4.8;0;;
Cacho Perro Peluquería Canina;;C. de la Virgen del Socorro, 67;03002 Alicante;;620 39 85 49;;4.8;0;;
Luxury Puppies Kennel Benidorm 604370339;Criador canino;Carretera Nacional, Km 332;Alicante;;604 37 03 39;https://luxurypuppieskennel-benidorm.com/;4.8;0;;
el Edén de Adán y eva;Club social;blanca y gris;41009 Sevilla;;;https://instagram.com/_eleden_csc?igshid=YmMyMTA2M2Y=;4.8;0;;
Kverd | Mascotas Felices;Tienda de animales;Carrer d'Eusebi Estada, 82;Illes Balears;;871 57 44 45;http://www.kverd.com/;4.8;0;;
DogVall;Adiestrador canino;Sector 14 el Bosque;Valladolid;;691 40 05 91;http://www.dogvall.com/;4.8;0;;
Día de Perros - Peluquería canina en Madrid;Peluquero de mascotas;C. de Altamirano, 27;28008 Madrid;;915 47 11 40;http://diadeperros.com/;4.8;0;;
Sa Caseta Guardería Canina - Sin jaulas;Guardería canina;Camí de Sa Caiassa, s/n;Balearic Islands;;611 12 98 72;;4.8;0;;
Clínica Veterinaria Teatinos;Veterinario;C. Franz Kafka, 7;29010 Málaga;;952 64 15 51;http://www.clinicaveterinariateatinos.com/;4.8;0;;
Centro Veterinario Ordosgoiti;Veterinario;Plaza General Latorre 5;Biscay;;944 27 50 24;;4.8;0;;
Dogterra;Guardería canina;Carrer de Calàbria, 85;08015 Barcelona;;614 18 27 25;http://dogterra.es/;4.8;0;;
Patas Arriba Peluquería y Guardería Canina;Peluquero de mascotas;C. de Santander, 7;Valencia;;615 65 11 87;https://www.somospatasarriba.es/;4.8;0;;
La tienda del animal de compañía (José Chaparro S.L.);Tienda de productos para mascotas;C. Fray Isidoro de Sevilla, 26;41009 Sevilla;;954 37 10 15;;4.8;0;;
Adiestracaninos.es | Rehabilitación, Educación y Adiestramiento Canino en Sevilla;Adiestrador canino;Dr. Jesús Vida, 10, 2º;41001 Sevilla;;620 42 02 54;http://www.adiestracaninos.es/;4.8;0;;
Tijeras Caninas;Peluquero de mascotas;C. Villafuerte, 3;29017 Málaga;;744 65 49 48;;4.8;0;;
Líbere Málaga Plaza del Siglo;Hotel;C. Correo Viejo, 13;29015 Málaga;;951 12 54 93;https://www.staylibere.com/share/LMPS-gmb-asset-page?utm_source=gmb_listing&utm_medium=organic;4.8;0;;
Kompy mascotas;Comercio;Avenida Fuente de la salud, 25;14006 Córdoba;;957 39 08 99;;4.8;0;;
Amanecer Clínica Veterinaria;Veterinario;Carrer San Francisco de Sales, 74;Illes Balears;;971 75 93 72;http://veterinariomallorca.es/;4.8;0;;
El Parque - Cementerio y crematorio de animales de compañía de Málaga;Cementerio;Ctra. Colonia de Sta. Inés – Campanillas, Km. 5;29590 Málaga;;952 62 41 04;http://www.elparque.es/;4.8;0;;
Aragó;Cuidados veterinarios;Carrer del Cirerer, 2;Balearic Isles;;971 47 97 37;;4.8;0;;
Hotel 19-30 Valencia;Hotel;C/ del Convent de Jerusalem, 30;Valencia;;677 83 37 77;http://www.hotel1930valencia.com/;4.8;0;;
Tienda Anima-les;Tienda de animales;Pl. Gutiérrez Semprún, 5;47012 Valladolid;;635 09 98 93;;4.8;0;;
Salón de peluquería canina Kikecan;Peluquero de mascotas;C. de Chile, 15;28016 Madrid;;657 85 04 66;http://kikecan.com/;4.8;0;;
Patitas Educadas | Guardería Canina | Madrid;Guardería canina;C. Lanuza, 16;28028 Madrid;;676 21 43 42;https://patitaseducadas.com/guarderia-canina-madrid/;4.8;0;;
La Bañera Verde - Peluquería Canina;Peluquero de mascotas;Carrer Pérez Medina, 30;Alicante;;654 94 98 10;http://peluqueriacaninaalicante.blogspot.com.es/;4.8;0;;
Clínica veterinaria Santo Domingo;Veterinario;Carrer del Regidor Lorenzo Llaneras, 9;Alicante;;965 12 62 97;https://www.facebook.com/cvsantodomingoalicante/;4.8;0;;
Vite Vite...Dog Peluquería;Peluquero de mascotas;C/ del Dr. Manuel Candela, 75;Valencia;;963 69 76 90;http://www.vitevitedog.com/;4.8;0;;
La Perruquería;Peluquero de mascotas;C. de José Garrote Tebar, 6;47014 Valladolid;;656 54 79 84;;4.8;0;;
Clínica Veterinaria Ensanche;Veterinario;Ercilla Kalea, 3;Bizkaia;;944 24 68 26;https://www.unavets.com/ensanche/es/;4.8;0;;
Centro Canino Valentia;Adiestrador canino;Partida del Pessebret Pol, 07, par 101;Valencia;;668 88 88 86;https://centrocaninovalentia.com/adiestramiento-canino-valencia/;4.8;0;;
Hotel Boutique La Llave de la Judería;Hotel;C. Romero, 38;14003 Córdoba;;957 29 48 08;https://lallavedelajuderia.es/;4.8;0;;
Peluquero Pepe Sevilla;Peluquería;C. Poeta Manuel Benítez Carrasco, 32;41013 Sevilla;;954 23 05 00;;4.8;0;;
Guau... Pos! Peluquería Canina;Peluquero de mascotas;Camí de Montcada, 35La;Valencia;;609 20 71 99;;4.8;0;;
Amarok Educación Canina;Adiestrador canino;Bilbao-Plentzia Errepidea, 31;Bizkaia;;622 33 22 90;http://www.amarokeducacioncanina.com/;4.8;0;;
Clínica Veterinaria Bulevar;Veterinario;Calle del Dr. Bergez, 78;03012 Alicante;;966 59 24 97;;4.8;0;;
Mascotas Veterinaria Suc. Rincón de las Palmas;Hospital veterinario;Av. Rincón de Las Palmas 138;México;;+52 81 3414 0415;;4.8;0;;
Dama y Golfo Peluqueria Canina Murcia;Peluquero de mascotas;C. San Nicolás, 17;30005 Murcia;;693 80 01 93;;4.8;0;;
RESIDENCIA CANINA CANINIWEN;Servicio de embarque de mascotas;17469 Fortià;Girona;;646 85 31 56;;4.8;0;;
Peluquería Canina Aurelio´s;Peluquero de mascotas;Carrer d'Emili Baró, 82;Valencia;;652 94 31 84;;4.8;0;;
Bubbledog barbería canina;Peluquero de mascotas;C. de Miguel Labordeta, local 3;50017 Zaragoza;;876 71 18 75;http://www.bubbledog.es/;4.8;0;;
Rancho Feed & Pet;Tienda de productos para mascotas;8625 Base Line Rd;Estados Unidos;;+1 909-980-4408;http://www.ranchofeedandpet.com/;4.8;0;;
Jackie peluquería canina;Peluquero de mascotas;C. Pintor Saura Pacheco, 3;30011 Murcia;;643 71 10 38;https://www.instagram.com/jackiepeluqueriacanina?igsh=bGhqbm0wb2kzeWU=;4.8;0;;
Paradise;Peluquero de mascotas;C. de Alozaina, 2;29006 Málaga;;622 93 43 11;;4.8;0;;
Smart Dog Academy;Adiestrador canino;Partida Marco, 10;Alicante;;602 51 71 93;;4.8;0;;
Parque rio la silla;Reserva de fauna salvaje;Villa Las Fuentes;México;;;;4.8;0;;
Adiestramiento canino Bilbao;Adiestrador canino;Rodríguez Arias K., 7, 2;Biscay;;664 49 55 44;;4.8;0;;
TRUFAS NEGRAS - Centro de bienestar animal;Tienda de productos para mascotas;Calle Juan Ajuriaguerra Kalea, 35;Bizkaia;;613 01 72 73;http://www.trufasnegrasbilbao.com/;4.8;0;;
Clinica Veterinaria Basarrate;Veterinario;Losada Pintor Kalea, 25;Bizkaia;;944 73 48 68;http://abeletxeveterinarios.eu/quienes.php;4.8;0;;
Maskotas Hotel Canino;Cuidador de mascotas;Av. las Quemadas;14014 Córdoba;;603 46 61 62;https://hotelcanino.es/;4.8;0;;
Scenthound Oviedo;Peluquero de mascotas;1121 Alafaya Trail;Estados Unidos;;+1 863-204-1248;https://www.scenthound.com/oviedo;4.8;0;;
Clínica Veterinaria Wau;Veterinario;C. Mayor, 44;Murcia;;968 64 09 13;http://www.cvwau.com/;4.8;0;;
Club de adiestramiento canino La Finca;Guardería canina;Urbanización La Alcaina;Murcia;;679 95 43 73;https://m.facebook.com/lafincaalcayna/;4.8;0;;
Peluquería Canina en Madrid Barbercan;Peluquero de mascotas;Av. de Pablo Neruda, 75, A;28018 Madrid;;693 54 55 79;https://www.barbercanpeluqueriacanina.com/;4.8;0;;
Superpet - Tienda de productos para mascotas y peluquería canina;Tienda de animales;Carr. de Rueda, 2;47008 Valladolid;;983 27 30 33;https://www.superpet.club/;4.8;0;;
Residencia y Escuela Canina Ferrican;Guardería canina;N-332, km242;Valencia;;649 80 88 50;https://www.facebook.com/residenciacaninaferrican/;4.8;0;;
VillaCan Peluquería Canina;Peluquero de mascotas;C. de Alberto Duce, 2;50018 Zaragoza;;976 74 39 40;https://villacanpeluqueriacanina.com/;4.8;0;;
PURO INSTINTO ADIESTRAMIENTO CANINO;Adiestrador canino;;;;685 74 19 02;;4.8;0;;
DOG LOVERS PELUQUERÍA CANINA;Peluquero de mascotas;Av. de Menéndez Pelayo, 43;28009 Madrid;;640 82 43 54;https://dog-lovers.es/;4.8;0;;
Residencia Canina La Dama y El Vagabundo;Guardería canina;Carretera Nacional MU-531, kilómetro 3,4;Murcia;;;http://www.residenciacaninaladamayelvagabundo.com/;4.8;0;;
Gentlecan;Peluquero de mascotas;C. de Menorca, 1;28009 Madrid;;910 74 15 27;http://gentlecan.es/;4.8;0;;
Medivet Clínica Veterinaria San Carlos;Veterinario;Pl. Dr. Gómez Ulla, 7, Local.2;03013 Alicante;;965 14 05 18;https://www.medivetgroup.com/es-es/;4.8;0;;
Líbere Valencia Ruzafa;Hotel;C/ de Buenos Aires, 18;Valencia;;960 13 66 86;https://www.staylibere.com/share/LVRZ-gmb-asset-page?utm_source=gmb_listing&utm_medium=organic;4.8;0;;
Maison du Can;Peluquero de mascotas;C. de Menorca, 7;28009 Madrid;;614 15 79 40;https://instagram.com/maisonducan;4.8;0;;
ADIESTRACAN | Adiestrador de perros en Madrid;Adiestrador canino;Av. de Pablo Iglesias, 37;28039 Madrid;;647 69 50 79;https://www.adiestracan.com/?utm_source=gmb&utm_medium=organic&utm_campaign=google-my-business;4.8;0;;
Adiestramiento Educan Barcelona;Adiestrador canino;;;;602 41 45 72;http://www.adiestramientoeducan.com/barcelona;4.8;0;;
Exerdog by Geo Rojas;Entrenador de mascotas;Buenos Aires 6518;México;;+52 222 455 3489;;4.8;0;;
La Comuna Canina;Guardería canina;AAVV FAMILIAR;Sevilla;;644 57 46 62;;4.8;0;;
Refugio Encantado;Adiestrador canino;;;;653 07 17 35;https://www.refugioencantado.com/;4.8;0;;
Be Mate Paseo de Gracia;Edificio de apartamentos;Pg. de Gràcia, 115;08008 Barcelona;;935 22 28 40;https://www.bemate.com/be-mate-paseo-de-gracia/;4.8;0;;
Centro Canino Dacosta y Ruphete;Guardería canina;Carretera Palmar - Mazarrón, km 21;Murcia;;609 63 81 30;;4.8;0;;
Animal Hotel;Guardería canina;Diseminado el Charcon 30;Murcia;;639 72 21 97;http://www.animalhotel.es/;4.8;0;;
Peluquería Canina Marc Oliva🐩;Peluquero de mascotas;Carrer dels Madrazo, 91;08006 Barcelona;;931 71 34 44;;4.8;0;;
K9-Retif;Adiestrador canino;C. 79 Pte. 1513;México;;+52 221 278 6043;https://k9retif.com/;4.8;0;;
KRISTYLCAN- Peluquería y Cursos de Peluquería Canina;Peluquero de mascotas;C/ de Pius XI, 9;Valencia;;645 02 12 07;https://kristylcan.es/;4.8;0;;
CIM Formación Valencia;Adiestrador canino;C/ de l'Arquebisbe Mayoral, 11;Valencia;;963 94 09 46;https://www.cimformacion.com/centros/valencia/6?utm_source=google&utm_medium=organic&utm_campaign=GMB;4.8;0;;
LAELAPS peluquería canina y spa;Peluquero de mascotas;Avinguda dels Quinze, 11;08031 Barcelona;;604 90 52 58;http://laelaps.info/;4.8;0;;
RomAcan;Adiestrador canino;;;;621 32 41 79;https://romacan-educanina.com/;4.8;0;;
Residencia canina Valencia CENCAVAL.;Guardería canina;Ctra. Pla de Quart;Valencia;;637 83 00 28;http://www.residenciacaninacencaval.com/;4.8;0;;
Peluquería Canina Cinco Lobitos;Peluquero de mascotas;Carrer de Pablo Iglesias, 106;Illes Balears;;609 64 97 70;;4.8;0;;
The Place Hotel Canino Guardería Canina;Guardería canina;C. de Ríos Rosas, 34;28003 Madrid;;666 88 87 75;https://theplacepetspa.es/;4.8;0;;
Peluqueria Canina Cora;Peluquero de mascotas;Calle Ardal, 3, Loc 1;30120 Murcia;;661 57 82 82;https://peluqueriacaninacora.com/;4.8;0;;
Mr & Mrs Dog - Peluquería Canina y Alimentación Natural;Peluquero de mascotas;C. San Pedro de Mestallón, 11;Asturias;;623 35 99 47;http://www.mrandmsdog.com/;4.8;0;;
The CBD Side Girona;Comercio;Carrer de Sta. Clara, 5;17001 Girona;;872 26 21 18;http://www.thecbdside.com/;4.8;0;;
Peluquería canina KIKU;Peluquero de mascotas;Calle del Gral. Pardiñas, 61;28006 Madrid;;722 70 96 23;;4.8;0;;
Animal Medical Clinic of Orlando;Veterinario;1404 S Bumby Ave;Estados Unidos;;+1 407-898-6261;https://amcoforlando.com/?utm_source=gmb&utm_medium=organic;4.8;0;;
Mascota Málaga 2000;Tienda de alimentos para animales;Alameda de Capuchinos, 81;29013 Málaga;;625 28 17 32;;4.8;0;;
Cuidados Veterinarios Costa del Sol |Málaga;Veterinario;C. Martínez de la Rosa, 114;29010 Málaga;;951 25 43 75;https://www.hospitalveterinariocostadelsol.es/?utm_source=My+Business&utm_medium=My+Business&utm_campaign=My+Business;4.8;0;;
Centro Veterinario Masip;Veterinario;Calle Miguel Ángel Blanco, 28;Asturias;;985 02 00 92;http://www.centroveterinariomasip.com/;4.8;0;;
Towne Center Animal Hospital;Hospital veterinario;129 Bellagio Cir;Estados Unidos;;+1 407-915-5730;http://www.townecenteranimalhospital.com/;4.8;0;;
Centro Veterinario Campoamor;Veterinario;C. del Alcalde Alfonso de Rojas, 4;03004 Alicante;;966 59 16 33;https://www.cvcampoamor.com/;4.8;0;;
WESTIE BLVRD Barcelona Peluquería canina;Peluquero de mascotas;Carrer de Viladomat, 185;08015 Barcelona;;688 72 57 01;http://wa.link/v6b49s;4.8;0;;
Centro Veterinario Los Ángeles - 7Vidas;Veterinario;Carrer Alvarado, 2;Alicante;;966 27 04 97;https://veterinaria7vidas.com/;4.8;0;;
La huella pura;Peluquería;C. la Defensa, 2, Loc 2a;29011 Málaga;;653 64 26 00;;4.8;0;;
Residencia Canina Cordoba Cansport;Guardería canina;Carretera del aeropuerto km 5,400 (a partir del cruce del aeropuerto).&nbsp Pasando fosas sépticas JAIME, el camino a la derecha que hace esquina con comercial los Velez., Para tu GPS:Latitud 37 ° 51'02" Norte - Longitud 4 °54'08" Oeste;14710 Córdoba;;670 84 35 51;http://www.cansport.es/;4.8;0;;
ASCE REFUGIO privado;Servicio de adopción de mascotas;46290 Alcàsser;Valencia;;;https://es-es.facebook.com/groups/384202151656335/;4.8;0;;
Hotel 5 estrellas de mascotas Alicante Can-cun;Guardería canina;Carretera;Alicante;;722 68 26 98;http://www.can-cun.es/;4.8;0;;
Peluquería Canina Nets;Peluquero de mascotas;Carrer del Pare Viñas, 61;Valencia;;963 27 76 76;;4.8;0;;
Líbere Alicante Rambla;Hotel;C/ Girona, 2;Alicante;;965 02 63 45;https://www.staylibere.com/share/LARA-gmb-asset-page?utm_source=gmb_listing&utm_medium=organic;4.8;0;;
Hakuna Matata;Peluquero de mascotas;C/ José Iturbi, 5;29010 Málaga;;640 92 68 62;;4.8;0;;
Le Chanvrier Français;Tienda de cannabis;C. Platería, 21;47003 Valladolid;;672 69 41 65;http://lechanvrierfrancais.com/;4.8;0;;
ANIMACANIS Dog Resort & Academy;Adiestrador canino;Anima Canis;Girona;;633 21 63 26;https://www.instagram.com/animacanis_guarderiacanina;4.8;0;;
Centre Veterinari Figueres;Veterinario;Carrer de Les Hortes, 29 - 31;Girona;;872 09 54 48;;4.8;0;;
Vida exótica Málaga;Tienda de animales;Av. de José Ortega y Gasset, 96, Loc 3;29006 Málaga;;691 98 17 51;;4.8;0;;
ANIMAL LOVE;Peluquero de mascotas;C. Ing. Salinas, 39, Local Derecho;Las Palmas;;666 12 75 54;;4.8;0;;
Diamond Style Dogs;Peluquero de mascotas;Carrer de Joan Crespí, 34;Illes Balears;;722 78 70 84;;4.8;0;;
Centro Canino Sir Can;Refugio para animales;centro canino;Barcelona;;609 15 83 17;https://sircan.cat/;4.8;0;;
Peluquería Felina y Canina Mix Peludos;Peluquero de mascotas;C. Teresita González Quevedo, 4, Loc;28020 Madrid;;640 51 82 75;https://www.mixpeludos.es/;4.8;0;;
Lucas & Lola;Tienda de productos para mascotas;Av. de Carlos Haya, 3;29010 Málaga;;638 41 24 16;https://lucasylola.es/;4.8;0;;
Kyokan Educación Canina y Felina;Adiestrador canino;Cam. de Vistabella, 188;50011 Zaragoza;;;https://kyokaneducacion.com/;4.8;0;;
Parque Natural La Estanzuela Monterrey;Reserva natural;Camino, Antiguo Camino a Valle Alto S/N;México;;+52 81 3597 1444;http://www.nl.gob.mx/servicios/parque-natural-la-estanzuela;4.8;0;;
Mascotas Kck;Peluquero de mascotas;Alameda de Capuchinos, 15;29014 Málaga;;627 87 35 55;;4.8;0;;
Woodington Veterinary;Veterinario;742 E State St;Estados Unidos;;+1 208-939-6406;https://woodingtonvet.com/?utm_source=gmb&utm_medium=organic;4.8;0;;
Dog Care Barcelona | Alojamiento para Mascotas;Guardería canina;Pl. de la Vila de Madrid;08002 Barcelona;;610 39 94 68;https://www.dogcarebarcelona.com/;4.8;0;;
K9 Resorts Luxury Pet Hotel Oviedo;Servicio de embarque de mascotas;2386 W Florida 426;Estados Unidos;;+1 321-471-5500;https://www.k9resorts.com/oviedo/?utm_source=google&utm_medium=organic&utm_campaign=gbp&utm_content=Oviedo;4.8;0;;
Iguazú mascotas;Tienda de animales;tiensa de animales;Murcia;;868 19 67 78;;4.8;0;;
Breocan Actividades y Educación Canina;Adiestrador canino;Estrada de Vilaverde, 46;Pontevedra;;690 84 83 45;http://www.breocan.es/;4.8;0;;
Indian Mound Fish Camp;Parque para perros;295 Indian Creek Rd;Estados Unidos;;+1 386-345-9845;http://www.indianmoundcamping.com/;4.8;0;;
Clínica Veterinaria Albufereta;Veterinario;Cam. Colonia Romana, 2;03016 Alicante;;966 29 16 18;https://clinicaveterinariaalbufereta.es/;4.8;0;;
Animales Brunyola;Tienda de productos para mascotas;Carrer del Ter, 4;Girona;;685 64 42 03;http://animalsbrunyola.com/;4.8;0;;
CLUB CAN - ADIESTRAMIENTO CANINO A DOMICILIO;Adiestrador canino;C. del Aire, 2;Sevilla;;633 61 71 76;http://clubcan.es/;4.8;0;;
Limpiadog Buenavista. Peluquería canina, Autolavado y tienda.;Peluquero de mascotas;C. Rafael Altamira, 4;Asturias;;642 27 46 04;https://limpiadogbuenavista.com/;4.8;0;;
Clínica Veterinaria La Unión;Veterinario;C. Amarguillo, 7;29006 Málaga;;952 33 37 88;https://galachoveterinarios.com/encuentranos/clinica-veterinaria-la-union/;4.8;0;;
Huellas y Manchas;Guardería canina;Ctra. Benimagrell, 46;Alicante;;;https://wa.me/+34623927291;4.8;0;;
Dolce Can Peluqueria & Canina;Peluquero de mascotas;C;Pontevedra;;986 22 04 00;https://dolcecan.jimdo.com/;4.8;0;;
Clínica Veterinaria Dr. Rafael Díez;Veterinario;C. Pintor Enrique Simonet, 7;29002 Málaga;;952 36 34 01;https://www.instagram.com/dr.rafaeldiezlopez/;4.8;0;;
GUAUpetes! peluquería canina;Peluquero de mascotas;C. Morales, 6;Valladolid;;983 02 63 29;http://www.guaupetes.es/;4.8;0;;
Mumbie Bienestar y Educación Canina Amable;Adiestrador canino;C. Arroyo Totalán;Málaga;;623 02 16 62;https://mumbie.es/;4.8;0;;
Clínica Palmanord;Cuidados veterinarios;Carrer dels Ocells, 36;Illes Balears;;971 45 25 92;https://cvpalmanord.es/;4.8;0;;
Centro Canino Clan Ferona;Criador canino;C. Guadaíra, 1;Sevilla;;656 88 96 44;https://www.clanferona.com/;4.8;0;;
The Land of Dogz;Servicio de embarque de mascotas;497 FL-436 Ste 177;Estados Unidos;;+1 321-999-7168;http://thelandofdogz.com/;4.8;0;;
Asociación Patraix gats;Asociación de ecologistas;C.de Montesa, 13;Valencia;;;https://gatspatraix.es/;4.8;0;;
Pelúdity | Mucho más que estética canina;Peluquero de mascotas;Rúa Tomás A. Alonso, 8;Pontevedra;;986 13 61 89;https://www.peludity.es/;4.8;0;;
Centro de Especialidades Veterinarias SOS Animal - Especialistas Veterinarios;Veterinario;C. de Saint Exupéry, 5;29007 Málaga;;952 31 76 92;https://www.galachoveterinarios.com/centros/hospital-veterinario/;4.8;0;;
Clinicanimal;Veterinario;C. Palencia, 5;29004 Málaga;;951 38 65 44;https://www.clinicanimal.vet/?utm_campaign=gmaps_malaga&utm_medium=maps&utm_source=google;4.8;0;;
Zaragoza Canina;Veterinario;Vía de Ramón Pignatelli, 57;50007 Zaragoza;;976 36 56 19;http://zaragozacanina.com/;4.8;0;;
Veterinaria Génesis;Veterinario;Málaga 1511;México;;+52 686 312 6719;;4.8;0;;
El Almacén Telepienso;Tienda de alimentos para animales;Zumalacárregui Etorb., 93;Bizkaia;;944 98 73 49;https://www.telepienso.net/;4.8;0;;
B&B HOTEL Madrid San Fermín;Hotel;C. Magacela, 6;28041 Madrid;;919 69 64 38;https://www.hotel-bb.com/es/hotel/madrid-san-fermin?utm_source=googlemaps&utm_medium=fichehotel&utm_campaign=madrid_san_fermin;4.8;0;;
PELUQUERÍA CANINA ESPÍRITU ANIMAL;Peluquero de mascotas;92JM+V9P;41005 Sevilla;;640 03 47 82;https://www.espirituanimalpeluqueriacanina.es/;4.8;0;;
RS Boutique Apartments;Hotel;C. Alberola Romero, 1;03002 Alicante;;610 67 02 73;https://rsbapartments.com/;4.8;0;;
Granja San Antón II;Tienda de productos para mascotas;C. Fernando el Católico, 22;29013 Málaga;;951 13 73 32;;4.8;0;;
Cancheros Dog Spa;Peluquero de mascotas;C. Magallanes;29016 Málaga;;722 10 59 95;;4.8;0;;
Hotel Tayko Sevilla;Hotel;Prta de Jerez, 3;41004 Sevilla;;955 83 00 47;https://taykohotels.com/sevilla/;4.8;0;;
Animal Hospital of Valencia;Veterinario;4075 Adair Ave Suite 3;Estados Unidos;;+1 724-345-2598;https://ahvalencia.com/;4.8;0;;
Área canina;Parque para perros;C. de Cea Bermúdez, 2;28003 Madrid;;;https://datos.madrid.es/;4.8;0;;
Adiestramiento Ranger-K9;Adiestrador canino;50000;50003 Zaragoza;;612 49 14 45;https://adiestramientocaninorangerp4.ltn.net/blog/399824880566/;4.8;0;;
Clínica Veterinaria Piedras Negras;Veterinario;Costa Real 418;México;;+52 878 791 5186;;4.8;0;;
TocToc Suites Olof Palme - Viviendas Vacacionales;Edificio de apartamentos;C. Olof Palme, 28;Las Palmas;;680 73 50 23;https://www.toctocsuitesolofpalme.com/?utm_medium=organic&utm_source=google&utm_campaign=google-my-business&utm_term=google-local;4.8;0;;
Off Leash Social - Eat. Drink. Pet Dogs;Parque para perros;234 Denny Mill Rd;Estados Unidos;;+1 423-467-5566;https://www.offleashsocial.com/;4.8;0;;
Paraíso Peludo - Peluquería canina y Tienda de Alimentación Natural;Tienda de productos para mascotas;C/ Darío de Regoyos, 21;Asturias;;644 92 25 16;https://paraisopeludo.com/;4.8;0;;
Koguau Educación Canina Consciente - Málaga;Adiestrador canino;C. las Palomas;Málaga;;611 89 63 15;https://www.koguau.com/;4.8;0;;
Parque para perros;Parque para perros;41006 Sevilla;41006 Sevilla;;;;4.8;0;;
Peluquería Canina Los Amigos de Dexter;Peluquero de mascotas;C. de Alberto Duce, 14, Loc 1;50018 Zaragoza;;635 82 82 75;https://losamigosdedexter.es/;4.8;0;;
Clinica Veterinaria;Veterinario;C. Aureliano Ibarra, 7;03009 Alicante;;965 24 49 35;;4.8;0;;
LA TRUFA - Educación canina;Adiestrador canino;Euskalduna Kalea, 3;Bizkaia;;647 54 45 93;https://latrufaeducacioncanina.com/;4.8;0;;
Peluquería Canina OCYCO;Peluquero de mascotas;C/ de José Martínez Ruiz Azorín, 3, 5-7;50002 Zaragoza;;615 95 38 33;http://www.ocyco.es/;4.8;0;;
Owanda El Barrio de las Mascotas;Tienda de productos para mascotas;Av. de Montes Sierra, 13;41007 Sevilla;;685 54 82 28;https://www.owanda.es/;4.8;0;;
Autolavado de mascotas Inoa Dogs;Peluquero de mascotas;Pl. del Diamant, 9;08012 Barcelona;;652 17 62 72;https://www.inoadogs.com/;4.8;0;;
PET HOME;Tienda de animales;C. de Ríos Rosas, 46;28003 Madrid;;910 86 45 12;http://pet-home.es/;4.8;0;;
THE ANIMAL WORLD;Tienda de alimentos para animales;Avinguda de Joan Miró, 293;Illes Balears;;615 78 01 19;http://theanimalworld.es/;4.8;0;;
Peluquería Canina El Karmelo;Peluquero de mascotas;Santa Clara Kalea, 1;Bizkaia;;944 12 91 06;;4.8;0;;
Clinica Veterinària Arxiduc;Veterinario;Carrer Arxiduc Lluís Salvador, 99;Illes Balears;;971 78 18 91;;4.8;0;;
DIVERTIDOG;Adiestrador canino;Parque del Agua Luis Buñuel;50018 Zaragoza;;662 12 74 54;http://agilitydivertidog.com/;4.8;0;;
Ku4tro C Peluqueros;Peluquería;Ctra. de Carmona, 10;41008 Sevilla;;954 21 35 83;https://instagram.com/kuatrocpeluqueros?utm_medium=copy_link;4.8;0;;
Xe Que Guapo;Peluquero de mascotas;Carrer del Mercat, 8;Alicante;;624 80 69 48;https://www.xequeguapo.es/;4.8;0;;
Peluquería canina teo;Peluquero de mascotas;Rúa Angel Llanos, 9, bajo;Pontevedra;;986 04 13 63;http://www.peluqueriacaninateo.com/;4.8;0;;
Parque De Perros;Zoo;Carretera Alcala Tr 1, 5, 41020;Sevilla;;;;4.8;0;;
Líbere Córdoba Tendillas;Hotel;C. Málaga, 2;14002 Córdoba;;857 88 15 10;https://www.staylibere.com/share/LCTN-gmb-asset-page?utm_source=gmb_listing&utm_medium=organic;4.8;0;;
Protectora Animalista Meraki;Protectora de animales;Carrer Sant Benet de Palerm;Girona;;652 59 28 48;;4.8;0;;
guardería canina y paseador de perros en Barcelona Dog's Mom @dogsmompaseoperrosbcn;Guardería canina;Travessera de Gràcia;08025 Barcelona;;632 35 41 51;https://www.instagram.com/dogsmompaseoperrosbcn;4.8;0;;
VETERHOUSE Clínica Veterinària;Veterinario;Carrer del Carme, 57;17004 Girona;;972 20 18 10;http://veterhouse.com/;4.8;0;;
Doggy Educador Canino;Adiestrador canino;C. Escritora Carmen Conde;29010 Málaga;;606 04 71 29;https://dogy.es/?utm_source=google_business&utm_medium=Google&utm_campaign=google+busines&utm_id=G+Perfil;4.8;0;;
Paradise Ranch Pet Resort;Adiestrador canino;10268 La Tuna Canyon Rd;Estados Unidos;;+1 818-394-9557;http://paradiseranch.net/;4.8;0;;
South Park Doggie - Doggieland (LA);Guardería canina;147 W 24th St;Estados Unidos;;+1 213-677-2370;https://www.southparkdoggieland.com/;4.8;0;;
Clínica Veterinaria Inca;Veterinario;Carrer dels Malferits, 34, BAJO;Balearic Islands;;971 50 42 71;https://www.clinicaveterinariainca.com/;4.8;0;;
Guaw Oviedo Los Prados;Tienda de alimentos para animales;95C9+6M, C.C. Los Prados;Asturias;;984 34 24 12;https://guaw.com/?utm_source=google&utm_medium=gmb&utm_campaign=cc-los-pardos-oviedo;4.8;0;;
ican adiestramiento canino;Adiestrador canino;Av. Pablo Picasso, 5;Sevilla;;685 13 47 37;http://www.icanadiestramientocanino.com/;4.8;0;;
Pernales - Criador perros raza American Staffordshire Terrier;Criador canino;Unnamed Road;Alicante;;629 93 56 50;http://www.americanstaffordshireterrier.es/;4.8;0;;
Oh My Gos (Horta) Peluquería y Estética Canina;Peluquero de mascotas;Torrent de Can Mariner, 4-6;08031 Barcelona;;605 59 48 48;https://www.ohmygoshorta.com/ca/;4.8;0;;
Club Canino Open de España;Adiestrador canino;Urb. el Soto II;Zaragoza;;635 82 39 70;http://www.clubcaninoopen.com/;4.8;0;;
KIBÚ MASCOTAS;Peluquero de mascotas;Carrer Daia Vella;Alicante;;722 37 75 45;http://www.kibumascotas.com/;4.8;0;;
Residencia Canina Unidos;Guardería canina;Poligono 9, Parcela 499;Valencia;;605 17 63 86;https://centrocaninounidos.es/;4.8;0;;
Victorias dogos los de la combi;Restaurante de perritos calientes;Olivar de Valencia 536;México;;;;4.8;0;;
Lady Berta;Peluquero de mascotas;Glorieta Bernabé Fernández Canivell;29016 Málaga;;633 16 85 97;;4.8;0;;
Guardería Canina Parque Mediterráneo;Guardería canina;Cam. Viejo de Fortuna, s/n;Murcia;;689 68 33 23;http://www.parquemediterraneo.com/;4.8;0;;
Peluquería canina La Pelu de Ricki;Peluquero de mascotas;C. de Fernández de los Ríos, 9;28015 Madrid;;914 45 55 49;https://instagram.com/lapeludericki?igshid=MzRlODBiNWFlZA==;4.8;0;;
Clínica veterinaria Es Camp Rodó;Veterinario;Carrer de Ramon Muntaner, 52;Illes Balears;;971 20 20 88;https://clinicaveterinaria.es/es-es/i/21613-clinica-veterinaria-es-camp-rodo/;4.8;0;;
Instinto Alpha;Adiestrador canino;Torrellano bajo, poligono 1, numero 100;Alicante;;698 95 69 49;http://www.instintoalpha.es/;4.8;0;;
Mary's Pet Hotel;Guardería canina;P1, 77A El Altet;Alicante;;610 87 87 82;http://www.maryspethotel.com/;4.8;0;;
WeGroom;Peluquero de mascotas;C. Rebeca, 2;29006 Málaga;;604 82 70 39;;4.8;0;;
Familycan Ronda Sur;Tienda de alimentos para animales;Junto a La Olla Sur;30010 Murcia;;622 69 21 94;http://www.familycancat.com/;4.8;0;;
Pro Animals Barcelona. Peluquería canina, alimentación para tu mascota y tienda de productos para mascotas.;Peluquero de mascotas;Carrer d'Amílcar, 111;08032 Barcelona;;640 92 44 48;https://instagram.com/proanimalsbcn/;4.8;0;;
Veterinaria Robles;Veterinario;Calle Ignacio Zaragoza 1650;México;;+52 686 650 2578;https://www.facebook.com/pages/Veterinaria%20Del%20Valle/584684194900675/;4.8;0;;
Nanuki;Peluquero de mascotas;C. de Villa del Prado, 1;28045 Madrid;;910 07 03 17;http://www.nanuki.es/;4.8;0;;
ART Las Palmas Viviendas Vacacionales;Apartamento turístico;C. el Salvador, 79;Las Palmas;;699 93 84 82;https://www.murhotels.com/en/hotel-art-las-palmas-in-gran-canaria/?utm_source=google&utm_medium=organic&utm_campaign=GoogleMyBusiness&utm_content=art&partner=6600;4.8;0;;
Mas Can General Elorza - Tienda y Peluqueria canina y felina;Tienda de productos para mascotas;C/ del Gral. Elorza, 89;Asturias;;984 19 94 28;https://mas-can.es/;4.8;0;;
mínima_ana;Peluquería;junto a la fuente del perro;Biscay;;681 90 86 45;https://minima-ana.com/;4.8;0;;
DOG LOVERS PELUQUERÍA CANINA;Peluquero de mascotas;Carrer de Joaquim Togores, 5;Illes Balears;;678 19 05 08;https://www.instagram.com/dogloversmallorca/;4.8;0;;
Oxxo Valencia;Tienda de productos para mascotas;Quevedo Y Viator 100, Valencia;México;;+52 81 8320 2020;https://www.oxxo.com/?utm_source=google&utm_medium=organic&utm_campaign=gbp;4.8;0;;
José Barranco Adiestrador y Residencia;Adiestrador canino;Diseminado Poligono 27, 72;Málaga;;625 55 03 57;http://www.josebarrancoadiestrador.com/;4.8;0;;
Blanquerna Centre Clínic Veterinari;Veterinario;Carrer de Pere Martell, 12;Illes Balears;;971 20 76 62;http://blanquernaveterinaria.com/;4.8;0;;
Mascotas Vtm;Tienda de animales;C. Fray Tomás de Berlanga, 10;41010 Sevilla;;641 58 62 94;;4.8;0;;
Guaupísimos peluquería y estética canina;Peluquero de mascotas;C. Heráclito, bajo 7;Murcia;;611 73 43 31;;4.8;0;;
Canycat peluquería felina y canina;Tienda de animales;C. de Juan de Herrera, 42;03004 Alicante;;665 83 82 09;;4.8;0;;
Fundación Santuario Gaia;Refugio para animales;La Cabanya del Molladar s/n;Girona;;972 26 54 95;https://www.fundacionsantuariogaia.org/;4.8;0;;
PERRUKYS;Peluquero de mascotas;C. de Josep Rover Motta, 8;Illes Balears;;871 93 71 36;;4.8;0;;
Escuela Canina de Adiestramiento K9 Málaga;Adiestrador canino;Diseminado Poligono 27, 118;Málaga;;671 31 68 55;http://www.k9malaga.es/;4.8;0;;
Dogterra;Guardería canina;Calle de Martínez Izquierdo, 14;28028 Madrid;;650 97 15 30;https://www.dogterra.es/;4.8;0;;
Van Dog;Peluquero de mascotas;Carrer de Selva, 3;Illes Balears;;633 96 04 21;;4.8;0;;
Perruquería Pelusas;Peluquero de mascotas;C. México, 3;29010 Málaga;;669 91 93 16;;4.8;0;;
Residencia Canina Unican;Guardería canina;Calle Joaquín Vargas;29004 Málaga;;623 92 53 03;http://www.residenciacaninaunican.com/;4.8;0;;
Peluquería canina Murcia La Chata;Tienda de productos para mascotas;Pl. Aurora, 1;30001 Murcia;;968 24 58 52;;4.8;0;;
Medina;Peluquero de mascotas;Calle Ntra. Sra. de las Candelas, 36;29004 Málaga;;696 17 84 43;https://canglam.es/peluqueria-canina-medina/;4.8;0;;
RokeCan;Peluquero de mascotas;Rúa de Joaquín Loriga, 24;Pontevedra;;604 00 04 08;;4.8;0;;
WonderPets (antes Terranova);Tienda de productos para mascotas;C. Huerto Manu, 3;30009 Murcia;;611 05 41 59;;4.8;0;;
Servicios Veterinarios IAS;Veterinario;738J+F5P;Biscay;;944 45 05 46;http://www.veterinariosbilbao.com/;4.8;0;;
Naturaleza, la tienda de tus animales;Tienda de animales;Isla Gomera, 3;14011 Córdoba;;957 46 22 87;;4.8;0;;
Museo del Desierto;Protectora de animales;Blvd. Carlos Abedrop Dávila 3745;México;;+52 844 986 9000;http://www.museodeldesierto.org/;4.8;0;;
ENTREPATAS PELUQUERIA Y TIENDA CANINA;Peluquero de mascotas;Carrer del Montnegre, 6;08029 Barcelona;;933 63 34 40;;4.8;0;;
CANIDOS;Peluquero de mascotas;C. Coquina;41015 Sevilla;;625 30 78 01;;4.8;0;;
Ciudad Mascota;Tienda de animales;C. Ramiro I Rey, 17;Asturias;;985 07 51 19;;4.8;0;;
MAS PELUTS;Guardería canina;Vial Camino, 16;Girona;;674 16 99 36;http://www.maspeluts.com/;4.8;0;;
Rafael Polo Machuca;Veterinario;Pje. Begoña, 5;29010 Málaga;;952 28 16 96;;4.8;0;;
Guardería Canina Santa María de Guía;Guardería canina;Diseminado Barranco Hondo, 6;Las Palmas;;692 02 69 02;https://ges-pet.appspot.com/hotel/reservas/online/HO-64b150ddb0616-399/es;4.8;0;;
OK MASCOTA TEATINOS;Tienda de alimentos para animales;Av. de Gregorio Prieto, 3;29010 Málaga;;952 18 05 86;http://www.okmascota.es/;4.8;0;;
Alquimia peluquería canina sevilla;Peluquero de mascotas;C. Chipre, 5, Loc 11;41012 Sevilla;;671 29 88 49;https://instagram.com/alquimiapeluqueriacanina?igshid=YmMyMTA2M2Y=;4.8;0;;
KMAKUS;Protectora de animales;Avinguda Catalunya, 66;Girona;;722 61 64 44;https://www.kmakus.com/;4.8;0;;
Oxxo De La Madrid II MTY;Tienda de productos para mascotas;Blvd. Miguel De La Madrid 5880-A-Km 9.2;México;;+52 81 8320 2020;https://www.oxxo.com/?utm_source=google&utm_medium=organic&utm_campaign=gbp;4.8;0;;
Residencia ,guardería canina DANDYCAN;Guardería canina;Paraje alquería, 10;Murcia;;722 33 64 10;;4.8;0;;
Ser de Llum (Labrador Retriever);Criador canino;Urb. los Lagos;Valencia;;670 78 51 89;https://www.serdellum.es/;4.8;0;;
Centro Veterinario Gato Blanco Perro Negro;Veterinario;Lugar Urbanización los Arquillos, 0 S/N;Málaga;;952 51 39 99;;4.8;0;;
Dogga;Peluquero de mascotas;C/ de Pere II el Cerimoniós, 3;Valencia;;639 35 66 53;https://www.dogga.es/;4.8;0;;
Peluqueria canina Zaragoza | Huella |;Peluquero de mascotas;Rda. del Ibón de Plan, 68, Loc 1;50011 Zaragoza;;604 81 96 21;https://www.instagram.com/coral.groomer?igsh=MTJ4NXU3N3Q0cDVxaw%3D%3D&utm_source=qr;4.8;0;;
Cans i Moixos;Peluquero de mascotas;Plaça Guillem Moragues, 5, Bajo;Illes Balears;;871 70 82 76;;4.8;0;;
Centro de Salud Animal Municipalidad de Saldan;Protectora de animales;Sarmiento 213;Argentina;;+54 351 856-0704;;4.8;0;;
Hospital Veterinario Animales de Compañia;Veterinario;P.º Marítimo Cdad. de Melilla, 7;29016 Málaga;;952 22 61 28;;4.8;0;;
Adiestramiento en EDUCAN Málaga;Adiestrador canino;Diseminado POlígono 30;Málaga;;633 17 97 33;https://www.adiestramientoeducan.com/malaga?utm_source=google&utm_medium=organic&utm_campaign=GMB;4.8;0;;
Tienda de mascotas y acuario Aquareef;Tienda de acuarios;Zaragoza 445;México;;+52 871 346 5946;https://www.facebook.com/Aquareef-Tienda-De-Mascotas-302670400272293/;4.8;0;;
Peluquería Canina Zubizuri;Peluquero de mascotas;Uriortu Kalea, 15;Bizkaia;;672 76 75 56;;4.8;0;;
Bark Square;Servicio de embarque de mascotas;8600 NW 56th St Bay 7;Estados Unidos;;+1 786-401-7748;https://barksquare.com/;4.8;0;;
Peluqueria canina UPPI;Peluquero de mascotas;C. Prof. Adolfo Miaja de la Muela, 13;47014 Valladolid;;983 04 16 48;;4.8;0;;
Hocicos | Peluquería canina en Zaragoza;Peluquero de mascotas;C. Belle Epoque, 17;50019 Zaragoza;;604 11 06 02;https://hocicoszaragoza.es/;4.8;0;;
Lil' Paws Veterinaria;Veterinario;Av. las Palmas 425;México;;+52 81 1230 6397;https://www.facebook.com/lilpawssh/;4.8;0;;
FashionPets;Peluquero de mascotas;Carril Huerto Quintano, 17;30100 Murcia;;868 19 42 75;https://instagram.com/fashionpets_murcia?igshid=YmMyMTA2M2Y=;4.8;0;;
Cuchi Pet;Peluquero de mascotas;Carrer de los Castillejos, 210;08013 Barcelona;;613 29 22 68;https://www.facebook.com/Cristina-Cuchi-Pet-107912608629568;4.8;0;;
Huellas Y Raices;Tienda de animales;Carrer del Capità Vila, 38;Illes Balears;;971 27 65 67;http://huellaspetsmallorca.com/;4.8;0;;
Rivera Animales y Plantas;Tienda de animales;C. Silio, 4;47005 Valladolid;;699 93 30 38;;4.8;0;;
Mascotas Ávila Sevilla Felipe II;Tienda de productos para mascotas;C. Felipe II, 12;41013 Sevilla;;954 54 03 36;https://www.mascotasavila.com/;4.8;0;;
Kennel Class;Peluquero de mascotas;C. de Carolina Álvarez, 11;Valencia;;963 31 26 00;;4.8;0;;
Clínica Veterinària QVets;Veterinario;Carr. S Feliu Guíxols-Vilarr, 71;Girona;;972 78 11 44;https://qvets.cat/;4.8;0;;
Abrazo Animal;Protectora de animales;Matas Las;Madrid;;916 30 15 24;https://abrazoanimal.org/;4.8;0;;
Peluqueria Canina Panxi;Peluquero de mascotas;Pg. d'Urrutia, 108;08031 Barcelona;;931 14 87 33;;4.8;0;;
Guacanda;Guardería canina;C. del Puerto de Maspalomas, 12;28029 Madrid;;644 91 96 91;http://www.guacanda.es/;4.8;0;;
Curso Educador y Terapeuta Canino UCM;Universidad;Edificio de Zootecnia. Universidad Complutense Ciudad Universitaria Facultad de Veterinaria Universidad Complutense;28040 Madrid;;913 94 37 68;https://www.ucm.es/servicio-etologia-clinica/educador-y-terapeuta-canino;4.8;0;;
Lezama Can Resort;Guardería canina;Vial;Biscay;;615 75 09 44;;4.8;0;;
By Mascota Madrid Retiro;Tienda de productos para mascotas;Calle de Castelló, 10;28001 Madrid;;911 34 47 00;https://bymascota.com/tiendas/tiendas-mascotas-madrid/;4.8;0;;
Oracan adiestramiento;Adiestrador canino;36201 Vigo;Pontevedra;;646 58 91 74;http://www.oracan.es/;4.8;0;;
Peluqueria Del Valle;Peluquería;C/ Juan Rabadán, 18, C;41002 Sevilla;;665 58 81 68;;4.8;0;;
Premium Pets;Tienda de productos para mascotas;2421 W Edgewood Dr;Estados Unidos;;+1 573-896-1092;http://www.premiumpetsjc.com/;4.8;0;;
PELUQUEARTE peluquería canina y alimentación;Peluquero de mascotas;C/ de l'Explorador Andrés, 44;Valencia;;663 87 31 30;;4.8;0;;
Centro de Castraciones COAT;Protectora de animales;Avenida Gaston Madrid y San Luis Potosí 10, Calle Guadalupe Victoria Local 4;México;;+52 662 200 5051;http://coat.org.mx/c3/;4.8;0;;
PELUQUERÍA CANINA INNOVACAN VALENCIA;Peluquero de mascotas;C/ de José Grollo, 105;Valencia;;962 05 48 72;http://www.innovacanvalencia.com/;4.8;0;;
Hotel Cetina Casa de Aguilar, Córdoba;Hotel;C. Barroso, 4;14003 Córdoba;;957 47 62 21;https://www.cetinahotels.com/;4.8;0;;
PetCenterLeal;Guardería canina;C. de Lérida, 84;28020 Madrid;;;https://www.petcenterleal.com/;4.8;0;;
Adiestramiento EDUCAN en Gran Canaria;Adiestrador canino;;;;667 81 63 06;https://www.adiestramientoeducan.com/gran-canaria;4.8;0;;
Coquetos Peluquería Canina;Peluquero de mascotas;C. Pradilla, 37;03012 Alicante;;697 86 40 27;https://coquetosalicante.wixsite.com/coqueto-salicante;4.8;0;;
Urancán - Adiestramiento y Educación Canina en Sevilla;Adiestrador canino;C. Juan Carvallo, 3;41006 Sevilla;;607 53 23 67;http://www.urancan.com/;4.7;0;;
Hotel can bo de pau;Hotel;Plaça;Girona;;615 67 16 82;https://canbodepau.com/;4.7;0;;
Vidacan;Tienda de productos para mascotas;C. del Tamarisco, 23, Nave 35;47017 Valladolid;;983 18 22 00;;4.7;0;;
Lord Perrum;Peluquero de mascotas;Carrer de Manuel Azaña, 22;Illes Balears;;971 46 89 54;https://www.lordperrum.com/;4.7;0;;
Àrea per gossos;Parque para perros;Passeig de Calvell, 10;08005 Barcelona;;;;4.7;0;;
Barbería Erikson;Peluquería;C. Urquiza, 5;41003 Sevilla;;642 07 00 82;http://barberiaerikson.booksy.com/;4.7;0;;
Ovi-can;Guardería canina;C/la carrera, 1-a;Asturias;;665 12 12 11;http://www.ovi-can.net/;4.7;0;;
Alafaya Trail Animal Hospital;Veterinario;2985 Alafaya Trail;Estados Unidos;;+1 407-365-2222;https://www.orlandovets.com/alafaya-trail-oviedo/;4.7;0;;
Marta Ruiz Peluquería Canina;Peluquero de mascotas;C. de Miguel Servet, 105;50013 Zaragoza;;976 42 87 10;http://www.martaruizpeluqueriacanina.com/;4.7;0;;
Aquacanis, Peluquería canina, Alimentación natural y Complementos;Peluquero de mascotas;Rúa das Teixugueiras, 22, Local 2;Pontevedra;;886 12 60 23;http://www.aquacanis.es/;4.7;0;;
ibis Styles Madrid Centro Maravillas;Hotel;C. de Manuela Malasaña, 6;28004 Madrid;;911 08 58 00;https://all.accor.com/lien_externe.svlt?goto=fiche_hotel&code_hotel=3318&merchantid=seo-maps-Spain-3318&sourceid=aw-cen&utm_medium=seo%20maps&utm_source=google%20Maps&utm_campaign=seo%20maps;4.7;0;;
Adiestramiento Valencia (Valencia y Sagunto);Adiestrador canino;C. de Velázquez, 11;Valencia;;609 24 39 22;http://www.adiestramientovalencia.com/;4.7;0;;
ANAA Protectora de Animales;Protectora de animales;Calle de Valdetorres de Jarama;Madrid;;916 67 20 36;https://anaaweb.org/;4.7;0;;
Hotel NH Collection Valencia Colón;Hotel;Carrer de Colón, 32;Valencia;;963 52 89 00;https://www.nh-hotels.com/en/hotel/nh-collection-valencia-colon?utm_campaign=local-gmb&utm_medium=organic_search&utm_source=google_gmb;4.7;0;;
Hounds Town - Orlando Universal;Guardería canina;5960 Lakehurst Dr;Estados Unidos;;+1 321-340-7070;https://houndstownusa.com/locations/orlando-universal/?utm_source=google&utm_medium=map&utm_id=orlando-universal;4.7;0;;
PEKEDOG, Peluquería y educación canina a domicilio.;Peluquero de mascotas;;;;609 55 52 47;;4.7;0;;
Seven Seas Park;Parque;1010 Morse Ave;Estados Unidos;;+1 408-730-7506;https://www.sunnyvale.ca.gov/Home/Components/FacilityDirectory/FacilityDirectory/70/260;4.7;0;;
HOTEL CANINO SULU. (Peluquería Canina);Guardería canina;Carretera Mudarra, 13;Valladolid;;619 80 79 26;http://www.hotelcaninosulu.com/;4.7;0;;
Veterinaria Manantiales;Veterinario;25904, Arroyo Rico 2123;México;;+52 844 184 4392;http://www.veterinaria.org/;4.7;0;;
Hotel Canino Carucan;Guardería canina;C. Residencia H.H.Cruz Blanca, 34;Sevilla;;686 86 65 28;https://carucan.es/;4.7;0;;
CLÍNICA VETERINARIA LA VILETA;Veterinario;Carrer de Bolonya, 2;Illes Balears;;971 79 28 76;https://www.clinicalavileta.com/;4.7;0;;
Lake Baldwin Park;Parque;2000 S Lakemont Ave;Estados Unidos;;+1 407-599-3334;https://cityofwinterpark.org/departments/parks-recreation/parks/lake-baldwin-park/;4.7;0;;
The Pet Bow-Tique;Peluquero de mascotas;47 S Central Ave;Estados Unidos;;+1 407-366-8187;http://thepetbowtique.com/;4.7;0;;
Hotel Catalonia Plaza Mayor;Hotel;C. de Atocha, 36;28012 Madrid;;913 69 44 09;https://www.cataloniahotels.com/es/hotel/catalonia-plaza-mayor?mb=1&utm_source=googlemaps&utm_medium=organic&utm_campaign=PMA;4.7;0;;
Amascotados Trassierra;Tienda de productos para mascotas;Carret. de Trassierra, 58;14011 Córdoba;;604 29 78 32;https://www.amascotados.com/;4.7;0;;
HV PUPPYS VETERINARIA;Hospital veterinario;Lirio 442 Codigo POSTAL, 66635 Valle de las palmas II, 66635 Cd Apodaca, N.L. tel celular 811 559;México;;+52 81 8661 8075;;4.7;0;;
Northeast Regional Park;Parque para perros;50945 US-27;Estados Unidos;;+1 863-534-6911;http://www.polk-county.net/;4.7;0;;
Peluquería Canina Cachito Guau;Peluquero de mascotas;Av. de la Libertad, 6, Blq 4;30009 Murcia;;968 93 20 60;https://cachitoguau.es/;4.7;0;;
The Dogg Hotel & Spa;Guardería canina;Calle de O'Donnell, 7;28009 Madrid;;637 40 24 72;https://www.thedogg.es/;4.7;0;;
Palma Paraiso Resort Canine;Guardería canina;Lomelí 6;México;;+52 81 2320 3296;https://palmaparaiso.com/;4.7;0;;
VilaDesCans Residència Canina - Criadores de Jack Russell Terrier - Girona;Guardería canina;Crta, Km 2;Girona;;653 49 21 45;https://www.viladescans.net/;4.7;0;;
La Perripandi;Peluquero de mascotas;Calle Manila, 2;41020 Sevilla;;645 51 35 69;https://www.laperripandi.es/;4.7;0;;
Mis Colegas;Peluquero de mascotas;La;50019 Zaragoza;;682 29 46 57;;4.7;0;;
Fat Puppys Bulldogs;Criador canino;Carrer de Santa Coloma;17160 Girona;;600 73 28 33;https://fatpuppys.es/;4.7;0;;
CARICIAS CANINAS;Peluquero de mascotas;C. de Leopoldo Romeo, 13;50002 Zaragoza;;667 79 25 64;;4.7;0;;
Supermascota Tienda de productos para mascotas;Tienda de productos para mascotas;C. Tipografía;41016 Sevilla;;954 25 45 02;http://supermascota.es/;4.7;0;;
Clinica Veterinaria MIRIBILLA;Veterinario;Espinosa Orive Doktorearen Kalea, 17;Bizkaia;;944 04 83 73;http://veterinariabilbao.com/;4.7;0;;
Universal Dog Adiestramiento y Educación canina;Adiestrador canino;C. de Pablo Ruiz Picasso, 32;50018 Zaragoza;;633 33 85 30;https://www.universaldog.es/;4.7;0;;
Animal Solución Guardería Canina perros gatos conejos;Guardería canina;C. de Virgen de Lluc, 16;28027 Madrid;;662 22 27 22;https://animalsolucion.com/?utm_source=Google%20My%20Business&utm_medium=Organico&utm_campaign=AnimalSolucionGuarderiaCaninaMadrid;4.7;0;;
Mai Friends;Peluquero de mascotas;Carrer de Viladomat, 26;08015 Barcelona;;934 41 07 89;https://jorgedvr6-prog.github.io/maifriends/;4.7;0;;
Shyba - Peluquería canina y felina de bajo estrés;Peluquero de mascotas;C. del Capitán Blanco Argibay, 133;28029 Madrid;;674 91 69 46;http://www.shyba.es/;4.7;0;;
Lilo & Rumba: Tu tienda de productos para perros y gatos;Tienda de productos para mascotas;C. Fajardo, 6;29005 Málaga;;952 00 23 18;http://www.liloyrumba.com/;4.7;0;;
FAADA;Organización sin ánimo de lucro;Rambla de Prim, 155, Entlo. 2ª;08020 Barcelona;;936 24 55 38;http://faada.org/;4.7;0;;
Peluquería Canina MásQMascotas;Peluquero de mascotas;C. San Luis, 9;47004 Valladolid;;983 20 20 02;http://www.masqmascotas.com/;4.7;0;;
Clínica Veterinària Foners;Veterinario;Carrer Gral. Ricardo Ortega, 24;Illes Balears;;971 94 93 80;https://www.veterinariafoners.com/;4.7;0;;
Sociedad Canina De Alicante;Asociación u organización;C. Maestro Barbieri, 14;03004 Alicante;;965 20 87 30;https://www.sociedadcaninaalicante.com/;4.7;0;;
Central Park;Parque para perros;27150 Bouquet Canyon Rd;Estados Unidos;;+1 661-290-2240;https://www.santaclarita.gov/parks;4.7;0;;
Vets Girona;Hospital veterinario;Carrer d'Àngel Marsà i Beca, 3;17007 Girona;;972 22 88 04;http://www.veterinarisgirona.es/;4.7;0;;
Calleja de la Pimentera;Hotel;C. Don Rufino Blanco y Sánchez, 8, Centro;14003 Córdoba;;666 52 14 48;http://www.callejalapimentera.com/;4.7;0;;
Alameda de Arteaga;Parque;Zona Centro;México;;;;4.7;0;;
Clínica Veterinaria Hollydoog;Veterinario;Av. Gral. Lázaro Cárdenas 207;México;;+52 81 1505 1298;;4.7;0;;
Peluquería Canina Duke;Peluquero de mascotas;Avinguda Real de Madrid, 5;Valencia;;614 25 60 99;;4.7;0;;
Los Ángeles cantores;Tienda de animales;Avinguda Novelda, 109;Alicante;;654 13 94 18;;4.7;0;;
Veterinary Medical Center;Veterinario;11723 Ventura Blvd;Estados Unidos;;+1 818-762-3111;https://veterinarymedicalcenter.com/;4.7;0;;
Villa La Bicicleta Azul;;C. Galicia, 8;29018 Málaga;;643 77 59 57;https://www.villalabicicletazul.com/;4.7;0;;
Cesflor's;Tienda de productos para mascotas;C. de Toledo, 84, LOCAL 2;28005 Madrid;;913 65 20 17;http://www.cesflors.es/;4.7;0;;
GTAG AMICS DEL GOS;Animales;Pol. Mas del Jutge;Valencia;;687 70 06 02;;4.7;0;;
Madagascar Mascotas - Miriam Blasco;Tienda de productos para mascotas;Av. Esportista Miriam Blasco, 6B;Alicante;;965 26 87 25;https://www.madagascarmascotas.com/;4.7;0;;
APARTAMENTOS PINTOR LOSADA;Apartamento turístico;C. Pintor Losada, 2;14004 Córdoba;;658 29 77 77;https://www.pcapartments.es/;4.7;0;;
Cristine Bedfor Guest Houses Sevilla;Hotel;C. Amor de Dios, 29;41002 Sevilla;;955 94 45 74;https://cristinebedforhotel.com/sevilla/?utm_source=google&utm_medium=gbp&utm_campaign=google_business_profile&utm_content=cristine_sevilla_listing;4.7;0;;
ANIMALADAS | Mascotas;Peluquero de mascotas;C. Feria, 66;41002 Sevilla;;955 19 73 64;http://www.latiendadeanimaladas.com/;4.7;0;;
Perros Premium;Tienda de productos para mascotas;Calle Celestino Álvarez, 5;Asturias;;985 98 76 23;http://www.perrospremium.com/;4.7;0;;
TXAKUR ETXEA;Adiestrador canino;;;;615 70 56 53;https://txakuretxea.com/;4.7;0;;
Pet Jilton Club;Guardería canina;Bormujos Km 7 Carretera;Sevilla;;615 19 17 02;https://www.petjiltonclub.com/es/;4.7;0;;
Courtyard By Marriott Juárez;Hotel;Mision De Los Lagos 9020 Colonia;México;;+52 656 257 6300;https://www.marriott.com/en-us/hotels/cjscy-courtyard-ciudad-juarez/overview/?scid=f2ae0541-1279-4f24-b197-a979c79310b0;4.7;0;;
Peluquería Canina LOLA Avenida Pino Montano 29;Peluquero de mascotas;Av. de Pino Montano, 29;41008 Sevilla;;744 66 63 69;;4.7;0;;
Gemini Springs Park;Parque;Spring to Spg Trl;Estados Unidos;;+1 386-736-5953;https://www.volusia.org/services/community-services/parks-recreation-and-culture/parks-and-trails/park-facilities-and-locations/ecological-nature-parks/gemini-springs-park.stml;4.7;0;;
Pet Supplies Plus Stevenson Ranch;Tienda de productos para mascotas;25658 The Old Rd;Estados Unidos;;+1 661-670-0071;https://www.petsuppliesplus.com/store/ca/stevenson-ranch/4197-stevenson-ranch/4197;4.7;0;;
Madagascar Mascotas - Aguilera;Tienda de animales;Avinguda d'Aguilera, 48;Alicante;;965 26 87 25;https://www.madagascarmascotas.com/;4.7;0;;
Pecas Grooming Salon;Peluquero de mascotas;4028 S Orlando Dr;Estados Unidos;;+1 407-371-9544;http://www.pecasgrooming.com/;4.7;0;;
Sevilla Feed & Animal Supply;Tienda de productos para mascotas;12986 Euclid Ave;Estados Unidos;;+1 909-391-7500;;4.7;0;;
Tera-Can;Guardería canina;Diseminado Fontcalent, 126A;03699 Alicante;;617 33 52 17;http://www.pascual-educacion-canina.es/;4.7;0;;
B&B HOTEL Alicante Centro;Hotel;Av. Salamanca, 38;03005 Alicante;;865 72 73 91;https://www.hotel-bb.com/es/hotel/alicante-centro?utm_source=googlemaps&utm_medium=fichehotel&utm_campaign=alicante_centro;4.7;0;;
Solivet Veterinarios;Veterinario;C. Jose Maria Gonzalez Ruiz, 7;29010 Málaga;;952 06 62 95;;4.7;0;;
Caring Dog Feria;Tienda de animales;C. Feria, 131;41002 Sevilla;;854 72 57 37;http://www.caringdog.es/;4.7;0;;
Chez Amandine | Santuario para Animales de Granja;Protectora de animales;Diseminado P33, 527;Valencia;;;https://ko-fi.com/Chez_Amandine;4.7;0;;
Peluquería Mascotas Snupy;Peluquero de mascotas;Av. Esportista Miriam Blasco, 12;Alicante;;965 26 37 08;;4.7;0;;
Laperroqueria;Peluquero de mascotas;Carrer de Provença, 540;08025 Barcelona;;630 92 57 90;;4.7;0;;
Originem;Cafetería;Carrer de la Força, 1, A;17004 Girona;;640 08 44 65;https://originem.cat/;4.7;0;;
Mascotas Jc1 Tienda para mascotas, servicios veterinarios y peluqueria canina;Tienda de productos para mascotas;Pl. Dentistas Murcianos, n°15;Murcia;;968 90 50 06;https://www.facebook.com/TiendaAnimalesMurcia/;4.7;0;;
Meus Amics Coll;Tienda de animales;Carrer de les Illes Pitiüses, 2;Illes Balears;;647 73 32 54;;4.7;0;;
El Rey Moro Hotel Boutique;Hotel;C. Reinoso, 8;41004 Sevilla;;622 27 73 36;http://www.elreymoro.com/;4.7;0;;
Valencia Animal Clinic;Veterinario;1533 E River Rd;Estados Unidos;;+1 505-864-4075;http://www.valenciaanimalclinic.com/;4.7;0;;
Donnelly Memorial Park;Cementerio;6000 JFK Blvd E;Estados Unidos;;;;4.7;0;;
Refugi d'animals de Pollença;Refugio para animales;Camí de Can Bregat;Illes Balears;;971 53 21 80;http://www.refugifina.org/;4.7;0;;
Granja San Antón;Veterinario;C. Villafuerte, 35;29017 Málaga;;952 20 19 75;;4.7;0;;
Veterinari Sarrià;Veterinario;Avinguda de França, 17;Girona;;972 17 33 27;;4.7;0;;
Attica 21 Vigo Business&Wellness;Hotel;Av. Samil, 15;Pontevedra;;986 46 21 21;https://www.attica21hotels.com/hotel-attica21-vigo-4s/;4.7;0;;
Hotel Suites 1478;Hotel;Calle Dr. Chil, 22;Las Palmas;;928 84 77 72;http://www.suites1478.com/;4.7;0;;
Urban Pets;Peluquero de mascotas;Avinguda de la Riera de Cassoles, 55;08012 Barcelona;;932 50 76 65;;4.7;0;;
Clínica Veterinaria Dr. Galacho;Veterinario;C/ Gutenberg, 8;29016 Málaga;;952 21 29 41;https://galachoveterinarios.com/encuentranos/clinica-veterinaria-gutenberg-dr-galacho/;4.7;0;;
La Fabrique Peluqueros;Peluquería;Itxaropen Kalea, 26;Bizkaia;;944 06 99 39;http://www.lafabrique.coop/;4.7;0;;
Gos Feliç;Peluquero de mascotas;Trav. de Dalt, 118;08024 Barcelona;;931 70 49 27;https://www.gosfelic.cat/es/;4.7;0;;
Clínica Veterinaria Centro;Veterinario;C. Conde Duque de Olivares, 5;29002 Málaga;;952 31 73 43;;4.7;0;;
Interzoo Retiro;Tienda de productos para mascotas;C/ del Alcalde Sainz de Baranda, 38;28009 Madrid;;911 10 52 02;https://interzoo.es/store/21-28009-Madrid;4.7;0;;
PETUSO , AMOR Y MASCOTAS;Tienda de productos para mascotas;37°24'16. 5°57'45 Polígono Store calle gramil E2;41008 Sevilla;;954 06 45 82;https://petuso.com/;4.7;0;;
Peluqueria nacer;Peluquería;Juan de Garay Kalea, 45;Bizkaia;;631 95 72 66;;4.7;0;;
Clínica Veterinaria El Parc;Veterinario;Carrer de Joan Mas, 4;Illes Balears;;971 29 00 44;http://www.veterinariaelparc.com/;4.7;0;;
Sunset Park;Parque;909 Puesta Del Sol;Estados Unidos;;+1 760-744-9000;https://www.san-marcos.net/Home/Components/FacilityDirectory/FacilityDirectory/155/1081?npage=3;4.7;0;;
Ganesha;Peluquero de mascotas;Carrer del Concili de Trento, 30;08018 Barcelona;;933 07 47 87;https://es-la.facebook.com/ganesha.peluqueriacanina;4.7;0;;
Costa Del Labrador de Bould;Criador canino;Sector 9 la Estación, 26;Valladolid;;692 65 37 97;http://www.costadellabrador.com/;4.7;0;;
Hotel Canino Aiartza;Guardería canina;Aiartza Bidea, 1;Bizkaia;;944 54 27 12;http://www.hotelcaninoaiartza.com/;4.7;0;;
Va de perros, Adiestrador y paseo de peluditos.;Adiestrador canino;Carrer de Coroleu;08030 Barcelona;;606 32 85 81;https://www.facebook.com/VadePerrosBcn;4.7;0;;
Amicgos;Peluquero de mascotas;C/ d'Enric Navarro, 14;Valencia;;963 32 05 25;;4.7;0;;
Pet's Kangoo;Adiestrador canino;C. de Bailén, 4;50008 Zaragoza;;668 82 97 88;http://petskangoo.es/;4.7;0;;
CUIDO TU MASCOTA;Guardería canina;Av. del Cerro Milano, 537;28051 Madrid;;;;4.7;0;;
Veterinario en Málaga | Clínica Veterinaria Jardín de la Abadía;Veterinario;C. Río Rocío, 4;29002 Málaga;;952 32 04 43;https://www.clinicaveterinariajardindelaabadia.es/;4.7;0;;
Hotel Ateneo Sevilla;Hotel;Pl. Fdo. de Herrera, 6;41003 Sevilla;;954 22 09 16;http://www.hotelateneosevilla.com/?utm_medium=organic&utm_source=google-my-business&utm_campaign=google-local;4.7;0;;
Guardería Peluda;Cuidador de mascotas;C. de Sambara, 25;28027 Madrid;;644 29 57 97;;4.7;0;;
Centro Canino Vallecan;Guardería canina;Carr. de El Pardo a Fuencarral, Km. 2, 200;28049 Madrid;;660 51 91 62;http://www.vallecan.es/;4.7;0;;
Huellitas Ropa y Accesorios para Mascotas;Tienda de productos para mascotas;Calle 10 #1550, Av Hidalgo e, entre Avenida Guadalupe;México;;+52 646 196 6795;https://www.facebook.com/Huellitas.Ens/;4.7;0;;
RíoPets;Peluquero de mascotas;C. Añafil, 3;28026 Madrid;;633 24 42 58;https://riopets.es/;4.7;0;;
Hotel boutique Las Casas de la Judería Córdoba;Hotel;C. Tomás Conde, 10, Centro;14004 Córdoba;;957 20 20 95;https://www.lascasasdelajuderiadecordoba.com/?utm_medium=organic&utm_source=google&utm_campaign=google-my-business&utm_term=google-local;4.7;0;;
Hotel Málaga Vibes;Hotel;C. Gregorio Allegri, s/n;29004 Málaga;;951 41 31 31;https://www.vibeshoteles.com/?utm_source=googlemybusiness&utm_medium=googlemybusiness&utm_campaign=googlemybusiness;4.7;0;;
Alvaro adiestrador;Adiestrador canino;C. Residencia H.H.Cruz Blanca, 34;Sevilla;;;;4.7;0;;
Perruquería Canina La Sonrisa de Noah;Peluquero de mascotas;Bajo;Pontevedra;;986 16 45 42;http://lasonrisadenoah.com/;4.7;0;;
Bob W Madrid Atocha;Hotel;C. de Fray Luis de León, 18;28012 Madrid;;911 23 14 66;https://booking.bobw.co/?property=madrid-fldl18&utm_source=organic+search&utm_medium=google_my_business_search_maps&utm_campaign=bob_w_madrid_arte_google_maps_listing&utm_content=google_my_business_website_button;4.7;0;;
Peluquería Canina Alma, Zaragoza;Peluquero de mascotas;P.º de Cuéllar, 1;50007 Zaragoza;;620 81 56 57;;4.7;0;;
Berner BCN;Peluquero de mascotas;Carrer de València, 599;08026 Barcelona;;935 28 35 38;https://www.instagram.com/bernerbcn;4.7;0;;
Cristine Bedfor Guest Houses Málaga;Hotel;C/ Méndez Núñez, 1;29008 Málaga;;951 26 78 10;https://cristinebedforhotel.com/malaga/?utm_source=google&utm_medium=gbp&utm_campaign=google_business_profile&utm_content=cristine_malaga_listing;4.7;0;;
Residencia Canina Mascotas Nazarenas;Guardería canina;N-IV;Sevilla;;633 39 92 35;https://mascotasnazarenas.es/;4.7;0;;
Mi Perro y Cía;Adiestrador canino;C. de Sepúlveda, 20;28011 Madrid;;;https://www.miperroycia.es/;4.7;0;;
Taba peluqueria canina;Peluquero de mascotas;Carrer de Caro, 76, Loc 2;Balearic Islands;;659 30 25 40;;4.7;0;;
El Jardín de Kika;Tienda de animales;C. del Pez, 12;28004 Madrid;;910 06 05 94;https://www.eljardindekika.es/;4.7;0;;
FULL-CAN RESIDENCIA Y EDUCACIÓN CANINA;Guardería canina;Pasaje el Casil, 9 Pozo Estrecho finca el casil s/n;Murcia;;625 13 10 96;http://adiestramiento-cartagena.es.tl/;4.7;0;;
Estilismo canino Pelussos;Peluquero de mascotas;Carrer de Pere De València, 20, Bajo;Valencia;;644 44 02 73;https://www.peluqueriacaninapelussos.com/;4.7;0;;
LavaDoG;Peluquero de mascotas;C. Schubert, 2;29004 Málaga;;652 16 81 38;;4.7;0;;
Residència Can Llosses Barcelona;Guardería canina;Carrer Cementiri Collserola;Barcelona;;605 43 33 34;http://www.canllosses.com/;4.7;0;;
Peluquería Canina La Pantera De Rosa;Peluquero de mascotas;C/ Lira, 18;Alicante;;965 11 68 91;https://www.facebook.com/pages/La-pantera-de-Rosa/770664966295325?sk=timeline;4.7;0;;
Vet&Vet Centre Veterinari;Veterinario;Plaça de Celestina Vigneaux i Cibils, 1, 3;17003 Girona;;972 29 62 83;http://www.vetandvet.cat/;4.7;0;;
somethingFISHY;Tienda de peces tropicales;1977 Alafaya Trail #1091;Estados Unidos;;+1 321-765-4149;https://somethingfishytropicals.com/;4.7;0;;
Dogger MG, Dog Designers;Peluquero de mascotas;C. Muñoz Degraín, 20;Asturias;;676 99 48 40;https://www.instagram.com/doggerdogdesigners/;4.7;0;;
Animalandia;Tienda de animales;Carrer del Mar, 11;Alicante;;630 35 77 51;;4.7;0;;
Clínica Veterinaria Los Corrales;Veterinario;C. Corral del Agua, 11;41015 Sevilla;;954 95 41 44;https://www.cvloscorrales.es/;4.7;0;;
McAbee Veterinary Hospital;Veterinario;4586 N Palmetto Ave;Estados Unidos;;+1 407-671-5858;https://www.mcabeeveterinary.com/?utm_source=gmb&utm_medium=organic&y_source=1_MTE2Njg5MjQtNzE1LWxvY2F0aW9uLndlYnNpdGU%3D;4.7;0;;
El Gato Persa;Peluquero de mascotas;C. Joaquín Blume, 1;Asturias;;985 22 83 59;https://elgatopersaoviedo.com/;4.7;0;;
Residencia Canina y Felina Tres Llunes - Barcelona;Guardería canina;Camí de la Noguera, s/n;Barcelona;;690 03 28 79;http://www.residenciacaninaenbarcelona.com/;4.7;0;;
Gatuari;Protectora de animales;Pl. del Guinardó, 4;08041 Barcelona;;;http://www.gatuari.cat/;4.7;0;;
INTERZOO - Cánovas - Valencia Peluquería Canina | Productos para mascotas | Comprar piensos para perros y gatos;Tienda de productos para mascotas;Carrer de Salamanca, 37;Valencia;;640 28 82 71;http://www.interzoo.com/;4.7;0;;
Parque de Perros;Parque para perros;FJ8Q+MH;Valencia;;;;4.7;0;;
Empordà Caní;Tienda de alimentos para animales;Plaça Lledoner, 6;Girona;;669 46 56 18;http://empordacani.cat/;4.7;0;;
Hospital Veterinario 12 horas - KISSA -;Hospital veterinario;Av. de Velázquez, 97;29004 Málaga;;951 43 10 24;http://kissaveterinarios.es/;4.7;0;;
CLÍNICA VETERINÀRIA MULTIFAUNA GIRONA;Veterinario;Travessia de la Creu, 31;17002 Girona;;972 20 23 52;http://veterinariamultifauna.cat/;4.7;0;;
Clínica Veterinària Blanes;Veterinario;Carrer Girona, 3;Girona;;972 35 11 34;;4.7;0;;
Centro Veterinario Lucentum;Veterinario;C. del Capitán Segarra, 18;03004 Alicante;;966 28 52 23;http://www.veterinariolucentum.es/;4.7;0;;
Winter Springs Veterinary Clinic;Veterinario;131 W State Rd 434;Estados Unidos;;+1 407-327-0878;http://winterspringsvetclinic.com/;4.7;0;;
Lake Ida West Park;Parque;1455 Lake Ida Rd;Estados Unidos;;+1 561-966-6611;https://discover.pbcgov.org/parks/Locations/Lake-Ida-West.aspx;4.7;0;;
CENTRO DE BIENESTAR ANIMAL ~ HUELLITAS FELICES;Adiestrador canino;47320 Tudela de Duero;Valladolid;;613 67 47 20;https://www.instagram.com/huellitasfelices.tudeladeduero/?hl=es;4.7;0;;
Animal Spirit - Spa Canino;Peluquero de mascotas;Carrer del Doctor Garcia Brustenga, 20;Valencia;;963 69 36 73;https://www.facebook.com/animalspirit/;4.7;0;;
Wonder Pets Florida;Peluquero de mascotas;125 E Wetherbee Rd;Estados Unidos;;+1 954-336-0735;http://www.wonderpetsflorida.com/;4.7;0;;
Centro DiveRTinA – Asociación DiveRTinA;Organización sin ánimo de lucro;C. Luis Fuentes Bejarano, 50;41020 Sevilla;;622 31 83 34;http://divertina.org/;4.7;0;;
Noemas;Tienda de productos para mascotas;C. Neptuno, 12;47009 Valladolid;;983 37 89 02;https://noemas.es/;4.7;0;;
APARTAMENTOS TURÍSTICOS SAMILCOSTA;;Av. Samil, 57;Pontevedra;;604 07 17 30;https://apartamentosamilcosta.com/;4.7;0;;
Bon Can;Peluquero de mascotas;Carrer de Casp, 37;08010 Barcelona;;934 12 59 44;https://es-es.facebook.com/Bon-Can-503746816346359/;4.7;0;;
La Casita De Kiko;Tienda de productos para mascotas;C. de Cuba, 62;Valencia;;960 11 33 13;https://www.facebook.com/lacasitadekiko/;4.7;0;;
Friendly Educación Canina;Adiestrador canino;Av. del Mediterráneo, 10;Málaga;;638 00 22 91;;4.7;0;;
Zeppelin un món de jocs;Tienda de juegos;Carrer de la Premsa, 2, BAIXOS;17001 Girona;;972 20 82 65;https://zeppelindreams.com/;4.7;0;;
Residencia Canina Huellas de Aldebarán;Guardería canina;El Saltillo;Sevilla;;645 81 78 87;http://www.huellasdealdebaran.com/;4.7;0;;
Sants Animals Clínica Veterinaria;Peluquero de mascotas;Carrer del Rector Triadó, 86, bajo;08014 Barcelona;;933 25 57 18;https://www.santsanimals.com/;4.7;0;;
B&B HOTEL Madrid Carabanchel;Hotel;C. del Aguacate, 43;28054 Madrid;;910 79 79 17;https://www.hotel-bb.com/es/hotel/madrid-carabanchel?utm_source=googlemaps&utm_medium=fichehotel&utm_campaign=madridcarabanchel;4.7;0;;
MascotAstur - Tienda Fisica y Online, Clinica Veterinaria Redivet - Oviedo;Tienda de productos para mascotas;C. San Pedro de Mestallón, 12, Bajo;Asturias;;984 18 68 07;https://www.mascotastur.es/;4.7;0;;
Shelties CRC;Adiestrador canino;Lib. Nte. Matamoros-La Partida;México;;+52 871 897 6917;https://sheltiescrc.com/;4.7;0;;
Txurdinaga Albaitaritza;Veterinario;Ondarroa Kalea, 22;Bizkaia;;944 73 17 63;;4.7;0;;
Medivet Clínica Veterinaria Babel;Veterinario;Carrer Asil, 3;Alicante;;965 11 58 22;https://www.medivetgroup.com/es-es/clinicas-veterinarias/babel/?utm_source=google&utm_medium=organic&utm_campaign=google_lpm_babel;4.7;0;;
BMvet;Veterinario;Av Zaragoza 401;México;;+52 871 328 0059;https://m.facebook.com/groups/242454189180092?ref=bookmarks;4.7;0;;
La Petucasa Guardería Canina;Guardería canina;C. Quintanapalla, 5;28050 Madrid;;614 16 50 36;https://www.lapetucasa.com/;4.7;0;;
Fahana Residences Las Canteras;Hotel;C. Covadonga, 17;Las Palmas;;677 96 17 09;https://fahanahotels.com/residences-las-canteras/;4.7;0;;
Peluquería Canina y Felina Contigo Cuidados;Peluquero de mascotas;Zona Mascotas;28003 Madrid;;914 85 90 63;https://www.contigocuidados.com/;4.7;0;;
FrikisDog;Adiestrador canino;;;;;http://www.perrosterapeuticos.es/;4.7;0;;
Animal Clinic of Casselberry;Veterinario;1033 Seminola Blvd;Estados Unidos;;+1 407-699-4572;https://www.casselberryvet.com/;4.7;0;;
Companion Care Pet Hospital - Winter Park;Veterinario;2069 Aloma Ave;Estados Unidos;;+1 407-604-0257;https://ccpetvet.com/;4.7;0;;
Only YOU Hotel Valencia;Hotel;Plaça de Rodrigo Botet, 5;Valencia;;963 98 10 00;https://www.onlyyouhotels.com/hoteles/only-you-hotel-valencia?partner=10214&utm_source=organic&utm_medium=mybusiness&utm_campaign=EC_ES_onlyvalencia;4.7;0;;
Gran Marina Suites;Hotel;C. López Socas, 12, 13º;Las Palmas;;676 03 70 34;http://www.granmarinasuites.com/;4.7;0;;
Corazones Incondicionales;Perrera;Miguel Hidalgo y Costilla 331;México;;;;4.7;0;;
Parque para perros;Parque para perros;17860 Sant Joan de les Abadesses;Girona;;;;4.7;0;;
Pet Sitter Madrid;Guardería canina;Av. de Pablo Iglesias, 20;28003 Madrid;;676 60 56 74;http://www.petsittermadrid.com/;4.7;0;;
Forrajera y Veterinaria Dr. Gonzalez;Farmacia;87314, C. Sendero Nacional 2025;México;;+52 868 111 5014;;4.7;0;;
Pet shop Zapp (peluquería canina);Tienda de animales;C. de los Vinos de la Ribera del Duero, 10;47008 Valladolid;;983 24 69 71;;4.7;0;;
Centre d'ensinistrament Caní INFAHUND;Adiestrador canino;les Borias;Girona;;619 96 07 87;http://www.infahund.cat/;4.7;0;;
Only YOU Hotel Sevilla;Hotel;Av. de Kansas City, 7;41018 Sevilla;;954 91 97 97;https://www.onlyyouhotels.com/hoteles/only-you-hotel-sevilla/?partner=10214&utm_source=organic&utm_medium=mybusiness&utm_campaign=EC_ES_oysvll;4.7;0;;
Clinica Veterinaria Echevarría;Veterinario;C/ Bolivia, 286;29017 Málaga;;952 20 25 02;http://www.clinicaveterinariaechevarria.es/;4.7;0;;
Nicolas Herrero;Peluquero de mascotas;Cl. del Marqués de Sta. Ana, 30;28004 Madrid;;640 16 25 50;http://nicolasherrero.com/;4.7;0;;
El Perro Negro Educación Canina;Adiestrador canino;;;;;https://elperronegroeducacioncanina.com/;4.7;0;;
Puppy Day Care . Guardería para "perros pequeños" . Y peluquería para todos los tamaños y razas 🐕🦮🐕‍🦺🐩🦊🐈;Peluquero de mascotas;Rambla de Guipúscoa, 15, Loc 2;08018 Barcelona;;631 84 82 33;;4.7;0;;
PELUQUERÍA CANINA VILLACHIGUAGUA;Peluquero de mascotas;Carrer de Ventura Rodríguez, 6, 8;08035 Barcelona;;623 14 59 04;;4.7;0;;
Clínica Veterinaria Ciénega (ACG);Veterinario;Zaragoza 285;México;;+52 81 1800 3034;https://www.facebook.com/Cl%C3%ADnica-Veterinaria-Ci%C3%A9nega-209509994422923;4.7;0;;
DOGS and the CITY peluquería canina Bilbao;Peluquero de mascotas;Iparraguirre Kalea, 28;Bizkaia;;661 67 10 03;https://instagram.com/dogsandthecity_bilbao?igshid=ZDdkNTZiNTM=;4.7;0;;
PERRO AZUL;Peluquero de mascotas;C/ de l'Arxiduc Carles, 99;Valencia;;690 72 70 94;;4.7;0;;
Alfacan;Adiestrador canino;Av. Segunda;Sevilla;;619 57 83 84;https://www.clubcaninoalfacan.com/;4.7;0;;
Simi Dog Park;Parque para perros;2251 Lost Canyons Dr;Estados Unidos;;+1 805-584-4400;https://www.rsrpd.org/business_detail_T9_R44.php;4.7;0;;
La Perroteka;Guardería canina;C. del Cardenal Cisneros, 14;28010 Madrid;;670 02 44 22;http://www.laperroteka.com/;4.7;0;;
Clínica veterinaria La Roca;Veterinario;C. Poetisa Catalina Larripa de Rodríguez, 4, Loc 5;29011 Málaga;;952 61 08 80;https://galachoveterinarios.com/encuentranos/clinica-veterinaria-la-roca/;4.7;0;;
Centro Veterinario Esperanza Ribes;Veterinario;C/ Italia, 30;Alicante;;965 77 39 32;;4.7;0;;
La Fábrica de Huellas;Refugio para animales;C/ del Túria, 60;Valencia;;961 93 06 79;http://lafabricadehuellas.simplybook.it/v2/;4.7;0;;
Residencia canina Banyoles Placocan;Guardería canina;Paratge;Girona;;626 36 20 19;https://placocan.com/;4.7;0;;
Las Palmas Park;Parque;850 Russet Dr;Estados Unidos;;+1 408-730-7415;https://www.sunnyvale.ca.gov/Home/Components/FacilityDirectory/FacilityDirectory/51/260;4.7;0;;
Tiendanimal;Tienda de productos para mascotas;Av. de Andalucía;41007 Sevilla;;955 18 52 85;https://tiendas.tiendanimal.es/andalucia/sevilla/sevilla/tiendanimal-los-arcos-sevilla-70?utm_medium=maps&utm_source=google;4.7;0;;
Dog Park - Margaret Pace Park;Parque para perros;1865-1903 N Bayshore Dr;Estados Unidos;;;;4.7;0;;
Lotería Azcarreta desde 1914;Administración de loterías;Areatza Kalea, 1;Bizkaia;;944 15 20 36;https://www.loteriaazcarreta.com/;4.7;0;;
Líbere Málaga Trinidad;Hotel;C. Ventura Rodríguez, 41;29009 Málaga;;951 12 54 08;https://www.staylibere.com/share/LMTN-gmb-asset-page?utm_source=gmb_listing&utm_medium=organic;4.7;0;;
OXXO;Tienda de productos para mascotas;Esquina Con, Avenida De La Laguna, San Clemente S/N;México;;+52 81 8320 2020;https://www.oxxo.com/?utm_source=google&utm_medium=organic&utm_campaign=gbp;4.7;0;;
Villacarsan;Criador canino;Pl. Caño, 6;Valladolid;;652 97 02 44;http://www.villacarsangoldenretriever.es/;4.7;0;;
Clínica Veterinaria Goleta;Veterinario;Avinguda Goleta;Alicante;;965 87 62 20;https://veterinariagoleta.com/;4.7;0;;
GATOS DEL ZO;Organización no gubernamental;;;;;https://instagram.com/gatosdelzoo?igshid=YmMyMTA2M2Y=;4.7;0;;
Consultorio Veterinario KANNES;Veterinario;Calle Av Las Palmas 5024;México;;+52 81 1133 8983;https://www.facebook.com/vetkannes;4.7;0;;
Cosmopawlitan Spa - Grooming & Retail;Peluquero de mascotas;1317 E Los Angeles Ave Unit C;Estados Unidos;;+1 805-813-2103;http://www.cosmopawlitan.dog/;4.7;0;;
Numa Seville Jondo;Hotel;C. Guzmán el Bueno, 12;41004 Sevilla;;932 71 31 07;https://numastays.com/locations/spain/seville/santa-cruz/jondo?utm_source=google&utm_medium=organic&utm_campaign=gmb&utm_content=Jondo;4.7;0;;
West LA Dogs- Big Dog Building;Guardería canina;2251 Federal Ave;Estados Unidos;;+1 310-597-0424;http://westladogs.com/;4.7;0;;
Lucy's Park pipican la devesa;Parque para perros;Passeig de la Devesa, 36;17001 Girona;;;;4.7;0;;
Guardería canina en Madrid | Mami Dogguies 🐾;Guardería canina;C. de Navarrete, 9;28050 Madrid;;623 39 07 85;https://mamidogguies.es/;4.7;0;;
ADPCA;Protectora de animales;Camino del Llano, 6;Zaragoza;;;http://www.adpca.es/;4.7;0;;
Asoc. Protectora de Animales de Molina de Segura;Refugio para animales;Unnamed Road, 30627;Murcia;;635 14 32 16;;4.7;0;;
Parque de Castrelos;Parque;Av. de Castrelos, 186;Pontevedra;;;http://www.turismodevigo.org/es/parque-de-castrelos;4.7;0;;
Exopet Clínica veterinaria;Veterinario;Carrer Daia Vella, 10;Alicante;;966 35 02 00;http://www.exopet.es/;4.7;0;;
Campo de San Francisco;Parque;El Palomar;Asturias;;985 23 60 63;;4.7;0;;
Psico-kan;Adiestrador canino;C. Presbitero Baltasar Carrasco, 31;03005 Alicante;;667 71 92 79;https://cys-psicokan.com/;4.7;0;;
Parque de Invierno;Parque;Senda Verde, s/n;Asturias;;984 08 38 00;https://www.oviedo.es/-/parque-de-invierno?inheritRedirect=true;4.7;0;;
Gosbi Animal Instinct;Tienda de animales;Carrer Lingen;Girona;;;;4.7;0;;
Acuario Mundo Mascotas Martínez;Tienda de animales;P.I. El Manchón;Sevilla;;955 80 69 88;https://www.mundomascotasmartinez.es/;4.7;0;;
Casa Sabai;Hotel;C. Ramón y Cajal, 30;Las Palmas;;689 63 27 78;https://www.sabaicanarias.com/;4.7;0;;
Clinica Veterinaria Bilbo Zoo;Veterinario;Dorre Kalea, 2;Bizkaia;;944 15 18 46;;4.7;0;;
Clinica Veterinaria Es Secar;Veterinario;Carrer de l'Infant Jaume, 1, BAJO;Illes Balears;;971 20 30 18;http://www.cvsecar.com/;4.7;0;;
Interzoo Gran Vía Valencia;Tienda de productos para mascotas;Gran Via de Ferran el Catòlic, 8;Valencia;;961 10 52 32;http://www.interzoo.es/;4.7;0;;
Golden Valley Dog Park;Parque para perros;Santa Clarita, CA 91351;Estados Unidos;;;;4.7;0;;
Inmacan Peluquería Canina;Peluquero de mascotas;C. Andrés Martínez León, 1;41019 Sevilla;;955 94 78 01;http://www.inmacan.es/;4.7;0;;
Ankawa Peluquería Canina y Pajareria;Peluquero de mascotas;Carrer de Bartomeu Calatayud, 3;Illes Balears;;680 87 62 72;http://www.ankawamascotas.es/;4.7;0;;
Fundación Benjamín Mehnert;Refugio para animales;Fundación Benjamín Mehnert Granja de la Concepción s/n;Sevilla;;954 50 38 41;http://www.fundacionbm.com/;4.7;0;;
PET&Me;Peluquero de mascotas;C. de Azcona, 64;28028 Madrid;;608 33 60 85;http://pet-me.store/;4.7;0;;
Veterinaria San Juan;Cuidados veterinarios;C. 40 222A;México;;;;4.7;0;;
Nova Belle Can;Criador canino;N-260;Girona;;629 49 00 39;https://www.novabellecan.es/;4.7;0;;
Clínica Veterinària Aragó 368;Veterinario;Carrer Aragó, 368;Illes Balears;;971 47 30 43;https://evidensia.es/palma/clinica-veterinaria-aragon-368;4.7;0;;
Adiestramiento Canino Sergio Amador;Adiestrador canino;;;;+52 222 240 2413;http://www.adiestramientocanino.com.mx/;4.7;0;;
Young Pine Community Park;Parque;5201 Young Pine Rd;Estados Unidos;;+1 407-254-1900;http://www.orangecountyfl.net/cultureparks/parks.aspx?m=dtlvw&d=111#.WI4nZMtOnqC;4.7;0;;
Hobby Macarena;Tienda de animales;Calle Parque de Doñana Norte;41015 Sevilla;;954 95 81 76;;4.7;0;;
ConductCan | Adiestramiento canino en Barcelona - Residencia canina;Adiestrador canino;Masía Can Patirás;Barcelona;;934 33 06 50;https://conductcan.com/;4.7;0;;
VIP Very Important Perros;Peluquero de mascotas;C/ de Miquel dels Sants Oliver, 25;Illes Balears;;971 91 34 24;http://vipveryimportantperros.es/;4.7;0;;
La Reserva Centre Caní;Guardería canina;Carretera de Girona, km 28;Girona;;629 10 06 24;http://www.lareserva.es/;4.7;0;;
Bú Bup Parc;Refugio para animales;17115 La Bisbal d'Empordà;Girona;;603 04 76 21;https://www.altarriba.org/bu-bup-parc/;4.7;0;;
San Roque Apartment;Edificio de apartamentos amueblados;C. San Roque, 13;03002 Alicante;;654 88 43 73;;4.7;0;;
Oviedo Florist;Floristería;1419 W Broadway St;Estados Unidos;;+1 407-365-3035;https://www.oviedoflorist.com/?utm_source=google&utm_medium=gbp&y_source=1_MTMxNDYzOTQtNzE1LWxvY2F0aW9uLndlYnNpdGU%3D;4.7;0;;
Clínica Veterinaria Vivero;Veterinario;Carrer de Bach, 9;Illes Balears;;971 47 29 58;;4.7;0;;
Mimosos Perruquería Canina, Natural Greatness, Natura Diet, Tramp;Peluquero de mascotas;Carrer Pare Coll, 4 Bis;17005 Girona;;972 29 85 91;;4.7;0;;
Mimomimascota del educador canino Nacho Roca;Adiestrador canino;Carrer l'Alquería, 3;Valencia;;672 79 42 40;http://www.mimomimascota.com/;4.7;0;;
Clínica Veterinaria Ivet (Málaga);Veterinario;Cam. Suárez, 41;29011 Málaga;;951 99 34 77;https://clinicaivet.com/;4.7;0;;
Clínica Veterinària Quissos;Clínica ambulatoria;Carrer del Riu Güell, 50;17005 Girona;;972 91 15 48;http://www.quissos.com/;4.7;0;;
Lord Can Zaratán ( Peluquería y Autolavado Canino );Peluquero de mascotas;Calle Iglesia, 13;Valladolid;;627 13 97 88;http://www.lordcanzaratan.jimdofree.com/;4.7;0;;
Mil y una caricias;Peluquero de mascotas;C. Régulo, 13;03007 Alicante;;647 52 72 38;http://milyunacaricias.es/;4.7;0;;
Residencia Canina Vilamarxant;Guardería canina;Villamarchante;Valencia;;657 59 36 56;http://www.residenciacaninavilamarxant.es/;4.7;0;;
Hotel Mandarin Oriental, Barcelona;Hotel;Pg. de Gràcia, 38-40;08007 Barcelona;;931 51 88 88;https://www.mandarinoriental.com/en/barcelona/passeig-de-gracia?src=loc.local_listing.mobcn.ggl;4.7;0;;
Parque de Juan Carlos I;Parque;GLORIETA S.A.R. DON JUAN DE BORBON Y BATTEMBERG;28042 Madrid;;630 63 07 10;http://www.madrid.es/portales/munimadrid/es/Inicio/El-Ayuntamiento/Medio-ambiente/Parques-y-jardines/Patrimonio-Verde/Parques-en-Madrid/Parque-Juan-Carlos-I?vgnextfmt=default&vgnextoid=8d9a78a0dea9e210VgnVCM1000000b205a0aRCRD&vgnextchannel=38bb1914e7d4e210VgnVCM1000000b205a0aRCRD;4.7;0;;
Lake Mary Veterinary Clinic;Veterinario;2889 W Lake Mary Blvd;Estados Unidos;;+1 407-322-4060;http://www.lakemaryvetclinic.com/;4.7;0;;
Guapos & pelujos;Peluquero de mascotas;C. Maldonado, 8;47002 Valladolid;;983 84 04 61;;4.7;0;;
Petnature;Tienda de alimentos para animales;C. María Díaz de Haro, Kalea 12;Biscay;;944 39 51 30;https://www.petfarmacia.es/;4.7;0;;
Peluquería Canina Look Can;Peluquero de mascotas;C. Castilla, 40, Loc;41010 Sevilla;;649 30 22 04;https://lookcan.es/;4.7;0;;
Lobo Descafeinado - Adiestramiento canino en Valencia - Educación y actividades;Adiestrador canino;Av. del Cid, 116;Valencia;;687 57 31 62;http://lobodescafeinado.com/;4.7;0;;
Sevilla Veterinary Hospital;Veterinario;2116 Main St;Estados Unidos;;+1 310-310-3704;https://www.sevillavet.com/;4.7;0;;
Shaffer Animal Hospital;Veterinario;1475 E Mitchell Hammock Rd;Estados Unidos;;+1 407-366-1722;http://shafferah.com/;4.7;0;;
Oviedo Animal Hospital;Veterinario;612 Geneva Dr;Estados Unidos;;+1 407-365-6947;http://www.oviedoanimalhospital.com/;4.7;0;;
Arca Veterinaria;Veterinario;C. Sevilla 5234-Int. A;México;;+52 656 202 1179;https://www.facebook.com/profile.php?id=100063540462211&mibextid=9R9pXO;4.7;0;;
Clínica Veterinaria Jeremías Lumiares;Veterinario;Av. Conde de Lumiares, 31;03010 Alicante;;865 82 62 35;https://www.clinicaveterinariajeremias.es/es/;4.7;0;;
HOTEL PETLOVERS DOG&CAT;Guardería canina;Las Pachecas, 52;Murcia;;670 87 69 74;https://www.petloversvet.es/dog-cat-hotel/;4.7;0;;
Alconhaire;Guardería canina;Urbanización Las Tinajas, 7;Sevilla;;955 60 91 70;https://www.alconhaire.com/;4.7;0;;
Dingo Peluquería Canina;Peluquero de mascotas;Carrer del Periodista Gil Sumbiela, 66;Valencia;;963 48 59 30;;4.7;0;;
Clinicanimal;Veterinario;Calle Ademuz, Km 2, 8, Local 5. A;Valencia;;961 16 73 01;https://www.clinicanimal.vet/?utm_campaign=gmaps_burjassot&utm_medium=maps&utm_source=google;4.7;0;;
Parque canino El Cristo;Parque;Av. Julián Clavería, 11;Asturias;;;;4.7;0;;
Veterinaria Small Pet;Veterinario;Puerto palma, Biólogo 817;México;;+52 656 787 5162;;4.7;0;;
CAYAM - Centro de Acogida y Acompañamiento Integral;Asociación u organización;Carril Torre Piñero, 21;30169 Murcia;;968 88 60 74;;4.7;0;;
Woof! Orlando;Peluquero de mascotas;3529 Edgewater Dr;Estados Unidos;;+1 407-422-2206;http://www.wooforlando.com/;4.7;0;;
Clínica Veterinaria Portixol;Hospital veterinario;Carrer de Santueri, 2;Illes Balears;;871 95 31 03;;4.7;0;;
Centro Veterinario Dr. Andrés Romero;Veterinario;C. Salzillo, 6;29004 Málaga;;952 08 26 75;;4.7;0;;
Centro Canino De Villa Vereda;Guardería canina;Ctra. Bormujos a;Sevilla;;697 46 01 63;http://www.villavereda.com/www.dogtrainervillavereda@hotmail.com;4.7;0;;
Esos Pelillos Perruquería de Gossos;Peluquero de mascotas;Carrer del Consell de Cent, 120;08015 Barcelona;;619 22 23 45;http://www.esospelillos.com/;4.7;0;;
Hotel Bécquer Sevilla;Hotel;C. Reyes Católicos, 4;41001 Sevilla;;954 22 89 00;http://www.hotelbecquer.com/;4.7;0;;
Entrehuellas;Adiestrador canino;;;;661 82 83 74;https://www.entrehuellas.es/;4.7;0;;
Tuttypetslove;Criador canino;Carrer del Pla de l'Arc, 15;Valencia;;664 53 76 07;https://tuttypetslove.es/;4.7;0;;
Ornibalear Pets;Tienda de animales;Av. Gaspar de Bennazar, 54;Illes Balears;;628 45 26 39;http://www.ornibalear.com/;4.7;0;;
Vive Pets (Bº Chamberí) Hotel 24h, guardería y peluquería canina;Guardería canina;C/ de Donoso Cortés, 58;28015 Madrid;;641 58 11 89;https://www.vivepetresort.com/;4.7;0;;
Cecan Centro Canino;Guardería canina;;;;+52 664 404 2623;https://www.facebook.com/cecantijuana;4.7;0;;
Hotel Hospes Palacio del Bailío;Hotel;C. de Ramírez de las Casas Deza, 10, 12;14001 Córdoba;;957 49 89 93;https://www.hospes.com/palacio-bailio/;4.7;0;;
Autolavado cotas;Peluquero de mascotas;Pl. Pintor Mariano Ballester;30002 Murcia;;643 76 04 70;http://www.mascotoco.com/;4.7;0;;
ETXEPET Clínica Veterinaria;Veterinario;Biarritz Kalea, 2B;Bizkaia;;944 10 12 12;;4.7;0;;
+ Cotas Clínica Veterinaria;Veterinario;Carrer Poima, 22;Illes Balears;;971 85 34 16;http://mascotasvet.net/;4.7;0;;
Facedog;Peluquero de mascotas;Antonio de Trueba Kalea, 5;Bizkaia;;636 62 07 96;https://www.facedogbilbao.com/;4.7;0;;
Parque de Cabecera;Parque;Av. Pío Baroja;Valencia;;963 25 78 81;https://jardins.valencia.es/es/jardin/parque-de-cabecera;4.7;0;;
Clínica Veterinaria Jardín Botánico;Veterinario;Av. Jane Bowles, 19, 2;29011 Málaga;;952 09 22 35;https://clinicaveterinariajardinbotanico.com/;4.7;0;;
Lovely Pet;Peluquero de mascotas;Sin Nombre de Col 5;México;;+52 871 673 3086;;4.7;0;;
Yucatan Dog Park;Parque para perros;165 Lynbrook Dr;Estados Unidos;;;;4.7;0;;
SuperCan;Peluquero de mascotas;C. Juan Ramón Jiménez, 55;Valencia;;963 74 70 97;;4.7;0;;
Clínica Veterinaria Uno Más;Veterinario;Pl. Aparejador Federico Bermúdez, 3, B;29010 Málaga;;951 24 86 63;http://www.clinicaveterinariaunomas.com/;4.7;0;;
Petit Pets;;C. Andrés Bernáldez, 22;29010 Málaga;;650 32 37 99;;4.7;0;;
Pululis tu tienda de animales en Oviedo;Tienda de animales;C. Suárez de la Riva, 1;Asturias;;985 08 86 15;https://pululis.es/;4.7;0;;
Residencia de mascotas Momo;Guardería canina;Camino de la Barranca, S/N;Valladolid;;644 36 68 66;http://momoresidencia.com/;4.7;0;;
Clínica Veterinaria Son Rapinya;Veterinario;Carrer de Mateu Fiol, 45;Illes Balears;;971 79 33 10;;4.7;0;;
Dogger Dog Designers S.L;Peluquero de mascotas;C. Sta. Susana, 31;Asturias;;682 89 85 71;http://www.dogger.es/;4.7;0;;
Esencia Canina;Adiestrador canino;Carrer Tramuntana;Barcelona;;616 88 31 16;http://www.esenciacanina.es/;4.7;0;;
Clínica Veterinaria Arol | MiVet;Veterinario;Carrer d'Andreu Feliu, 23, bajos;Balearic Islands;;971 75 25 46;http://arol.mivet.com/;4.7;0;;
DEQUIRESA | Adiestramiento Canino en Murcia & Residencia Canina;Adiestrador canino;Polígono Rbla. Belén-Sur, 3;Murcia;;606 85 85 65;http://www.dequiresa.com/;4.7;0;;
Grooming Area Bcn;Peluquero de mascotas;Carrer del Remei, 19;08028 Barcelona;;931 48 89 73;https://www.instagram.com/grooming_area_bcn/;4.7;0;;
Clínica Veterinaria Son Moix;Hospital veterinario;Carrer de Bartomeu Sureda i Miserol, 1, BAJO;Balearic Islands;;971 79 09 99;http://clinicasantmarsal.com/;4.7;0;;
El refugio de Tula;Protectora de animales;Partida tras la Venta, 78;Valencia;;653 76 74 60;http://www.protectora-animales-sagunto.jimdo.com/;4.7;0;;
SARALEGI ZENTRUA ALBAITARITZA - VETERINARIO CENTRO SARALEGI;Veterinario;CALLE OLANO Nº2;Biscay;;946 85 12 28;https://www.centroveterinariosaralegi.com/;4.7;0;;
AcuariosKa;Tienda de acuarios;Carrer del Marquès de la Fontsanta, 38;Illes Balears;;630 54 81 04;https://www.facebook.com/AcuariosKa;4.7;0;;
Residencia canina los alcores;Guardería canina;Carretera SE-3201, km 5,400;Sevilla;;955 94 18 06;http://www.residenciacaninalosalcores.com/;4.7;0;;
Playa de Barrika;Atracción turística;Elexalde;Vizcaya;;;http://www.barrika.eu/es-ES/Paginas/default.aspx;4.7;0;;
Parque para perros;Parque;Plaça d'Alfonso Comín, 12;08022 Barcelona;;;;4.7;0;;
MADUCAN - Educador canino / Guardería canina;Adiestrador canino;C. del Pingüino;28047 Madrid;;;https://www.instagram.com/maducan_/;4.7;0;;
Kikora Clinica Veterinaria;Veterinario;Av. Periodista Rodolfo de Salazar, 51, Local 6;Alicante;;644 07 73 95;https://vetkikora.com/;4.7;0;;
CADE Córdoba;Organización sin ánimo de lucro;Av. Tenor Pedro Lavirgen, s/n;14011 Córdoba;;957 35 59 50;http://www.andaluciaemprende.es/CADE/cade-cordoba/;4.7;0;;
"Can is Cool" Centre Caní;Adiestrador canino;Carrer de Juan Valera, 8;08035 Barcelona;;611 38 29 01;https://caniscool.es/;4.7;0;;
Hotel Caní el Vilà;Guardería canina;B-124, 35;Barcelona;;696 86 74 76;https://www.hotelcanielvila.com/;4.7;0;;
LAZYCAT;Tienda de regalos;C. Alonso Pesquera, 1;47002 Valladolid;;695 60 01 54;http://www.lazycat.es/;4.7;0;;
Clínica Veterinaria Gran Ademuz;Hospital veterinario;Carrer de la Marina Alta, 3;Valencia;;963 40 50 82;http://clinicasveterinarias.eu/;4.7;0;;
Clínica Veterinaria Viveros;Veterinario;Av. del Primat Reig, 66;Valencia;;675 37 16 61;;4.7;0;;
Piensos Costa del Sol S.L.;Tienda de alimentos para animales;Av. Washington, 13;29006 Málaga;;952 03 84 60;;4.7;0;;
El Meu Amic;Peluquero de mascotas;Carrer de Galileu, 258;08028 Barcelona;;934 19 32 89;;4.7;0;;
CAP I CUA GIRONA;Tienda de productos para mascotas;Rambla de Xavier Cugat, 29;17007 Girona;;972 10 64 55;https://www.capicuagirona.com/;4.7;0;;
Rancho Mirage Dog Park;Parque para perros;34100 Key Largo Ave;Estados Unidos;;+1 760-324-4511;https://ranchomirageca.gov/residents/culture_and_recreation/parks___trails.php;4.7;0;;
Samoa Estilistes Canins;Peluquero de mascotas;Carrer de la Indústria, 121;08025 Barcelona;;931 25 88 92;http://samoaestilistescanins.com/;4.7;0;;
Cenla Residencia Canina Valencia;Guardería canina;Calle Les Traveses, s/n;Valencia;;672 29 84 86;https://www.residenciacaninacenla.com/;4.7;0;;
Veterinario El Drac;Veterinario;Pl. del Papa Juan Pablo II, 23, Loc 8;03005 Alicante;;965 93 04 90;http://www.veterinarioeldrac.com/;4.7;0;;
Dogifits Pet Boutique;Peluquero de mascotas;Av Ignacio Zaragoza 1279;México;;+52 668 165 6137;;4.7;0;;
EmaVetexotic, Clinica Veterinaria animales exóticos y tienda de productos para mascotas;Veterinario;Carrer de José Vargas Ponce, 29;Illes Balears;;971 15 26 76;http://www.emavetexotic.com/;4.7;0;;
MONTECAN - Perruqueria canina;Peluquero de mascotas;Ctra. del Carmel, 78;08024 Barcelona;;935 18 24 17;;4.7;0;;
Papelería La Crayola;Papelería;Conde de Gomara 405;México;;+52 81 1567 2499;;4.7;0;;
Veterinaria y Acuario Gutierrez;Veterinario;Av las Palmas 306;México;;+52 81 8661 0302;;4.7;0;;
Centro de protección animal Monteria;Hospital;Aguas Negras;Colombia;;+57 321 5477400;;4.7;0;;
Modepran Carlet;Protectora de animales;Camí d'Alginet de la Carrera;Valencia;;615 88 78 20;https://www.protectoramodepran.com/;4.7;0;;
La Ribera Veterinaris;Veterinario;Carrer de la Fotja, 8, Loc 12;Balearic Islands;;971 26 36 55;http://www.lariberaveterinaris.es/;4.7;0;;
Mircat i Perruqueria Santa Eugènia;Tienda de productos para mascotas;Carrer de Santa Eugènia, 5;17005 Girona;;972 97 38 35;https://www.mircat.cat/ca/botigues/;4.7;0;;
Surveco Veterinarios;Veterinario;C. Manuel Fuentes "Bocanegra", 13;14005 Córdoba;;957 45 38 41;http://www.surveco.es/?utm_source=google&utm_medium=organic&utm_campaign=lJoSPI2txz;4.7;0;;
Humacan - Leyre Puentes;Adiestrador canino;;;;625 05 03 99;http://www.humacan.com/;4.7;0;;
Shey's Veterinary Hospital;Veterinario;1024 Avalon Park N Blvd Ste g;Estados Unidos;;+1 321-234-3188;http://www.sheysvet.com/;4.7;0;;
JB New Feed Store;Tienda de productos para mascotas;16036 Arrow Blvd;Estados Unidos;;+1 909-829-2091;;4.7;0;;
OXXO Pensadores;Tienda de productos para mascotas;Blvd. De Las Quinas, Quinta Bilbao s/n;México;;+52 81 8320 2020;https://www.oxxo.com/?utm_source=google&utm_medium=organic&utm_campaign=gbp;4.7;0;;
A Casa Martínez B&B;Bed & Breakfast;Av. del Regne de València, 57;Valencia;;674 14 60 07;https://www.acasamartinez.com/?utm_source=Google%20my%20business&utm_medium=GMB&utm_campaign=GMB&utm_term=location&utm_content=location;4.7;0;;
Educació i Psicologia Canina GENTIL;Adiestrador canino;Carrer Joan Maragall, 14;Girona;;661 71 60 24;http://gentil.mozello.com/;4.7;0;;
Pito De Oro;Peluquero de mascotas;Carrer del Gran i General Consell, 19, BAJO;Balearic Islands;;971 44 27 62;http://www.pitodeoro.es/;4.7;0;;
Casa de Campo;Parque;P.º de la Prta del Ángel, 1;28011 Madrid;;915 29 10 28;https://www.esmadrid.com/informacion-turistica/casa-de-campo;4.6;0;;
Los Cachorros;Veterinario;Cdad. Juarez - El Porvenir;México;;+52 656 288 0595;;4.6;0;;
Grupo de protección animal de Rute "GPAR";Refugio para animales;14960 Rute;Córdoba;;722 46 55 74;;4.6;0;;
Parque de la Asomadilla;Parque;Escultor Pablo Gargallo, s/n;14006 Córdoba;;957 49 99 40;http://www.cordoba.es/;4.6;0;;
CASH ANIMALES ANTORCHA;Tienda de productos para mascotas;C. Transporte, 2;41007 Sevilla;;954 55 26 63;https://www.cashanimalesantorcha.es/;4.6;0;;
Town & Country Veterinary Clinic;Veterinario;1725 W Broadway St;Estados Unidos;;+1 407-365-3565;https://www.myoviedovet.com/;4.6;0;;
Mascotas Sevilla Torneo;Tienda de productos para mascotas;C. Etología, 5;41015 Sevilla;;954 94 20 99;;4.6;0;;
Barcelona Dog Care;Guardería canina;Carrer de Mir Geribert, 10;08014 Barcelona;;;http://www.barcelonadogcare.com/;4.6;0;;
Servimascota 2000;Tienda de alimentos para animales;C. Almte. Churruca, 1, bajo;30007 Murcia;;968 24 31 19;https://www.servimascota2000.es/;4.6;0;;
Mascotas San Juan;Tienda de productos para mascotas;C. Ramón de Campoamor, 5;Alicante;;965 65 11 99;https://alimentosnaturalesdemascotas.es/;4.6;0;;
Platja de Sant Pol;playa;17220;Girona;;;;4.6;0;;
CLÍNICA VETERINARIA "SALUT ANIMAL VALENCIA";Veterinario;Av. del General Avilés, 26, Bajo;Valencia;;963 26 43 24;;4.6;0;;
La Canina;Guardería canina;Afores, 0;08188 Barcelona;;665 81 58 50;http://www.lacanina.com/;4.6;0;;
Guau Club;Peluquero de mascotas;Carrer del 31 de Desembre, 8;Illes Balears;;971 20 86 04;https://www.guauclub.online/;4.6;0;;
JC1Veterinarios;Veterinario;Av. Juan Carlos I, 48;Murcia;;968 93 29 33;https://www.jc1veterinarios.es/;4.6;0;;
Niko, peluquería de perros;Peluquero de mascotas;Uribarri Kalea, 28;Bizkaia;;696 75 99 15;;4.6;0;;
Lovedogs;Peluquero de mascotas;Pg. de St. Joan, 103;08037 Barcelona;;936 73 81 59;http://www.tiendaslovedogs.com/;4.6;0;;
Parque canino Alamillo (nuevo);Parque para perros;C2C4+5J;41015 Sevilla;;;;4.6;0;;
Sofitel Barcelona Skipper;Hotel;Av. del Litoral, 10;08005 Barcelona;;932 21 65 65;http://sofitel.accor.com/hotels/7341?merchantid=seo-maps-ES-7341&sourceid=aw-cen&utm_source=google+Maps&utm_medium=seo+maps&utm_campaign=seo+maps&utm_term=Sofitel-Launch;4.6;0;;
Mundozoo;Peluquero de mascotas;Av. de Segovia, 99;47013 Valladolid;;983 63 08 17;;4.6;0;;
WagWag;Guardería canina;Calle del Dr. Marco Corera;28002 Madrid;;911 40 82 13;http://www.wagwag.es/;4.6;0;;
Mascotalandia;Tienda de productos para mascotas;Calle Almoraima, 68;Sevilla;;955 12 68 73;https://www.mascotalandia.es/;4.6;0;;
Can Cocollona;Alberg juvenil;Carrer Mare de Déu del Remei, 8;17005 Girona;;607 40 96 10;http://www.cancocollona.com/;4.6;0;;
DOGHIS TODOMASCOTAS;Tienda de animales;Av. Hacienda San Antonio, 16;41016 Sevilla;;954 52 83 07;http://www.doghis.es/;4.6;0;;
Playa de Calzoa;playa;36212 Vigo;Pontevedra;;;;4.6;0;;
Plush Paws Pet Salon;Peluquero de mascotas;709 W Smith St;Estados Unidos;;+1 407-442-7297;http://www.plushpawsinc.com/;4.6;0;;
Clínica Veterinaria Santa Faz;Veterinario;C. Alberola Canterac, 5;03559 Alicante;;617 88 88 89;;4.6;0;;
Exotely, Clínica Veterinaria;Veterinario;Carrer de Joan Alcover, 64;Illes Balears;;871 77 12 36;https://www.exotely.es/;4.6;0;;
TUCAN. Peluquería Canina y Felina.;Tienda de productos para mascotas;Carrer de la Indústria, 48;Illes Balears;;971 28 70 46;http://www.animalesdecompaniatucan.com/;4.6;0;;
Parque de Salud;Parque para perros;Carrer del Freu, 38;Girona;;;;4.6;0;;
Pet a Porter;Tienda de productos para mascotas;29017;29018 Málaga;;951 71 18 82;https://yocomproenmalaga.com/establecimientos-comerciales/tienda-de-mascotas-pet-a-porter;4.6;0;;
residencia canina welcome;Guardería canina;Carrer Germanells;Valencia;;607 87 04 64;http://residenciacaninawelcome.es/;4.6;0;;
Interzoo Chamartin;Tienda de productos para mascotas;C. de Bolivia, 1;28016 Madrid;;911 10 24 05;https://interzoo.es/ficha-tienda/madrid-chamartin/;4.6;0;;
GRANJA ARMENGOL;Tienda de productos lácteos;Carrer Juli Garreta, 8;17002 Girona;;972 41 03 62;http://www.granjaarmengol.com/;4.6;0;;
Albergue Corazón Canino;Refugio para animales;Blvrd Constitución 2175;México;;+52 871 204 0164;;4.6;0;;
Clínica Veterinaria San Blas;Veterinario;Av. Dr. Rico, 11;03005 Alicante;;965 12 56 55;http://clinicaveterinariasanblasalicante.com/;4.6;0;;
Platja;Playa pública;Carrer Sant Andreu de la Palomera, 3-9;Girona;;654 25 85 64;;4.6;0;;
Martin Gallardo Estilismo;Peluquería;local 36, Residencial Oriente;41007 Sevilla;;954 98 06 79;https://martingallardoestilismo.com/;4.6;0;;
OXXO SANTANDER;Tienda de productos para mascotas;Camino Antiguo A Tecate, Arboledas 16590;México;;+52 81 8320 2020;https://www.oxxo.com/?utm_source=google&utm_medium=organic&utm_campaign=gbp;4.6;0;;
B&B HOTEL Alicante Aeropuerto;Hotel;Plaça Area de Transporte, 55J;03114 Alicante;;865 61 55 70;https://www.hotel-bb.com/es/hotel/alicante-aeropuerto?utm_source=googlemaps&utm_medium=fichehotel&utm_campaign=alicante-aeropuerto;4.6;0;;
Playa de Samil;playa;36212;;36212;;;4.6;0;;
Ornicor S.L.;Tienda de animales;Ctra.del aeropuerto N-437 km 4,5;14005 Córdoba;;957 32 36 17;;4.6;0;;
Asociación protectora Por Un Amigo Fiel;Protectora de animales;Polígono P-2.Apto.Urban.Industr, 252C;Murcia;;;;4.6;0;;
Cantagua Hostel;Albergue;Carrer de Vicente Lleó, 28;Valencia;;961 81 64 41;http://www.cantaguahostel.com/;4.6;0;;
ADESTRAMOS;Adiestrador canino;Ctra. Igrexa Roteas-Oia;Pontevedra;;626 55 69 32;http://www.adestramos.com/;4.6;0;;
Hotel Catalonia El Pilar;Hotel;C. de la Manifestación, 16;50003 Zaragoza;;976 20 58 58;https://www.cataloniahotels.com/es/hotel/catalonia-el-pilar?mb=1&utm_source=googlemaps&utm_medium=organic&utm_campaign=ZAR;4.6;0;;
CareVet of Central Florida;Veterinario;1272 Alafaya Trail;Estados Unidos;;+1 407-366-4535;https://centralfloridaanimalhospital.com/;4.6;0;;
Acuario Málaga;Tienda de acuarios;P.I. Santa Barbara;29004 Málaga;;952 17 30 23;https://acuario-malaga.es/;4.6;0;;
Interzoo | Tienda de Animales en Alicante;Peluquero de mascotas;Carrer Calderón de la Barca, 40;Alicante;;865 81 41 18;http://www.interzoo.es/;4.6;0;;
So Mad! -Educa a tu perro Sin Entrenarlo 100% Tú-;Adiestrador canino;;;;644 86 06 69;https://somadtraining.com/;4.6;0;;
Veterinaria SEGA;Veterinario;Blvd. Zaragoza 1206-1;México;;+52 656 633 5766;;4.6;0;;
AniCura Buenavista Hospital Veterinario;Hospital veterinario;C. Rafael Altamira, 3, bajo;Asturias;;985 24 04 89;https://www.anicura.es/clinicas/buenavista-hospital-veterinario/;4.6;0;;
Playa de los Patines en Vela;Pabellón para playa;08912 Badalona;Barcelona;;;;4.6;0;;
PIENSOS CA'NTONI;Tienda de animales;Camí dels Reis, 115;Illes Balears;;971 79 85 70;http://piensoscantoni.com/;4.6;0;;
EUREKAN! Etologo felino y canino;Adiestrador canino;Carrer de la Senyera, 36;Valencia;;665 56 48 23;http://www.eurekan.es/;4.6;0;;
Clinica Veterinaria Alacant;Hospital veterinario;Carrer Portugal, 16;Alicante;;965 22 76 80;http://www.clinicaveterinariaalacant.com/;4.6;0;;
Playa de perros;Parque para perros;Camí Ral, 155a;Barcelona;;;;4.6;0;;
ASEMUR - Asociación de Salvamento y Emergencias de Murcia (no somos protectora de animales);Asociación de ayuda a los pacientes;C. Hernán Cortés, 8, 1;Murcia;;;http://www.asemur-emergencias.webnode.es/;4.6;0;;
Fundación Jesús Abandonado - Centro de Acogida;Organización de servicios sociales;Av. de Sta. Catalina, 55;Murcia;;968 34 50 01;http://jesusabandonado.org/;4.6;0;;
El Rincón de mi Mascota;Tienda de animales;C. Mirapetunias, 2, Loc 16-18;29011 Málaga;;679 84 24 91;http://www.elrincondemimascota.es/;4.6;0;;
Veterinaria Exopet's Juarez;Veterinario;Blvd. Manuel Gómez Morín 1249;México;;+52 656 452 5717;;4.6;0;;
Woof Gang Bakery & Grooming SoDo;Peluquero de mascotas;3123 S Orange Ave #104;Estados Unidos;;+1 407-648-9663;https://www.woofgangbakery.com/pages/locations/sodo?utm_source=google&utm_medium=gmb;4.6;0;;
Cocker;Peluquero de mascotas;C. de José Oto, 55;50014 Zaragoza;;976 47 21 21;;4.6;0;;
Frutería Sánchez;Frutería;Defensa Popular 148;México;;+52 614 420 1368;;4.6;0;;
Mascot La Boutique;Peluquero de mascotas;Estrauntza K., 3;Bizkaia;;669 84 47 50;http://www.mascotlaboutique.com/;4.6;0;;
Córdoba Carpe Diem;Hotel;C. Barroso, 4;14003 Córdoba;;957 47 62 21;https://hotelcordobacarpediem.com/;4.6;0;;
Huellas Peluqueria Canina;Comercio;Ponent;Illes Balears;;971 90 15 00;;4.6;0;;
Mascotines;Peluquero de mascotas;Calle San Nicolás;29016 Málaga;;951 62 84 19;https://mascotines.com/;4.6;0;;
Parque Madrid Río;Parque;P.º de la Ermita del Santo, 14, 16;28011 Madrid;;;https://www.esmadrid.com/informacion-turistica/madrid-rio?utm_referrer=https%3A%2F%2Fwww.google.com%2F;4.6;0;;
Veterinaria palmas;Veterinario;Enramadas 445;México;;+52 81 1285 2155;;4.6;0;;
Residència Canina "LA KAMADA";Guardería canina;Carretera Figueres - La Bisbal Km 26,700;Girona;;972 52 00 87;;4.6;0;;
Peluquería Caninos;Peluquero de mascotas;P.º de Extremadura, 43;28011 Madrid;;614 76 59 68;https://www.instagram.com/peluqueriacaninos147;4.6;0;;
Urban Dog Bcn;Guardería canina;Carrer de Prats de Molló, 10;08021 Barcelona;;646 16 06 44;http://www.urbandogbcn.com/;4.6;0;;
Miscota;Tienda de productos para mascotas;Av. de l'Oest, 38;Valencia;;963 03 63 99;https://www.miscota.com/;4.6;0;;
Parque Cumbres Elite Primer Sector;Parque;Av. Cumbres Elite;México;;;;4.6;0;;
Pazo Los Escudos Hotel & Spa Resort;Hotel;Av. da Atlántida, 106;Pontevedra;;986 82 08 20;http://www.pazolosescudos.com/;4.6;0;;
Megamascotas;Veterinario;Carretera de Murcia Edif;Murcia;;968 64 08 39;https://www.clinicaveterinariamegamascotas.es/es/;4.6;0;;
Rockendall - Residència Canina;Guardería canina;Can Ramionet s/n;Girona;;605 64 69 63;http://www.rockendall.com/;4.6;0;;
Platja Cala Cap Roig;playa;17252 Calonge;Girona;;972 66 03 75;http://www.calonge.cat/;4.6;0;;
Peluquería Canina Elena Ramírez;Peluquero de mascotas;C. Juan Valera, 5;29017 Málaga;;630 72 88 04;;4.6;0;;
Sociedad Canina de Murcia;Oficinas de empresa;C. del Pilar, 9;30004 Murcia;;968 21 42 45;http://www.sociedadcaninademurcia.es/;4.6;0;;
Alma Da Lúa Peluquería Canina;Peluquero de mascotas;Av. Alcalde Gregorio Espino, 48, portal 3;Pontevedra;;661 60 30 23;https://www.facebook.com/AlmaDaLuaPelu/;4.6;0;;
Pajareria Granero;Pajarería;C. de María Neira, 27;Asturias;;985 25 38 38;;4.6;0;;
Bihotzetik Elkartea;Protectora de animales;;;;;http://www.adoptarunanimal.com/;4.6;0;;
Perruqueria Wau;Peluquero de mascotas;Av. Morelos 2631 Ote.;México;;+52 871 789 5990;;4.6;0;;
Parque canino;Parque para perros;Carabanchel;28025 Madrid;;;;4.6;0;;
Parque Central;Parque;C. de les Filipines, s/n;Valencia;;963 25 78 81;https://valenciaparquecentral.es/;4.6;0;;
PERRUQUERIA I ESTÈTICA CANINA ISA MONZÓ;Peluquero de mascotas;Av. Ausiàs March, 50;Valencia;;695 92 86 68;https://www.instagram.com/peluqueria_isa_monzo?igsh=MTlxaHRjeWFtM2ozZw==;4.6;0;;
Parque Forestal El Morlaco;Parque;Calle Dr. Horacio Oliva, 1;29016 Málaga;;951 92 60 28;;4.6;0;;
Winter Park Veterinary Hospital;Veterinario;1601 Lee Rd;Estados Unidos;;+1 407-644-2676;http://wpvet.com/;4.6;0;;
Clinica veterinaria Dra Lizeth / Integravet;Veterinario;Blvr. Luz Valencia 1019E-Y F;México;;+52 662 325 7836;;4.6;0;;
Pet Love Estética Canina.;Peluquero de mascotas;25017;México;;+52 844 264 9331;https://www.facebook.com/profile.php?id=100084113793604&mibextid=ZbWKwL;4.6;0;;
Hotel NH Collection Vigo;Hotel;R. de García Barbón, 17-19;Pontevedra;;986 43 36 43;https://www.nh-hotels.com/en/hotel/nh-collection-vigo?utm_campaign=local-gmb&utm_medium=organic_search&utm_source=google_gmb;4.6;0;;
Central Vet Palma S.L.;Veterinario;Carrer de Francesc Martí i Móra, 3, Loc 20;Balearic Islands;;640 08 60 15;http://centralvetpalma.es/;4.6;0;;
Veterinary Dermatology Center;Cuidados veterinarios;475 Maitland Ave;Estados Unidos;;+1 407-986-3376;https://itchypetvet.com/;4.6;0;;
El Jardinet dels Gats;Protectora de animales;Carrer Nou de la Rambla, 14;08001 Barcelona;;636 38 21 94;https://www.eljardinetdelsgats.org/es/;4.6;0;;
VIPet Resort;Peluquero de mascotas;6600 Kingspointe Pkwy;Estados Unidos;;+1 407-355-3594;https://vipetresort.com/?y_source=1_MTAyNTg2NTk3OC03MTUtbG9jYXRpb24ud2Vic2l0ZQ%3D%3D;4.6;0;;
Plaza del Reloj;Parque;Ramos Arizpe;México;;;;4.6;0;;
Peluquería Canina Racadacan;Peluquero de mascotas;Av. de Sta. Isabel, 27;50016 Zaragoza;;680 71 09 43;http://www.racadacan.es/es/;4.6;0;;
Sercotel Barcelona El Prat;Hotel;Carrer de Lo Gaiter del Llobregat, 100, 110;Barcelona;;936 24 50 99;https://www.sercotelhoteles.com/es/hotel-el-prat?utm_source=google&utm_medium=referral&utm_campaign=metasearch-links;4.6;0;;
El Arca de TIA VIVI;Cuidador de mascotas;Disseminat son Ds 8424;Illes Balears;;628 30 63 66;;4.6;0;;
Posh Paws;Peluquería;Carrer de Luis Bolinches Compañ, 7;Valencia;;686 08 77 10;;4.6;0;;
Playa de Gorrondatxe;Atracción turística;Zientoetxe Errepidea, s/n;Bizkaia;;;;4.6;0;;
I Love Dog Wash | Murcia;Peluquero de mascotas;C. Intendente Patiño, 5;30007 Murcia;;;https://murcia.ilovedogwash.com/;4.6;0;;
Suministros Alquibla;Tienda de animales;Carril de los Gonzalez, 25;30158 Murcia;;868 00 00 67;http://www.suministrosalquibla.com/;4.6;0;;
Peluqueria Ede;Peluquería;C. Hernando del Pulgar, 19;41007 Sevilla;;954 58 02 91;https://mdbellaweb.es/accesos/accesomede;4.6;0;;
Kecan;Tienda de productos para mascotas;Rúa Travesía de Vigo, 13;Pontevedra;;698 12 73 25;http://www.kecan.es/;4.6;0;;
Playa de Sopelana;playa;Vizcaya;Vizcaya;;;;4.6;0;;
Hotel Catalonia Square;Hotel;Rda. de Sant Pere, 9;08010 Barcelona;;933 02 33 86;https://www.cataloniahotels.com/en/hotel/catalonia-square?mb=1&utm_source=googlemaps&utm_medium=organic&utm_campaign=SQR;4.6;0;;
Jensen's Liquors #1;Tienda de bebidas alcohólicas;1646 SW 27th Ave;Estados Unidos;;+1 305-442-0804;http://www.jensensliquors.com/;4.6;0;;
Doggo’s Spa Canino;Peluquero de mascotas;C. de la Torreta de Miramar, 26;Valencia;;963 59 93 77;https://booksy.com/es-es/instant-experiences/widget/57085?instant_experiences_enabled=true&ig_ix=true&is_fb=1;4.6;0;;
Ludocan;Tienda de animales;Carrer de la Nació, 53;08026 Barcelona;;934 50 83 51;http://www.ludocan.com/;4.6;0;;
Centro Veterinario Animalia;Veterinario;C. Morena, 1;47009 Valladolid;;983 63 04 02;http://www.centroveterinarioanimalia.com/;4.6;0;;
Veterizonia - Clínica Veterinaria;Peluquero de mascotas;Carrer de Sant Vicent Màrtir, 119;Valencia;;962 06 70 39;https://www.veterizonia.com/;4.6;0;;
Hospital Veterinario Zumalakarregi "Grupo Abereen Klinikak";Hospital veterinario;Zumalacárregui Etorb., 93;Bizkaia;;944 73 07 08;http://www.clinicaveterinariaabereen.es/;4.6;0;;
Park of the Americas;Parque;201 Andes Ave;Estados Unidos;;+1 407-246-2283;http://www.cityoforlando.net/;4.6;0;;
Peluquería Canina y Spa CanCan Barcelona;Peluquero de mascotas;Carrer de Johann Sebastian Bach, 14;08021 Barcelona;;933 15 39 94;http://www.cancanbarcelona.com/;4.6;0;;
Mascotamanía;Tienda de animales;Av. de la Ciudad de Barcelona, 87;28007 Madrid;;915 51 26 56;;4.6;0;;
Adiestramientomalaga.com;Adiestrador canino;Av. de los Manantiales;Málaga;;606 81 68 17;http://www.adiestramientomalaga.com/;4.6;0;;
Playa cala Rostella;playa;17480;Girona;;;;4.6;0;;
Shieldaig Kennels;Guardería canina;Els Amanellos 9;Alicante;;965 87 82 84;http://www.shieldaigkennels.com/;4.6;0;;
Peers Park;Parque;1899 Park Blvd;Estados Unidos;;+1 650-463-4900;https://www.paloalto.gov/Departments/Community-Services/Open-Space-Parks/Neighborhood-Parks/Peers-Park;4.6;0;;
Planeta Pez Murcia;Tienda de acuarios;C. Historiador Juan Torres Fontes, 10;30011 Murcia;;657 24 19 95;;4.6;0;;
abba Sevilla hotel;Hotel;Pl. de la Encarnación, 19;41003 Sevilla;;955 44 40 30;https://www.abbahoteles.com/int/abba-sevilla-hotel/hotel?utm_source=google&utm_medium=organic&utm_campaign=GMB&utm_content=abba_sevilla;4.6;0;;
Miscota;Tienda de productos para mascotas;Av. Ancha de Castelar, 91;Alicante;;965 05 23 96;http://www.miscota.es/;4.6;0;;
Peluquería canina, Piensos Y plantas "La Cuartilla", HORARIO DE PELUQIERIA CANINA DE 9:00 HASTA LAS 19:00;Tienda de alimentación;C. Lope de Rueda, 302;29190 Málaga;;611 16 86 47;;4.6;0;;
Veterinaria Rivas;Veterinario;25016, Blvd. Solidaridad 397;México;;+52 844 892 4969;;4.6;0;;
LaGuarde;Guardería canina;Carrer de la Nació, 68;08026 Barcelona;;624 54 49 62;;4.6;0;;
Chuck & Don's Pet Food & Supplies;Tienda de animales;6380 S Parker Rd Ste 107;Estados Unidos;;+1 303-577-1198;https://stores.chuckanddons.com/co-aurora-205/;4.6;0;;
TODO PARA MIS MASCOTAS;Tienda de animales;Av. Aquiles Serdan 704;México;;+52 664 607 3368;;4.6;0;;
Parque Doña Casilda Iturrizar;Parque local;Abando;Biscay;;944 79 57 60;https://www.bilbaoturismo.net/BilbaoTurismo/eu/parques/dona-casilda;4.6;0;;
Sercotel Valencia Ruzafa;Hotel;C. de Cuba, 4;Valencia;;960 90 28 23;https://www.sercotelhoteles.com/es/hotel-valencia-ruzafa?utm_source=google&utm_medium=referral&utm_campaign=metasearch-links;4.6;0;;
My Perruquería;Peluquero de mascotas;Vía Univérsitas, 64;50017 Zaragoza;;634 59 44 26;http://www.myperruqueria.com/;4.6;0;;
Animalex;Tienda de animales;C. Lisboa, 49;41006 Sevilla;;607 49 14 86;;4.6;0;;
Guaw;Tienda de productos para mascotas;P.º de Sta. María de la Cabeza, 77;28045 Madrid;;918 40 33 80;https://guaw.com/?utm_source=google&utm_medium=gmb&utm_campaign=delicias;4.6;0;;
MAYUKA EDUCACIÓN CANINA - VALLADOLID;Adiestrador canino;47170 Renedo de Esgueva;Valladolid;;667 55 94 86;https://www.mayuka.es/;4.6;0;;
Amazoonia;Tienda de animales;Cam. del Colmenar, 27;29013 Málaga;;677 62 42 27;;4.6;0;;
Hotel Canino El Parque;Guardería canina;Partida Els Ullals, 20;Valencia;;649 54 23 64;https://hotelcaninoelparque.com/;4.6;0;;
Barinatze Hondartza;playa;Vizcaya;Vizcaya;;;;4.6;0;;
Murcia Dog;Peluquero de mascotas;Cam. del Rio Nubla, 7;30169 Murcia;;699 99 31 79;https://www.murciadog.es/;4.6;0;;
Lilo’s Mobile Pet Spa Orlando;Peluquero de mascotas;;;;+1 407-495-2192;http://www.lilosmobilepetspaorlando.com/;4.6;0;;
Pet Grooming & Shopping;Peluquero de mascotas;C. González Besada, 47;Asturias;;671 05 11 88;http://www.petgrooming.es/;4.6;0;;
Playa de Plencia;playa;Vizcaya;Vizcaya;;;;4.6;0;;
Hotel Hospes Palau de la Mar | Valencia;Hotel;Av. de Navarro Reverter, 14;Valencia;;963 16 28 84;https://www.hospes.com/palau-mar/;4.6;0;;
Albergue Municipal de Animales;Refugio para animales;Av. los Nenúfares, 95, 103;Alicante;;670 02 78 53;https://www.facebook.com/ProteccionAnimalTorrevieja;4.6;0;;
Mascotasana Palma;Tienda de productos para mascotas;C. de la Fàbrica, 30;Illes Balears;;971 77 39 09;http://www.mascotasana.es/;4.6;0;;
Parque Público Federal El Chamizal;Parque;Ing. David Herrera, C. Malecón;México;;;;4.6;0;;
MASCOTA CENTER;Adiestrador canino;Carrer l Almoeixa;03339 Alicante;;966 68 24 24;http://www.mascotacenter.com/;4.6;0;;
Meadow Woods Dog Park;Parque para perros;1751 Rhode Island Woods Cir;Estados Unidos;;;https://www.ocfl.net/CultureParks/DogParks.aspx#.Uwa6IvldWwJ;4.6;0;;
Wedog 🐶 Adiestrador Canino Málaga;Adiestrador canino;Parque de;29002 Málaga;;655 30 70 90;https://adiestradorcaninomalaga.com/?utm_source=google&utm_medium=gmb;4.6;0;;
Peluquería Guardería Canina Peluchitos;Guardería canina;C. Chimeneas, 5;Murcia;;691 61 78 65;https://www.facebook.com/Peluqueria-Guarderia-Canina-Peluchitos-1596170690712201/;4.6;0;;
Jardines del Real / Viveros;Parque local;C/ del Gral. Elio, s/n;Valencia;;962 08 43 04;http://www.valencia.es/ayuntamiento/infociudad_accesible.nsf/vDocumentosWebListado/FF9C0E294CBAE260C12572C20023FD3B?OpenDocument&bdOrigen=&idapoyo=&nivel=8&lang=1;4.6;0;;
Miss Greta Peluquería Canina;Peluquero de mascotas;Carrer del Maresme, 255;08020 Barcelona;;659 06 27 42;https://www.instagram.com/missgretapeluqueriacanina/profilecard/?igsh=MWw4cTZtbnhhZ21zNQ==;4.6;0;;
Wild Balance Mascotas | Dieta BARF 100% natural;Tienda de alimentos para animales;Carrer de Sant Vicent Màrtir, 135;Valencia;;670 31 92 04;https://www.wildbalance.es/;4.6;0;;
CENTRO VETERINARIO DEUSTO;Veterinario;Etxezuri Bidea, 1;Bizkaia;;946 54 31 13;http://centroveterinariodeusto.com/;4.6;0;;
A.D. (Doug) Barnes Park;Parque;3401 SW 72nd Ave;Estados Unidos;;+1 305-666-5883;https://www.miamidade.gov/global/recreation/park/ad-doug-barnes-park.page;4.6;0;;
WagWag Retiro;Guardería canina;Av. de Menéndez Pelayo, 9;28009 Madrid;;640 12 64 21;http://www.wagwag.es/;4.6;0;;
VETERINARIA CARRANZA;Veterinario;Bacerac & Calle 12 de Octubre, C. 12 de Octubre 7166;México;;+52 662 215 1790;;4.6;0;;
Parque Perros Alamillo;Parque para perros;Zona Isla de la Cartuja, 22;Sevilla;;955 51 61 41;;4.6;0;;
KamBú;Tienda de animales;Rúa de Pi y Margall, 143;Pontevedra;;886 11 70 18;https://www.facebook.com/kambu017;4.6;0;;
Centro veterinario Amézola;Veterinario;Calixto Diez K., 9;Bizkaia;;944 43 67 34;http://centroveterinarioamezola.com/inicio;4.6;0;;
Copper Point Veterinary Hospital;Veterinario;15220 E Colonial Dr;Estados Unidos;;+1 321-300-4033;https://copperpointvet.com/;4.6;0;;
Alga Norte Dog Park;Parque para perros;6565 Alicante Rd;Estados Unidos;;+1 442-339-2690;https://www.carlsbadca.gov/Home/Components/FacilityDirectory/FacilityDirectory/14/7400;4.6;0;;
Centro Médico Veterinario;Hospital veterinario;9 y o, Calle Ignacio Zaragoza 8091;México;;+52 664 638 5091;;4.6;0;;
University Animal Hospital;Veterinario;9357 University Blvd;Estados Unidos;;+1 407-657-7297;https://www.uahvet.com/?utm_source=gmb&utm_medium=organic&y_source=1_MTE2Njg4NTQtNzE1LWxvY2F0aW9uLndlYnNpdGU%3D;4.6;0;;
Abereen Klínika Santutxu;Veterinario;Santutxu Kalea, 9;Bizkaia;;944 33 26 03;https://abereenklinikasantutxu.com/;4.6;0;;
BizkaiTropik - Tienda de peces y acuarios;Tienda de acuarios;García Salazar Kalea, 6;Bizkaia;;944 44 78 26;http://www.bizkaitropik.com/;4.6;0;;
Doctors' Dog Park;Parque para perros;21 N Highland Ave;Estados Unidos;;+1 407-703-1642;https://www.apopka.gov/facilities/facility/details/Doctors-Dog-Park-7;4.6;0;;
SpaWapos Estética canina y petshop;Peluquero de mascotas;Av. Don Juan Saade Murra;México;;+52 844 591 2668;;4.6;0;;
Scioto Audubon Dog Park;Parque para perros;400 W Whittier St;Estados Unidos;;+1 614-202-5197;http://www.metroparks.net/parks-and-trails/scioto-audubon/;4.6;0;;
Parque de Montjuic;Parque;Sants-Montjuïc;08038 Barcelona;;;;4.6;0;;
Horse World;Tienda ecuestre;Carrer de Francesc Eiximenis, núm. 10;17001 Girona;;872 50 43 14;http://www.horseworld.es/;4.6;0;;
MascotaSana Mallorca;Tienda de productos para mascotas;Carrer Poima, 26;Illes Balears;;666 71 39 06;http://www.mascotasana.es/;4.6;0;;
H. GUARDERIA CANINA AMOR PERRIJO;Cuidador de mascotas;C. de Fomento, 5, Centro;28013 Madrid;;647 91 03 21;http://www.amorperrijo.es/;4.6;0;;
MiVet Hospital Veterinario Mascosan;Hospital veterinario;Lurkizaga Kalea, 13-15;Bizkaia;;944 37 50 32;https://mivet.com/hospital-veterinario-mascosan-barakaldo/?utm_source=GoogleMaps&utm_medium=MyBusiness;4.6;0;;
Hagan Community Park;Parque;2197 Chase Dr;Estados Unidos;;+1 916-369-9844;https://www.cordovarpd.gov/269/Hagan-Community-Park;4.6;0;;
Club de Adiestramiento;Adiestrador canino;;;;697 99 53 38;https://clubdeadiestramientoenalicante.com/;4.6;0;;
Hotel Carbayón;Hotel;Av. de Atenas, 1;Asturias;;985 11 87 86;https://www.hotelcarbayon.com/es/index.html;4.6;0;;
Aguiproan;Protectora de animales;Diseminado el Charcon, 52;Murcia;;671 19 64 54;https://aguiproan.com/;4.6;0;;
Centre Veterinari Son Cotoner;Veterinario;Calle de Francisco Martí i Mora, 50;Balearic Islands;;971 45 52 76;;4.6;0;;
Kiwoko. Mundo Animal;Tienda de productos para mascotas;Av. de los Toreros, 14;28028 Madrid;;917 52 39 30;https://tiendas.kiwoko.com/comunidad-de-madrid/madrid/madrid/kiwoko-madrid-toreros-129?utm_medium=maps&utm_source=google;4.6;0;;
Argal Park;Parque local;11511 Rojas Dr;Estados Unidos;;;;4.6;0;;
La Gatera - Cat Café;Cafetería;C. Vara de Rey, 8;30001 Murcia;;622 56 62 07;http://lagateracatcafe.com/;4.6;0;;
Mountain View Luxury Boarding Kennels/Cattery and Pet Villa;Servicio de embarque de mascotas;Paraje el espinar, 10;Murcia;;676 39 44 31;http://www.mountainviewkennelscattery.services/;4.6;0;;
Konpa Mascotas (By Euskalmushing) Tienda Santutxu.;Tienda de productos para mascotas;Gardeazabal Juan Kalea, 2;Bizkaia;;944 01 43 62;https://www.konpamascotas.com/;4.6;0;;
H-E-B San Patricio;Supermercado;Blvd. Eulalio Gutiérrez Treviño 2275;México;;+52 844 906 0194;https://www.heb.com.mx/;4.6;0;;
Soho Boho Apartments;Hotel;C. San Ignacio Loyola, 7;03013 Alicante;;+48 694 477 801;https://sohobohoapartments.es/;4.6;0;;
Valdivet;Veterinario;C. Régulo, 28;03007 Alicante;;865 60 53 26;;4.6;0;;
Turin Esfera Monterrey;Tienda de productos de chocolate;Av. la Rioja 245;México;;;https://mex.mars.com/es-MX;4.6;0;;
Urgencias Veterinarias Reina Cristina;Servicio de urgencias veterinarias;Paseo de la R. Cristina, 11;28014 Madrid;;915 01 96 63;http://www.urgenciasveterinariasmadrid.com/;4.6;0;;
Hotel NH Málaga;Hotel;C. San Jacinto, 2;29007 Málaga;;916 00 81 46;https://www.nh-hotels.com/en/hotel/nh-malaga?utm_campaign=local-gmb&utm_medium=organic_search&utm_source=google_gmb;4.6;0;;
Hotel NH Collection Palacio de Córdoba;Hotel;Pl. Maimónides, 3;14004 Córdoba;;957 42 03 35;https://www.nh-hotels.com/en/hotel/nh-collection-palacio-de-cordoba?utm_campaign=local-gmb&utm_medium=organic_search&utm_source=google_gmb;4.6;0;;
Platja de la Gola del Ter;playa;17257;Girona;;;;4.6;0;;
La Carpa;Juguetería;Carrer Hortes, nº 11. 17001;17001 Girona;;972 21 20 02;http://www.lacarpa.cat/;4.6;0;;
Doglando;Guardería canina;12276 E Colonial Dr;Estados Unidos;;+1 407-574-3160;https://doglando.com/;4.6;0;;
Clínica Veterinaria Pérez Galdós S.L.P.;Veterinario;Carrer de Pérez Galdós, 31;Illes Balears;;971 46 85 03;https://fb.me/clinicalevanteveterinaria;4.6;0;;
Pajareria Virgen del Remedio;Tienda de productos para mascotas;Av. Pintor Gastón Castelló, 23, Loc 4,Bajo izquierda;03011 Alicante;;632 78 01 99;;4.6;0;;
Centro Canino Bioko;Guardería canina;Partida de Carrús, Polígono 2, nº 277;Alicante;;659 16 90 80;http://www.centrocaninobioko.com/;4.6;0;;
MASCOTAS DIANA;Peluquero de mascotas;Av. de l'Equador, 103;Valencia;;661 01 57 78;http://www.mimascotadiana.com/;4.6;0;;
AQUAFAUNA;Tienda de productos para mascotas;Dorre Kalea, 2;Bizkaia;;944 15 18 46;;4.6;0;;
Centro Veterinario Zaragoza;Veterinario;C. Ramón Rayon #158;México;;+52 656 465 2575;;4.6;0;;
Cimaco Cuatro Caminos Torreón;Grandes almacenes;Plaza Cuatro Caminos, Blvd. Independencia 1300;México;;+52 871 747 2200;http://www.cimaco.com/;4.6;0;;
La Cala Veterinaria;Veterinario;Pl. Gloria Fuertes, 4;Málaga;;952 40 51 59;https://lacalaveterinaria.com/;4.6;0;;
Platja de Gossos de la Picordia;Parque para perros;Arenys de Mar;Barcelona;;;;4.6;0;;
Dogma;Peluquero de mascotas;Avinguda Argentina, 77;Illes Balears;;971 94 33 97;http://www.espaciodogma.com/;4.6;0;;
El Baño de Lucky Peluquería Canina;Peluquero de mascotas;Av. del Tenor Fleta, 53, Loc;50008 Zaragoza;;633 77 49 39;https://el-bano-de-lucky.webnode.es/;4.6;0;;
DOGZEN;Adiestrador canino;;;;625 92 35 08;http://dogzen.es/;4.6;0;;
B&B HOTEL Madrid Centro Fuencarral 52;Hotel;Calle de Fuencarral, 52;28004 Madrid;;911 63 46 70;https://www.hotel-bb.com/es/hotel/madrid-fuencarral-52?utm_source=googlemaps&utm_medium=fichehotel&utm_campaign=madrid_fuencarral_52;4.6;0;;
OXXO Emiliano Zapata;Tienda de productos para mascotas;Esquina Con Calle Gral, Miguel Angel, Emiliano Zapata S/N;México;;+52 81 8320 2020;https://www.oxxo.com/?utm_source=google&utm_medium=organic&utm_campaign=gbp;4.6;0;;
Harkito Reptile;Tienda de reptiles;Gta. Marqués de Vadillo, 4;28019 Madrid;;912 10 76 88;http://www.harkitoreptile.com/;4.6;0;;
LayKán Educación canina y felina;Adiestrador canino;Avenida de la Alzamazara, sn;Alicante;;630 74 24 27;https://www.laykan.es/;4.6;0;;
Groom Grub & Belly Rub;Peluquero de mascotas;3702 Avalon Park E Blvd;Estados Unidos;;+1 407-277-7387;https://groomgrubbellyrub.com/;4.6;0;;
unperroeducado.es;Adiestrador canino;C. Virgen de Escardiel;41009 Sevilla;;633 68 96 53;;4.6;0;;
Mission Pet Hospital;Veterinario;720 Valencia St;Estados Unidos;;+1 415-552-1969;http://www.missionpet.com/;4.6;0;;
Petmanía;Tienda de animales;C. de Cavanilles, 3;28007 Madrid;;914 34 59 21;https://petmania.es/;4.6;0;;
Tienda para mascotas GREEN PET Bilbao🐱🐶;Veterinario;Tellagorri Kalea, 18;Bizkaia;;944 41 55 96;http://www.greenpet.es/;4.6;0;;
Clínica Veterinaria Cristo de la Epidemia;Veterinario;C. Gordón, 15;29013 Málaga;;952 26 69 49;;4.6;0;;
Rohr Park;Parque;4548 Sweetwater Rd;Estados Unidos;;+1 619-409-5979;http://www.chulavistaca.gov/departments/public-works/parks/locations-features-amenities-photos/rohr-park;4.6;0;;
OXXO Del Bosque HMO;Tienda de productos para mascotas;Agustin Zamora, Blvr. Luz Valencia 187;México;;+52 81 8320 2020;https://www.oxxo.com/?utm_source=google&utm_medium=organic&utm_campaign=gbp;4.6;0;;
Clínica Veterinaria Málaga;Veterinario;C. Diderot, 28;29004 Málaga;;951 43 48 03;http://www.clinicaveterinariamalaga.org/;4.6;0;;
Miscota;Tienda de productos para mascotas;entrada;Biscay;;846 66 33 50;https://www.miscota.com/;4.6;0;;
Todomascota;Tienda de animales;C. Joaquín Gaztambide;29011 Málaga;;952 28 41 63;;4.6;0;;
Tiendanimal;Tienda de productos para mascotas;Gran Vía de Hortaleza;28043 Madrid;;911 28 48 84;https://tiendas.tiendanimal.es/comunidad-de-madrid/madrid/madrid/tiendanimal-gran-via-hortaleza-75?utm_medium=maps&utm_source=google;4.6;0;;
Peluquería canina Bud's Bath-Zaragoza;Peluquero de mascotas;C. de Jaime Balmes, 12;50001 Zaragoza;;644 00 29 06;https://budsbath.es/;4.6;0;;
Centro Veterinario Leuka;Veterinario;Carrer Prosperitat, 12;Alicante;;965 18 58 58;;4.6;0;;
Clinica Veterinaria Cordeleria;Veterinario;Soka K., 6;Bizkaia;;944 82 07 42;;4.6;0;;
Pajarería Y Acuario Antonio Molina;Tienda de productos para mascotas;C. Julián Calvo, 2, BAJO;30004 Murcia;;968 21 33 09;http://www.pajareriamolina.es/;4.6;0;;
Animal Health Center At Weston;Veterinario;2701 Executive Park Dr #1;Estados Unidos;;+1 954-385-8389;http://www.animalhealthcenteratweston.com/;4.6;0;;
Animals Tienda Oviedo Medellín;Tienda de productos para mascotas;Carrera 43 A;Colombia;;+57 316 4679013;https://www.animalsveterinaria.com/;4.6;0;;
Woof Gang Bakery & Grooming Waterford Lakes;Peluquero de mascotas;308 N Alafaya Trail;Estados Unidos;;+1 407-219-4805;https://woofgangbakery.com/waterfordlakes;4.6;0;;
D'ellas;Peluquería;Rúa Emilia Pardo Bazán, 23;Pontevedra;;886 13 96 59;;4.6;0;;
Discusmardelrey;Tienda de productos para mascotas;C. de Sant Mateu, 35, bajo;03012 Alicante;;966 14 55 18;http://www.discusmardelrey.com/tienda/;4.6;0;;
Parque Canino del Río Turia;Parque;Extramurs;Valencia;;;;4.6;0;;
Sanford Veterinary Hospital;Veterinario;600 W 27th St;Estados Unidos;;+1 407-322-2634;;4.6;0;;
Peluquería canina OscarGroomer | Sevilla Centro;Peluquero de mascotas;C. Francisco Carrión Mejías, 4F;41003 Sevilla;;615 94 41 95;;4.6;0;;
SNIFF Peluquería Canína;Peluquero de mascotas;Carrer de Malgrat, 62;08016 Barcelona;;667 75 57 24;http://www.sniff-peluqueriacanina.com/;4.6;0;;
Clinica Veterinaria Tombola;Veterinario;C. Virgen del Puig, 6;03009 Alicante;;965 12 71 44;;4.6;0;;
Son Batlet;Guardería canina;Camí de S'Era Esfondrada, s/n;Illes Balears;;670 70 07 35;http://www.sonbatlet.com/;4.6;0;;
Dream Dog: Educación Canina y Pensionado para Perros;Adiestrador canino;;;;+54 351 608-2560;;4.6;0;;
Aquarium Centrofama;Tienda de peces tropicales;C. Teniente Gral. Gutierrez Mellado, 9;30008 Murcia;;968 07 98 52;http://www.aquariumcentrofama.com/;4.6;0;;
ME Malaga by Melia;Hotel;C. Victoria, 6;29012 Málaga;;951 17 66 77;https://www.melia.com/en/hotels/spain/malaga/me-malaga?utm_campaign=google&utm_content=2939&utm_medium=organic&utm_source=directories;4.6;0;;
Piensos Júcar;Fábrica;C. del Oro, 2;47012 Valladolid;;687 46 18 35;;4.6;0;;
Aguita House;Albergue;P.º las Canteras, 53;Las Palmas;;614 86 84 53;https://aguitahostels.com/;4.6;0;;
Petco Torreón;Tienda de productos para mascotas;Periférico Raúl López Sánchez 5000;México;;+52 871 757 7939;https://www.petco.com.mx/;4.6;0;;
KitTea Cat Lounge & Cat Rescue;Servicio de adopción de mascotas;1266 Valencia St;Estados Unidos;;+1 415-658-7888;http://www.kitteasf.org/;4.6;0;;
PELUQUERÍA CANINA AMIGOS;Peluquero de mascotas;Calle Antonio Garrigós;30001 Murcia;;968 23 48 84;http://amigos.vet/;4.6;0;;
Central Bark Park;Parque para perros;Santa Clarita, CA 91350;Estados Unidos;;;;4.6;0;;
Reed Street Dog Park;Parque para perros;888 Reed St;Estados Unidos;;;;4.6;0;;
Sociedad Valenciana Protectora de Animales y Plantas;Protectora de animales;Pista de;Valencia;;963 12 34 53;http://www.svpap.org/;4.6;0;;
Paws Colinas Dog Park;Parque para perros;1300 California Crossing Rd;Estados Unidos;;+1 972-721-2501;http://lascolinas.org/paws;4.6;0;;
Platja de la Rubina;Parque;Carretera d'En Plus;Girona;;;;4.6;0;;
Veterinaria Animal Place;Veterinario;Blvd. Solidaridad #402;México;;+52 844 364 9653;https://www.facebook.com/profile.php?id=100063639562757;4.6;0;;
Clinica Veterinaria VetMálaga;Veterinario;CLINICA VETERINARIA VETMALAGA;Málaga;;952 51 35 17;http://vetmalaga.com/;4.6;0;;
Veterinaria La Palma;Veterinario;Blvd. Cucapah 2;México;;+52 664 380 0203;;4.6;0;;
Plaza Álvaro Obregón;Parque;Av. Hidalgo 744;México;;;;4.6;0;;
Centro Veterinario Mazarredo;Tienda de animales;Heros Kalea, 18, Local centro veterinario;Bizkaia;;944 23 08 96;https://centroveterinariomazarredo.com/;4.6;0;;
Cadelo Adiestramiento;Adiestrador canino;Rúa de Bolivia;Pontevedra;;604 07 99 40;http://www.cadeloadiestramiento.es/;4.6;0;;
Guau Salón Canino;Peluquero de mascotas;Calle de Sta Lucía, 58;47005 Valladolid;;983 44 51 46;https://www.facebook.com/Guau-Sal%C3%B3n-Canino-171976736282692/?nr;4.6;0;;
CLINICA VETERINARIA SAN GABRIEL CB;Veterinario;C. María Guerrero, 42;03008 Alicante;;965 11 16 16;http://www.clinicaveterinariasangabriel.com/;4.6;0;;
Aminta Home;Bed & Breakfast;C. Hernán Pérez de Grado, 30;Las Palmas;;652 42 20 91;http://www.amintahome.com/;4.6;0;;
Platja per cans;Parque para perros;Passeig Cala Gamba;Illes Balears;;;;4.6;0;;
El Rincón de Marepopito;Peluquero de mascotas;C. Cromo, 4;47012 Valladolid;;983 32 02 46;http://www.elrincondemarepopito.es/;4.6;0;;
Playa Illa Roja;playa;17255 Begur;Girona;;972 62 45 20;http://www.begur.cat/turisme/esp/platges.php?id=428;4.6;0;;
Mil Vueltas;Guardería canina;Carrer de Roig i Solé, 14;08035 Barcelona;;625 89 85 37;;4.6;0;;
Parque de la Ciutadella;Parque;Passeig de Picasso, 21;08003 Barcelona;;;https://www.barcelona.cat/es/que-hacer-en-bcn/parques-y-jardines/parque-de-la-ciutadella-92086011921;4.6;0;;
Apart-hotel Happy Life;Hotel;C. de Trafalgar, 59;03004 Alicante;;677 29 55 90;https://www.happylife.es/;4.6;0;;
Mascotes Costa Brava;Criador canino;Les Oliveres Mas Gros, 56;Girona;;671 50 63 76;https://www.mascotascostabrava.es/ca/;4.6;0;;
Playa La Cunchiña;Reserva natural;Cangas;Pontevedra;;;;4.6;0;;
Barber Park;Parque;3701 Gatlin Ave;Estados Unidos;;+1 407-254-6860;https://www.orangecountyfl.net/CultureParks/Parks.aspx?m=dtlvw&d=2#.X3_MmWkpASE;4.6;0;;
Guaw;Tienda de productos para mascotas;Rda. de Atocha, 18;28012 Madrid;;911 17 42 84;https://guaw.com/?utm_source=google&utm_medium=gmb&utm_campaign=atocha;4.6;0;;
Fundación Protectora de Animales del Principado de Asturias;Refugio para animales;C/ Folgueras 24B;Asturias;;;http://www.protectoradeasturias.org/;4.6;0;;
Clínica Veterinaria La Paz;Veterinario;C. Doña María Manrique, 5;29004 Málaga;;952 23 71 63;https://galachoveterinarios.com/encuentranos/clinica-veterinaria-la-paz/;4.6;0;;
Centro de Recuperación de Fauna El Valle. (Área veterinaria);Servicio de rehabilitación de la fauna;Carr. del Valle, 62;30150 Murcia;;968 17 75 00;https://www.turismoregiondemurcia.es/es/centro_de_interpretacion/area-de-educacion-ambiental-del-centro-de-recuperacion-de-fauna-el-valle-10037/;4.6;0;;
Hocico's Peluqueria Canina y Alimentación Natural;Peluquero de mascotas;Avenida De La;03016 Alicante;;675 63 03 22;https://www.instagram.com/hocicos_alicante_/profilecard/?igsh=MWlwMTMxenVkZ3gydw==;4.6;0;;
ANIMALES EXÓTICOS 24H - Veterinarios especialistas;Veterinario;C. de Cartagena, 160;28002 Madrid;;912 20 72 27;http://www.animalesexoticos24h.es/;4.6;0;;
Oxxo Málaga;Tienda de productos para mascotas;Esq. Malaga, P.º del Acueducto 6674;México;;+52 81 8320 2020;https://www.oxxo.com/?utm_source=google&utm_medium=organic&utm_campaign=gbp;4.6;0;;
Paws Around Town Mobile Veterinary Hospital;Veterinario;7906 Kingspointe Pkwy #108;Estados Unidos;;+1 407-272-2803;http://www.pawsaroundtown.com/;4.6;0;;
Global Can | Centro Veterinario en Zaragoza;Peluquero de mascotas;C. de Matilde Sangüesa Castañosa, 17;50015 Zaragoza;;976 20 59 51;http://www.globalcanzaragoza.com/;4.6;0;;
Adiestramiento Canino Finca Gil;Adiestrador canino;C. Poeta Cano Pato, 2, 6x;30009 Murcia;;660 63 98 94;http://residenciacaninafincagil.es/;4.6;0;;
Gatino’s Guarderia para Gatos;Guardería para gatos;Av. las Palmas 4416;México;;+52 667 101 2958;https://instagram.com/guarderiaparagatosgatinos?r=nametag;4.6;0;;
Clinica Veterinaria Naciones Golf;Veterinario;Avinguda de les Nacions, 40;Alicante;;965 22 50 15;http://www.clinicaveterinarianacionesgolf.com/;4.6;0;;
H-E-B Valle Oriente;Supermercado;Av. Eugenio Garza Lagüera;México;;+52 81 8153 9675;https://www.heb.com.mx/;4.6;0;;
Nunchican;Peluquero de mascotas;Calle Marqués de Pidal, 8;Asturias;;649 40 12 01;;4.6;0;;
Centro Canino la Palma;Guardería canina;Paraje;Murcia;;669 23 31 83;;4.6;0;;
Terraviva Babel;Tienda de animales;C. del Comercio, 3, Nave 10;Alicante;;965 11 51 52;https://terravivamascotas.es/;4.6;0;;
Residencia Canina Del Xiquet;Guardería canina;partida casablanca 65LL;Valencia;;687 70 06 02;https://residenciacaninadelxiquet.es/;4.6;0;;
Mascotas Moñino, S.L.U.;Tienda de animales;Av. de Alicante, 7;Murcia;;968 24 43 60;https://www.mascotasmonino.com/;4.6;0;;
Residència Canina la Sentiu;Guardería canina;Ctra. de la Sentiu;Barcelona;;936 36 35 40;http://www.residencialasentiu.com/;4.6;0;;
Tuscawilla Animal Hospital;Veterinario;1101 E Tuskawilla Pt;Estados Unidos;;+1 407-699-1500;https://www.tuscawillavet.com/;4.6;0;;
Parque Lineal del Manzanares;Parque;Cmo. de Perales;28053 Madrid;;915 29 82 10;http://www.parquelineal.es/;4.6;0;;
Miscota;Tienda de productos para mascotas;C. San Vicente, 34;03004 Alicante;;865 61 86 80;http://www.miscota.es/;4.6;0;;
Parque central;Parque;Av. Junco de la Vega S/N;México;;;https://distritotec.tec.mx/es/proyectos/parque-central;4.6;0;;
Hábitat Laguna;Tienda de animales;Blvd. Independencia 105-Ote;México;;+52 871 713 0959;http://www.facebook.com/habitatlagun;4.6;0;;
Parque de la Espiritualidad HIPODROMO;Parque;Blvd. Lomas Campestre AREA VERDE;México;;;;4.6;0;;
Veterinaria Catalan;Veterinario;Av. Waterfill 209;México;;+52 656 682 0373;;4.6;0;;
Centro Médico “Snoopy”;Hospital veterinario;Calle cuarta entre Morelos y Zaragoza, 87500;México;;;;4.6;0;;
La Marina Exóticos Centro Veterinario;Cuidados veterinarios;Calle Arquitecto Santiago Perez Aracil, 30, BAJO;Alicante;;965 45 96 92;http://www.cvlamarinaexoticos.com/;4.6;0;;
Opera House Valencia B&B. Alojamiento en Ciudad de las Artes y las Ciencias. Valencia;Bed & Breakfast;Vidal 2 (Arquitecte;Valencia;;963 11 80 10;http://www.operahousevalencia.com/;4.6;0;;
Residencia Canina Saboya;Guardería canina;Partida de Saboia, 101, Bajo;Valencia;;961 85 65 24;http://www.residenciacaninavlc.com/;4.6;0;;
Residencia de Animales Oasis;Guardería canina;Carretera;Sevilla;;667 70 88 55;https://www.residenciaoasis.com/;4.6;0;;
Apaam Protectora;Protectora de animales;;;;;https://msha.ke/apaamprotectora/#about;4.6;0;;
4Patas Guanarteme - Tienda de Animales Las Palmas;Tienda de productos para mascotas;C. Fernando Guanarteme, 124;Las Palmas;;928 27 18 05;https://linktr.ee/4pataslaspalmas;4.6;0;;
ESPAI GOS;Adiestrador canino;Carrer Onze de Setembre, 3;Girona;;;;4.6;0;;
Bris Clínica Veterinaria- Albaitari Klinika;Veterinario;Simón Bolívar Kalea, 1, BAJO,A;Bizkaia;;944 10 14 60;http://www.veterinarios-bilbao.com/;4.6;0;;
Bargain House;Tienda de descuento;837 S Knott Ave;Estados Unidos;;+1 714-995-2366;;4.6;0;;
Kiwoko. Mundo Animal;Tienda de productos para mascotas;Calle Velázquez, 136;28006 Madrid;;914 85 55 83;https://tiendas.kiwoko.com/comunidad-de-madrid/madrid/madrid/kiwoko-madrid-velazquez-136-143?utm_medium=maps&utm_source=google;4.6;0;;
ICON Malabar;Hotel;C. Tomás Heredia, 13;29001 Málaga;;952 60 67 03;https://www.petitpalace.com/en/icon-malabar/?utm_source=google&utm_medium=organic&utm_campaign=MyBusiness&utm_content=MAL&origin_source=google&origin_medium=organic&origin_campaign=MyBusiness;4.6;0;;
Centro Veterinario Bilbao;Veterinario;C. María Díaz de Haro, 56;Biscay;;944 42 05 94;;4.6;0;;
Distrito Animal - Clínica Veterinaria;Peluquero de mascotas;C. Pasos de Santiago, Nº13-14, Bajo;30005 Murcia;;659 87 23 60;http://www.cvdistritoanimal.es/;4.6;0;;
Paw Park of Historic Sanford;Parque para perros;427 S French Ave;Estados Unidos;;+1 407-688-5103;https://sanfordfl.gov/ova_por/paw-park/;4.6;0;;
La Pajarería;Tienda de animales;C/ de Francisco Silvela, 23;28028 Madrid;;914 01 68 30;http://www.pajareriaakp.com/;4.5;0;;
Palma Paraíso Cremaciones;Servicio de cremación;Miguel Hidalgo Y Costilla 301-A;México;;+52 81 2647 4565;http://palmaparaisocremaciones.com/;4.5;0;;
ACUNR - Animales Con Un Nuevo Rumbo;Protectora de animales;;;;;https://www.acunr.es/;4.5;0;;
Tierra y Mar;Tienda de animales;Av. d'Aragó, 12;Valencia;;655 17 14 02;http://www.tierraymarshop.com/;4.5;0;;
Piensos El Granadal;Pajarería;Av. del Zafiro, 8;14014 Córdoba;;957 26 09 45;https://grupopiensoselgranadal.com/;4.5;0;;
Parque canino Fidiana;Parque;Av. de Libia, 27;14014 Córdoba;;;;4.5;0;;
Palacio Santa Clara, Autograph Collection;Hotel;C/ de Pascual i Genís, 22;Valencia;;960 13 10 00;https://www.marriott.com/en-us/hotels/vlcak-palacio-santa-clara-autograph-collection/overview/?scid=f2ae0541-1279-4f24-b197-a979c79310b0;4.5;0;;
Dog Park | Las Palmas;Parque para perros;831 Stella Ct;Estados Unidos;;;https://www.sunnyvale.ca.gov/Home/Components/FacilityDirectory/FacilityDirectory/51/456;4.5;0;;
Parque para Perros;Parque para perros;Pont del Real;Valencia;;;;4.5;0;;
La Casa de los Bigotes;Tienda de productos para mascotas;Av. Ronda de los Tejares, 19, Loc 4;14008 Córdoba;;857 87 26 06;https://lacasadelosbigotes.com/;4.5;0;;
Soho Boutique Colón;Hotel;Alameda de Colón, 5;29001 Málaga;;951 55 05 67;https://www.petitpalace.com/en/soho-boutique-colon/?utm_source=google&utm_medium=organic&utm_campaign=MyBusiness&origin_source=google&origin_medium=organic&origin_campaign=MyBusiness;4.5;0;;
Tiendanimal;Tienda de productos para mascotas;Calle Pp Montevida, 1201;30150 Murcia;;968 92 16 21;https://tiendas.tiendanimal.es/region-de-murcia/murcia/murcia/tiendanimal-murcia-sur-montevida-86?utm_medium=maps&utm_source=google;4.5;0;;
Redondo Beach Dog Park;Parque para perros;190 Flagler Ln;Estados Unidos;;+1 818-539-7263;http://www.rbdogpark.com/;4.5;0;;
Clínica Veterinaria Karmelo;Veterinario;Iturriaga K., 100;Bizkaia;;944 11 30 83;https://clinicaveterinariakarmelo.com/;4.5;0;;
Ace Hardware of Oviedo;Ferretería;23 E Franklin St;Estados Unidos;;+1 407-365-6634;http://www.sanfordacehardware.com/?utm_source=google&utm_medium=local&utm_campaign=localmaps&utm_content=11147;4.5;0;;
Petit Palace Puerta del Sol;Hotel;C. del Arenal, 4;28013 Madrid;;915 21 05 42;https://www.petitpalace.com/en/petit-palace-puerta-del-sol/?utm_source=google&utm_medium=organic&utm_campaign=MyBusiness&utm_content=PDS&origin_source=google&origin_medium=organic&origin_campaign=MyBusiness;4.5;0;;
Miscota;Tienda de productos para mascotas;C/ de Jesús, 101;Valencia;;960 69 90 03;http://www.miscota.es/;4.5;0;;
Tiendanimal;Tienda de productos para mascotas;C. Alcalá, 330;28027 Madrid;;911 88 38 01;https://tiendas.tiendanimal.es/comunidad-de-madrid/madrid/madrid/tiendanimal-calle-alcala-330-madrid-57?utm_medium=maps&utm_source=google;4.5;0;;
Escuela Adiestramiento los Galachos;Adiestrador canino;Polígono Agrario 203 Paraje Soto de Juslibo, Parcela 118;Zaragoza;;616 49 35 54;https://losgalachoscentroadiestramiento.wordpress.com/;4.5;0;;
Oxxo;Tienda de productos para mascotas;Esq. Valladolid;México;;+52 81 8320 2020;https://www.oxxo.com/?utm_source=google&utm_medium=organic&utm_campaign=gbp;4.5;0;;
Parque Copacabana;Parque;Av Enrique Quijada;México;;;;4.5;0;;
Casa Alberola Alicante, Curio Collection by Hilton;Hotel;C. Canalejas, 1;03001 Alicante;;965 27 09 10;https://www.hilton.com/en/hotels/alccaqq-casa-alberola-alicante/?SEO_id=GMB-EMEA-QQ-ALCCAQQ;4.5;0;;
Peluquería Canina Totana;Peluquero de mascotas;Carrer de Totana, 7;Valencia;;692 34 75 37;;4.5;0;;
Clínica Veterinaria Caborca;Cuidados veterinarios;Benito Juárez y Avenida O 200;México;;+52 637 372 7172;https://www.facebook.com/clinicaveterinariacaborca;4.5;0;;
HUNGRY PETS (antes: Agrizoo Sevilla);Tienda de animales;Carretera Brenes, 25;41019 Sevilla;;954 51 74 63;https://www.agrizoosevilla.es/;4.5;0;;
Pajaros El Recreo;Tienda de animales;C. Maestro Luis Torregrosa, 1;03013 Alicante;;965 20 27 63;;4.5;0;;
Bichos;Tienda de animales;C. Real de Burgos, 9;47011 Valladolid;;983 18 16 17;https://bichostiendademascotas.es/;4.5;0;;
Peluqueria Canina PATUSOS;Peluquero de mascotas;C. d'Antoni Joan, 8;Valencia;;635 62 84 66;;4.5;0;;
Pajarería Villena;Tienda de animales;Sor Natividad Homedes Kalea, 2;Bizkaia;;944 61 00 85;https://pajareriavillena.com/;4.5;0;;
Conejo Creek Dog Park;Parque para perros;1350 E Avenida De Las Flores;Estados Unidos;;+1 805-495-6471;https://www.crpd.org/parks-reservations/dog-parks/;4.5;0;;
Buddies: Pet Daycare, Boarding and Grooming;Servicio de embarque de mascotas;3345 E Patrick Ln Unit 150;Estados Unidos;;+1 702-202-4003;https://www.petbuddieslv.com/;4.5;0;;
Mascotas Ávila Sevilla;Tienda de productos para mascotas;Av. de la República Argentina, 25;41011 Sevilla;;955 80 93 95;http://www.mascotasavila.com/;4.5;0;;
Amavets;Veterinario;C. México, 27, Loc 1-2;03008 Alicante;;965 11 23 06;http://www.clinicasvet.es/;4.5;0;;
Clínica veterinària Animàlia;Veterinario;Passeig dels Països Catalans, 37, 39;Girona;;972 23 90 03;http://www.animalia.cat/;4.5;0;;
Policlínico Veterinario Málaga;Veterinario;C. Gerona, 1;29006 Málaga;;952 31 44 27;http://www.veterinaria-malaga.es/;4.5;0;;
Style And Dog, equipamiento profesional para peluquerías caninas;Tienda de productos para mascotas;C. de Alonso Cano, 59;28003 Madrid;;912 42 33 23;http://www.styleanddog.com/;4.5;0;;
Parque Olivar del Zaudín de Tomares;Parque;41940;Sevilla;;954 15 91 20;http://parquezaudin.tomares.es/;4.5;0;;
Le Petit;;Av. de El Greco, 14;41007 Sevilla;;;;4.5;0;;
Clínica Veterinaria Felycan;Veterinario;C. Cánovas del Castillo, 39, BAJO;03012 Alicante;;965 25 84 49;;4.5;0;;
Apartahotel Comforsuite;Hotel;P.º de la Zarcilla, 6;Valladolid;;983 55 29 84;http://www.comforsuite.com/;4.5;0;;
UpDog Peluquería y Guardería Canina;Peluquero de mascotas;C. de Téllez, 18;28007 Madrid;;633 53 33 91;https://www.updog.es/peluqueria-y-guarderia-canina-pacifico/;4.5;0;;
Animalandia Tienda de Animales;Tienda de animales;C. Padre Suarez, 3;Asturias;;985 21 01 65;https://www.facebook.com/AnimalandiaTiendaDeAnimales;4.5;0;;
Snoop Dog;Peluquero de mascotas;Cmo de S. Rafael, 40, Loc 2;29006 Málaga;;613 09 23 82;https://snoopdog.es/;4.5;0;;
Centro de Recuperación de Fauna "La Granja de El Saler";Servicio de rehabilitación de la fauna;El Saler;Valencia;;963 86 80 25;https://mediambient.gva.es/es/web/biodiversidad/centres-recuperacio-fauna/la-granja-de-el-saler;4.5;0;;
Parque recreativo y área canina La Vid;Parque;tra. vino;28011 Madrid;;;https://datos.madrid.es/portal/site/egob/menuitem.c05c1f754a33a9fbe4b2e4b284f1a5a0/?vgnextoid=49e83d5e3af7a510VgnVCM1000001d4a900aRCRD&vgnextchannel=374512b9ace9f310VgnVCM100000171f5a0aRCRD&vgnextfmt=default;4.5;0;;
Clínica Veterinaria Son Dureta;Veterinario;Camí de Gènova, 4;Illes Balears;;971 73 21 77;https://www.veterinarisondureta.es/;4.5;0;;
Praia da Fontaíña;playa;Rúa de Canido, 24;Pontevedra;;;http://www.turismodevigo.org/es/playa-de-fontaina;4.5;0;;
Hotel Amadeus;Hotel;C. Farnesio, 6;41004 Sevilla;;954 50 14 43;http://www.hotelamadeussevilla.com/;4.5;0;;
Onion Creek Greenbelt;Parque;7002 Onion Creek Dr;Estados Unidos;;+1 512-974-6700;http://www.austintexas.gov/department/parks-and-recreation;4.5;0;;
Hotel canino Can Jané;Guardería canina;Hotel caní Can Jané, Ctra. Valldeoriolf, Km 2,5, 08430, Barcelona;Barcelona;;938 42 25 23;https://www.canjane.com/;4.5;0;;
Veterinaria Perrhijos;Veterinario;Bulevar Luis D. Colosio 785-Loc 4;México;;+52 662 422 0887;;4.5;0;;
Tuscawilla Oaks Animal Hospital;Veterinario;1490 Tuskawilla Rd;Estados Unidos;;+1 407-678-8387;http://tuscawillaoaksah.com/;4.5;0;;
Parque De Las Américas;Parque;San Diego 12758;México;;;;4.5;0;;
Son Perera i Son Martorell;Parque;Parc de Son Parera;Balearic Islands;;654 61 23 98;;4.5;0;;
Clinica Veterinaria Canelos;Veterinario;Leandro Valencia Urias 17;México;;+52 662 552 8812;;4.5;0;;
Piensos Eloina;Tienda de productos para mascotas;Carrer Riu Serpis, 7;Alicante;;965 66 76 84;http://www.piensoseloina.com/?utm_source=google&utm_medium=maps&utm_campaign=My%20Business&utm_content=eloina;4.5;0;;
Whitnall Highway Off-Leash Dog Park;Parque para perros;5753 Whitnall Hwy;Estados Unidos;;;;4.5;0;;
City Club Hermosillo;Autoservicio mayorista;Blvr. P.º Río Sonora Nte. 128;México;;+52 662 212 6800;https://www.cityclub.com.mx/;4.5;0;;
Praia dos Olmos;playa;Ría de;Pontevedra;;;http://hoxe.vigo.org/conecenos/n_fontes.php?lang=gal;4.5;0;;
Gats De Gràcia;Protectora de animales;;;;639 74 20 23;http://www.gatsdegracia.cat/;4.5;0;;
Sercotel Parque Las Palmas;Hotel;C. Mlle. Las Palmas, 2;Las Palmas;;928 36 80 00;https://www.sercotelhoteles.com/es/hotel-parque?utm_source=google&utm_medium=referral&utm_campaign=metasearch-links;4.5;0;;
Hotel Puerta Gamboa - WEB OFICIAL;Hotel;Rúa Gamboa, 12;Pontevedra;;986 22 86 74;http://www.hotelpuertagamboa.com/;4.5;0;;
Parque de Cervantes;Parque;Av. Diagonal, 706;08034 Barcelona;;;http://lameva.barcelona.cat/ca/aprofita-la/parcs-i-jardins/parc-de-cervantes_92086010721.html;4.5;0;;
Centre Veterinari Girona;Veterinario;Carrer Emili Grahit, 19;17002 Girona;;972 29 62 91;http://centreveterinarigirona.com/;4.5;0;;
Fundacion Trifolium;Fundación;;;;678 66 37 24;http://fundaciontrifolium.org/;4.5;0;;
Kiwoko. Mundo Animal;Tienda de productos para mascotas;C. de Molina de Segura, 10;30007 Murcia;;868 99 05 35;https://tiendas.kiwoko.com/region-de-murcia/murcia/murcia/kiwoko-murcia-atalayas-122?utm_medium=maps&utm_source=google;4.5;0;;
Peluquería canina y felina Boutique y Belleza Canina;Peluquero de mascotas;local boutique y belleza canina local boutique y belleza canina;41008 Sevilla;;605 28 68 70;https://www.facebook.com/Boutique-Belleza-Canina-891411104311131/;4.5;0;;
Pet's Barn;Tienda de productos para mascotas;1790 N Zaragoza Rd;Estados Unidos;;+1 915-849-0653;http://www.petsbarn.com/;4.5;0;;
Toboganes de Madrid Río;Parque;Arganzuela;28005 Madrid;;915 29 82 10;https://www.madrid.es/portales/munimadrid/es/Inicio/El-Ayuntamiento/Arganzuela?vgnextfmt=default&vgnextchannel=e6f1ca5d5fb96010VgnVCM100000dc0ca8c0RCRD;4.5;0;;
Deportivo Los Portales;Parque;Baleare 2;México;;;;4.5;0;;
DOS🥇 Adiestramiento;Adiestrador canino;olite 48 esc a 4ºb;28039 Madrid;;646 39 22 48;https://dosadiestramiento.com/;4.5;0;;
Hotel Dimar;Hotel;Gran Via del Marqués del Túria, 80;Valencia;;963 95 10 30;http://www.hoteldimar.es/;4.5;0;;
Petco;Tienda de animales;2036 N Zaragoza Rd Bldg D;Estados Unidos;;+1 915-206-6235;https://stores.petco.com/tx/el-paso/pet-supplies-elpaso-tx-2450.html?utm_source=google&utm_campaign=locallist_2450_pcc;4.5;0;;
Zona ZECA - Parque canino;Parque para perros;C. Mirasierra;30150 Murcia;;;http://www.murcia.es/;4.5;0;;
Terraviva Rabasa;Tienda de animales;Calle Dr. Isidoro de Sevilla, 69;03009 Alicante;;965 17 97 97;https://terravivamascotas.es/;4.5;0;;
Colegio Oficial de Veterinarios de Girona;Veterinario;Carrer Cor de Maria, 10;17002 Girona;;972 20 00 62;http://www.covgi.cat/ca/;4.5;0;;
Amor Perruno;Peluquero de mascotas;C. Teresa de Calcuta;50009 Zaragoza;;976 09 97 52;;4.5;0;;
Staybridge Suites Málaga;Hotel de larga estancia;P.º Martiricos, 36;29009 Málaga;;951 82 06 10;https://www.ihg.com/staybridge/hotels/gb/en/malaga/agpst/hoteldetail?cm_mmc=GoogleMaps-_-SB-_-ES-_-AGPST;4.5;0;;
Empresa de Limpiezas Municipales y Parque del Oeste, S.A.M.;Parque;C. Realenga de San Luis, 11;29004 Málaga;;952 24 05 45;;4.5;0;;
Rock & Dogs;Adiestrador canino;C. de las Herrerías, 15;Alicante;;620 28 56 41;http://clubdeadiestramientoenalicante.com/;4.5;0;;
Miscota;Tienda de productos para mascotas;Paseo de las Delicias, 35;28045 Madrid;;911 92 85 77;http://www.miscota.es/;4.5;0;;
Escondido Beach;playa;Malibú, California 90265;Estados Unidos;;;;4.5;0;;
Trabajo Con Perros Adiestramiento;Adiestrador canino;C. los Guindos, s/n;14014 Córdoba;;618 19 26 71;https://www.educacioncaninatcp.es/;4.5;0;;
Mike Kirby Park;Parque;2199 Oregon Ave;Estados Unidos;;+1 407-688-5103;http://www.sanfordfl.gov/;4.5;0;;
Remsa Pet Partner;Mayorista;Carrer de Llorà, 3;17007 Girona;;972 20 64 15;http://www.remsagirona.com/;4.5;0;;
Ecoaventuras Trepachanga;Parque infantil;Unnamed Road;México;;+52 656 554 5130;https://www.facebook.com/EcoaventurasTrepachanga/;4.5;0;;
B&B HOTEL Murcia;Hotel;Av. Juan de Borbón, Parcela 2A;Murcia;;868 69 46 53;https://www.hotel-bb.com/es/hotel/murcia?utm_source=googlemaps&utm_medium=fichehotel&utm_campaign=murcia;4.5;0;;
Clínica Veterinaria Don Gato;Veterinario;Av. Esportista Miriam Blasco, 12, local-2;03540 Alicante;;965 26 60 89;;4.5;0;;
Parque Madero;Parque;Jesús García Corona;México;;+52 662 212 4995;;4.5;0;;
Hotel Catalonia Gran Via BCN;Hotel;Gran Via de les Corts Catalanes, 550;08011 Barcelona;;933 23 48 65;https://www.cataloniahotels.com/es/hotel/catalonia-gran-via-bcn?mb=1&utm_source=googlemaps&utm_medium=organic&utm_campaign=VLG;4.5;0;;
Platja Santa María de Llorell / Garbi I Llevant;playa;Carrer Zodiaco, 45C;Girona;;;http://www.infotossa.com/es;4.5;0;;
Plaza Sendero Las Torres;Centro comercial;Av de las Torres 2111;México;;+52 656 690 6529;https://www.sendero.com.mx/;4.5;0;;
Chuluota Veterinary Hospital;Veterinario;950 S County Rd 419;Estados Unidos;;+1 407-366-3233;http://www.chuluotavet.com/;4.5;0;;
Hotel NH Collection Barcelona Gran Hotel Calderón;Hotel;Rambla de Catalunya, 26;08007 Barcelona;;933 01 00 00;https://www.nh-hotels.com/en/hotel/nh-collection-barcelona-gran-hotel-calderon?utm_campaign=local-gmb&utm_medium=organic_search&utm_source=google_gmb;4.5;0;;
B&B HOTEL Málaga Centro;Hotel;Av. Fátima, 7, 8 y 9;29009 Málaga;;951 55 00 19;https://www.hotel-bb.com/es/hotel/malaga-centro?utm_source=googlemaps&utm_medium=fichehotel&utm_campaign=Malagacentro;4.5;0;;
Clínica Veterinaria Mis Mascotas;Veterinario;Av. Aquiles Serdan 11245;México;;+52 664 682 8629;;4.5;0;;
Apa Rodamón;Refugio para animales;Carrer Morena, s/n;Girona;;629 26 04 64;http://www.aparodamon.com/;4.5;0;;
Parque del Guinardó;Parque;Horta-Guinardó;08032 Barcelona;;;https://www.barcelona.cat/es/que-hacer-en-bcn/parques-y-jardines/parque-del-guinardo-92086011954;4.5;0;;
PET MASTER VETERINARIA;Veterinario;Monterrey 1411;México;;+52 878 114 8452;;4.5;0;;
Miscota;Tienda de productos para mascotas;P.º de las Acacias, 22;28005 Madrid;;919 31 53 96;http://www.miscota.es/;4.5;0;;
Cachorros Murcia;Tienda de animales;Av. Gutiérrez Mellado, 31, bajo C;Murcia;;612 46 41 85;;4.5;0;;
Tiendanimal;Tienda de productos para mascotas;CC LAGOH Av. Palmas Altas Local nº;41012 Sevilla;;955 25 45 28;https://tiendas.tiendanimal.es/andalucia/sevilla/sevilla/tiendanimal-palmas-sevilla-56?utm_medium=maps&utm_source=google;4.5;0;;
Clínica Veterinaria Domesticos y Exóticos Peludets;Veterinario;C/ de Jesús, 36;Illes Balears;;640 37 79 85;http://www.clinicaveterinariapeludets.es/;4.5;0;;
Estatua de Rufo, el perro de Oviedo;Escultura;C. Dr. Casal, 3;Asturias;;;;4.5;0;;
Playa des Sortell;Playa pública;Lloc Platja de Sa Conca, 10;Girona;;;http://www.cadaques.cat/;4.5;0;;
CAAS Tossa de Mar;Protectora de animales;Ctra. Llagostera, Km 1;Girona;;972 34 08 13;http://www.selva.cat/caas/;4.5;0;;
Canisapiens;Adiestrador canino;Carrer Disseminat, 63;Girona;;609 72 58 95;https://www.canisapiens.com/es/;4.5;0;;
Hotel Villa Guadalupe;Hotel;Urb. El Atabal;29190 Málaga;;952 43 28 62;http://www.villaguadalupe.com/;4.5;0;;
Playa de Muriola;Atracción turística;48650 Elexalde;Vizcaya;;;;4.5;0;;
KanyKat;Guardería canina;Cam. de la Princesa, 51;03550 Alicante;;608 53 12 05;https://kanykathotel.com/;4.5;0;;
Granos y Semillas Águilas de Zaragoza;Proveedor de semillas;C. Puerto Dunquerque s/n;México;;+52 656 238 4558;;4.5;0;;
Peludets;Peluquero de mascotas;1º;Valencia;;962 06 72 44;http://www.peludets.com/;4.5;0;;
Área canina;Parque para perros;Calle Vía Dublín, 2G;28042 Madrid;;;;4.5;0;;
B48 Valencia Feria;Hotel;Av. de les Fires, 2;Valencia;;960 13 67 87;https://www.stayb48.com/share/BVFE-gmb-asset-page?utm_source=gmb_listing&utm_medium=organic;4.5;0;;
Pet Supermarket;Tienda de animales;1080 Alafaya Trail;Estados Unidos;;+1 407-366-2296;https://www.petsupermarket.com/storelocator/?storeId=188;4.5;0;;
Casual Socarrat Valencia;Hotel;C/ de la Pau, 38;Valencia;;960 69 39 36;https://www.casualhoteles.com/casual-socarrat-valencia.html?utm_source=gbp&utm_medium=organic&utm_term=sp&utm_id=socarrat-valencia;4.5;0;;
Canine Education SOS;Adiestrador canino;;;;+52 81 3079 9918;;4.5;0;;
VIDA MASCOTA;Tienda de productos para mascotas;Av. Gran Vía Parque, 25;14005 Córdoba;;626 24 86 31;https://www.facebook.com/profile.php?id=100016166894818;4.5;0;;
MÁS QUE BURBUJAS (AUTOLAVADO DE MASCOTAS);Peluquero de mascotas;C. Alberto Fernández, 6;47010 Valladolid;;666 96 17 66;;4.5;0;;
Residencia Canina CísterCan | Adiestramiento canino;Guardería canina;Cam. de Herrera, S/N;Valladolid;;629 57 51 88;http://www.cistercan.com/;4.5;0;;
Hotel Canino y Felino Vetoven | Residencia para perros y gatos;Guardería canina;Camino la Estación, 89;Valladolid;;637 55 75 77;http://hotelvetoven.com/;4.5;0;;
Hotel ILUNION Atrium;Hotel;C. de Emilio Vargas, 3, 5;28043 Madrid;;913 98 38 70;https://www.ilunionhotels.com/hoteles/ilunion-atrium?partner=5989&sel=sel:nf-gmb:nm-organic:kwp-:nc-:fe-:fm-:mp-:id-5989;4.5;0;;
Mitchell Hammock Pet Hospital & Boarding;Veterinario;255 Alexandria Blvd;Estados Unidos;;+1 407-366-7323;http://www.oviedoveterinarian.com/;4.5;0;;
Cala Rovira;Playa pública;Carrer Empúries, 1;Girona;;623 29 35 22;;4.5;0;;
Abcyou Bed & Breakfast Valencia;Bed & Breakfast;Carrer de Martí, 10;Valencia;;963 81 55 60;http://www.abcyou.es/;4.5;0;;
Veterinaria Springfield;Hospital veterinario;Calle Ignacio Allende 277;México;;+52 656 772 3263;https://www.facebook.com/pages/Veterinaria-Springfield/170898336732330;4.5;0;;
Pekes Pet Shop;Tienda de productos para mascotas;Calle de García de Paredes, 6, Loc Derecho;28010 Madrid;;620 63 15 20;http://pekespetshop.com/;4.5;0;;
Tiendanimal;Tienda de productos para mascotas;Calle de Antonio López, 109;28026 Madrid;;910 48 21 35;https://tiendas.tiendanimal.es/comunidad-de-madrid/madrid/madrid/tiendanimal-plaza-rio-2-madrid-40?utm_medium=maps&utm_source=google;4.5;0;;
Residencia Canina Campdura;Guardería canina;Pla de Campdorà, 41 - Girona - 17461;Girona;;972 20 32 47;http://campdura.com/;4.5;0;;
Macro Fauna;Tienda de animales;Vereda del Capitán, 6B;Murcia;;968 30 30 62;;4.5;0;;
Hotel Costabella Girona;Hotel;Avinguda de França, 61;17007 Girona;;972 20 25 24;http://hotelcostabella.com/;4.5;0;;
ALDI;Supermercado;1268 Alafaya Trail;Estados Unidos;;+1 855-955-2534;https://info.aldi.us/stores/l/fl/oviedo/1268-alafaya-trail/l661;4.5;0;;
MEININGER Hotel Barcelona Fira Gran Via;Hotel;Carrer de la Botànica, 41;08908 Barcelona;;;https://www.meininger-hotels.com/en/hotels/barcelona/barcelona-fira-gran-via/?utm_source=gmb&utm_medium=referral&utm_campaign=BAR-BO&utm_content=website;4.5;0;;
Tamaran House;Albergue;C. Sgto. Llagas, 34;Las Palmas;;637 42 83 17;http://tamaranhouse.com/;4.5;0;;
Estil Pelut Autolavado y Peluquería canina (Valencia);Peluquero de mascotas;Carrer D'Alberic, 27, bajo 1;Valencia;;603 01 98 66;;4.5;0;;
Platja Mar Menuda;playa;Av. Mar Menuda, 2;Girona;;;http://www.infotossa.com/es;4.5;0;;
CRFS de la Diputación de Bizkaia;Refugio para animales;Kukullu Bidea, 1D;Bizkaia;;946 77 48 52;https://www.bizkaia.eus/es/centro-de-recuperacion;4.5;0;;
Peluquería Canina Mi pelo;Peluquero de mascotas;Carrer del Brasil, nº 26, bajo;Valencia;;694 49 34 91;;4.5;0;;
Animalia Consultorio Veterinario;Cuidados veterinarios;C. Diego Vázquez Otero, 6;29007 Málaga;;952 61 30 12;;4.5;0;;
Residencia Canina de Pichera;Guardería canina;Carretera de la Loma, s/n;Valencia;;638 91 08 74;http://www.residenciapichera.com/;4.5;0;;
Hotel Canino y Felino El Rey de la Casa - cat & dog boarding kennels;Guardería canina;Camino Cotoveta, 20;Alicante;;677 44 04 71;https://www.hotelcaninoelreydelacasa.es/es/;4.5;0;;
Shane Kelly Bark Park;Parque para perros;499 Waggin Trl;Estados Unidos;;+1 407-971-5561;http://cityofoviedo.net/Facilities/Facility/Details/Bark-Park-28;4.5;0;;
Playa de la Malvarrosa;playa;;Playa de la Malvarrosa;;;;4.5;0;;
Clinica veterinaria Torre Pacheco;Veterinario;C. Región Valenciana, 3;Murcia;;968 58 55 04;;4.5;0;;
CENTRE CANI DE PALS;Guardería canina;Cr. Camargas, 23;Girona;;663 77 63 55;http://www.centrecanidepals.com/;4.5;0;;
Centro Veterinario Dra. Bueno;Hospital veterinario;C. Emilio Prados, nº 8;29003 Málaga;;951 11 83 78;;4.5;0;;
Animalades Gracia;Guardería canina;Carrer del Progrés, 46;08012 Barcelona;;931 70 76 52;http://www.animaladesgracia.com/;4.5;0;;
Eurekakids;Juguetería;Carrer de Sant Joan Bta. la Salle, 27;17002 Girona;;972 43 92 11;https://www.eurekakids.es/;4.5;0;;
Miscota;Tienda de productos para mascotas;Iparraguirre Kalea, 50;Bizkaia;;946 97 00 58;http://www.miscota.es/;4.5;0;;
Isokan Educación canina;Adiestrador canino;;;;643 84 47 07;https://www.facebook.com/profile.php?id=100094920717998;4.5;0;;
ARIKEL;Adiestrador canino;Carr. Agost-Urbs, 28C;03699 Alicante;;691 20 36 19;http://www.arikelk9.com/;4.5;0;;
Wag Hotels - Hollywood;Servicio de embarque de mascotas;960 Highland Ave;Estados Unidos;;+1 888-924-5463;https://www.waghotels.com/hollywood/;4.5;0;;
The Westin Valencia;Hotel;Carrer d'Amadeu de Savoia, 16;Valencia;;963 62 59 00;https://www.marriott.com/en-us/hotels/vlcwi-the-westin-valencia/overview/?scid=f2ae0541-1279-4f24-b197-a979c79310b0;4.5;0;;
Real de Castilla Residencial;Urbanización;Boulevard Antonio Quiroga;México;;+52 662 162 2108;http://realdecastilla.mx/;4.5;0;;
Platja de La Rubina;playa;17486 Castelló d'Empúries;Girona;;;;4.5;0;;
Cuarto Creciente;Restaurante;Plaza Andenes Universidad Local A-110, Av. Universidad 1250;México;;+52 81 2558 5543;http://www.cuartocrecientemx.com/;4.5;0;;
H-E-B Linda Vista;Supermercado;Av. Miguel Alemán 5050;México;;+52 81 8153 1660;https://www.heb.com.mx/;4.5;0;;
Piensos el Perelló;Tienda de alimentos para animales;Carrer de Castelar, 5;Alicante;;965 17 60 29;;4.5;0;;
Kiwoko Animal World;Tienda de productos para mascotas;C. del Compositor Mozart;14005 Córdoba;;957 85 89 19;https://tiendas.kiwoko.com/andalucia/cordoba/cordoba/kiwoko-cordoba-los-patios-133?utm_medium=maps&utm_source=google;4.5;0;;
Princewarriorbt;Guardería canina;C. Pablo Enríquez, 26;Murcia;;657 67 82 45;;4.5;0;;
Petit Palace Plaza de la Reina;Hotel;C. de l'Abadia de Sant Martí, 3;Valencia;;963 94 51 00;https://www.petitpalace.com/en/petit-palace-plaza-de-la-reina/?utm_source=google&utm_medium=organic&utm_campaign=MyBusiness&utm_content=BRI&origin_source=google&origin_medium=organic&origin_campaign=MyBusiness;4.5;0;;
Centre Caní de Brian;Adiestrador canino;Carretera sant feliu C-65, 3;Girona;;630 95 11 44;http://www.debrian.com/;4.5;0;;
Parque Altares;Parque;Prof. Alfonso López Riesgo;México;;;;4.5;0;;
Praia do Tombo do Gato;playa;Av. Samil, 24;Pontevedra;;;http://hoxe.vigo.org/conecenos/n_gato.php?lang=gal;4.5;0;;
Mascotes La Selva;Criador canino;Camí de Sant Climent;Girona;;616 98 77 93;http://mascotaslaselva.com/;4.5;0;;
Lee P. Moore Park;Parque;Unnamed Road;Estados Unidos;;+1 407-688-5000;https://sanfordfl.gov/government/parks-and-recreation/parks/;4.5;0;;
Hotel NH Collection Sevilla;Hotel;Av. de Diego Martínez Barrio, 8;41013 Sevilla;;916 00 81 46;https://www.nh-hotels.com/en/hotel/nh-collection-sevilla?utm_campaign=local-gmb&utm_medium=organic_search&utm_source=google_gmb;4.5;0;;
Veterinaria Chanoc;Cuidados veterinarios;Carr. de Juárez NO. 207;México;;;;4.5;0;;
La tienda de animales;Tienda de animales;Av. Santa Cecilia, 4;41010 Sevilla;;954 33 79 61;;4.5;0;;
Sercotel Córdoba Delicias;Hotel;C. Islas Chafarinas, 1;14011 Córdoba;;957 78 00 12;https://www.sercotelhoteles.com/es/hotel-cordoba-delicias?utm_source=google&utm_medium=referral&utm_campaign=metasearch-links;4.5;0;;
Animal Doctor Veterinaria;Veterinario;Colegio de Niñas 131-A Entee Colón y Zaragoza;México;;+52 81 1012 9743;http://www.facebook.com/animaldoctor.vets;4.5;0;;
Hotel ILUNION Málaga;Hotel;P.º Maritimo Antonio Machado, 10;29002 Málaga;;952 04 60 00;https://www.ilunionhotels.com/hoteles/ilunion-malaga?partner=5989&sel=sel:nf-gmb:nm-organic:kwp-:nc-:fe-:fm-:mp-:id-5989;4.5;0;;
Pelucan;Peluquero de mascotas;C. del Soto, 4;47010 Valladolid;;983 26 53 11;;4.5;0;;
Santuario Equino EQUIDAD;Protectora de animales;Cruz del Eje;Argentina;;;http://www.ffw.ch/es;4.5;0;;
Sociedad Protectora de Animales Y Plantas de Mallorca;Protectora de animales;Llevant;Illes Balears;;971 47 00 60;http://www.adoptanos.es/;4.5;0;;
El Mantenío;Alojamiento con servicio;C. Álamos, 13;29012 Málaga;;695 79 13 00;https://elmantenio.com/;4.5;0;;
Clínica Veterinaria SVPAP;Protectora de animales;C. del Palleter, 55;Valencia;;963 84 41 82;http://www.svpap.org/;4.5;0;;
RESIDENCIA CANINA CHICHET;Guardería canina;Cam. del Oliveral, s/n;Valencia;;627 50 64 35;;4.5;0;;
Altas Palmas Animal Clinic;Veterinario;201 Stuart Place Rd;Estados Unidos;;+1 956-423-3322;https://altaspalmas.com/;4.5;0;;
Fufa's Grooming Spa;Peluquero de mascotas;Carrer de Lope de Vega, 105, local 2;08005 Barcelona;;930 18 42 33;https://www.instagram.com/fufasgroomingspa/;4.5;0;;
Canes;Veterinario;Av Gral Álvaro Obregón 900 Poniente;México;;+52 668 812 0230;https://www.canesveterinaria.com/;4.5;0;;
Graves Park;Parque;1540 Graves Rd;Estados Unidos;;+1 678-277-0860;https://www.gwinnettcounty.com/government/departments/parks-recreation/parks/graves;4.5;0;;
Hotel Midmost Barcelona;Hotel;Carrer de Pelai, 14;08001 Barcelona;;935 05 11 00;https://www.hotelmidmost.com/;4.5;0;;
Novotel Valencia Lavant;Hotel;Av. de Pius XII, 4;Valencia;;960 88 44 44;https://all.accor.com/lien_externe.svlt?goto=fiche_hotel&code_hotel=C0F6&merchantid=seo-maps-Spain-C0F6&sourceid=aw-cen&utm_medium=seo%20maps&utm_source=google%20Maps&utm_campaign=seo%20maps;4.5;0;;
Peluquería Canina A Patitas y Rizos;Peluquero de mascotas;C. Huerto Manu, 13;30009 Murcia;;650 16 52 09;;4.5;0;;
Interzoo Pedro Teixeira Madrid;Tienda de productos para mascotas;C. de Pedro Teixeira, 10;28020 Madrid;;917 70 39 89;http://www.interzoo.es/;4.5;0;;
Parque Enrique Tierno Galván;Parque;C. Meneses, 4;28045 Madrid;;915 80 42 60;https://www.madrid.es/portales/munimadrid/es/Inicio/El-Ayuntamiento/Parques-y-jardines/Patrimonio-Verde/Parques-en-Madrid/Parque-Enrique-Tierno-Galvan/?vgnextfmt=default&vgnextoid=e09f680e2383e210VgnVCM1000000b205a0aRCRD&vgnextchannel=38bb1914e7d4e210VgnVCM1000000b205a0aRCRD;4.5;0;;
Hostal El Brillante Alojamientos El Duque;Hotel;C. Catedrático Esquivel, 1;14012 Córdoba;;642 13 99 89;https://bookspain.site/BrillanteAlo;4.5;0;;
Petit Palace Ruzafa;Hotel;Carrer de Sueca, 14;Valencia;;963 51 36 38;https://www.petitpalace.com/en/petit-palace-ruzafa/?utm_source=google&utm_medium=organic&utm_campaign=MyBusiness&utm_content=GER&origin_source=google&origin_medium=organic&origin_campaign=MyBusiness;4.5;0;;
Platja de s'Abanell;playa;17300;Girona;;;;4.5;0;;
Hospital Veterinario Madero;Veterinario;Zaragoza 69;México;;+52 872 104 5406;https://www.facebook.com/VeterinariaMadero22;4.5;0;;
Fauna Viva;Guardería canina;Carrer de Sant Iscle, 23;08031 Barcelona;;933 58 32 01;http://www.faunaviva.es/;4.5;0;;
Vet Wellcare Vaccinations Clinic at Pet Supermarket;Veterinario;1080 Alafaya Trail;Estados Unidos;;+1 407-366-2296;https://www.petsupermarket.com/;4.5;0;;
La Villa Hotel Canino;Guardería canina;Partida Barbeta, 2M;Valencia;;637 11 94 42;http://lavillahotelcanino.com/;4.5;0;;
Veterinario Galvez;Hospital;Las Palmas 801;México;;+52 665 393 1541;;4.5;0;;
Chucho estética canina;Guardería canina;Av. Gral. Ignacio Zaragoza 1723;México;;+52 686 554 4511;https://www.facebook.com/chuchomexicali/;4.5;0;;
Noahs ARC;Beneficencia;C. Jara;Murcia;;711 01 62 36;http://www.noahsarcmazarron.com/;4.5;0;;
Residencial Viñas Del Mar;Urbanización;Boulevard General Rodolfo Sánchez Taboada;México;;+52 664 655 0122;http://www.vinasdelmarresidencial.com/;4.5;0;;
Praia do Cocho das Dornas;playa;Av. Samil, 24;Pontevedra;;;http://hoxe.vigo.org/conecenos/n_cocho.php?lang=gal;4.5;0;;
Kiwoko. Mundo Animal;Tienda de productos para mascotas;Carrer de Menorca, 19;Valencia;;960 10 59 16;https://tiendas.kiwoko.com/comunidad-valenciana/valencia/valencia/kiwoko-valencia-aqua-118?utm_medium=maps&utm_source=google;4.5;0;;
Gran Alameda Centro;Hotel;Alameda Principal, 13;29001 Málaga;;951 82 29 91;https://granalamedacentro.es/;4.5;0;;
Pensión Isbel;Pensión;C. Mástil, 33;29006 Málaga;;646 18 35 62;https://olestay.site/PensionIsbel;4.5;0;;
Ramalladas hotel y educación canina;Adiestrador canino;Plaza de los Leones;Pontevedra;;986 25 02 05;http://ramalladas.com/;4.5;0;;
Chuchos Adiestrador Canino;Adiestrador canino;Cam. de los Almendros, 30;Murcia;;968 83 55 99;http://chuchosmurcia.com/;4.5;0;;
Pet Supplies Plus Marshfield;Tienda de animales;1810 N Central Ave;Estados Unidos;;+1 715-255-6060;https://www.petsuppliesplus.com/store/wi/marshfield/4428-marshfield/4428;4.5;0;;
Hotel Hesperia Presidente Barcelona;Hotel;Av. Diagonal, 570;08021 Barcelona;;930 90 07 38;https://www.hesperia.com/es/hoteles/espana/barcelona/hotel-hesperia-presidente?utm_source=GMBpresidente&utm_medium=organic;4.5;0;;
Platja per a gossos;Parque infantil;745X+CW;Girona;;972 45 41 32;;4.5;0;;
GIROVET;Farmacia veterinaria;Carretera Les Planes, km 3,9;Girona;;972 42 87 20;http://www.girovet.com/;4.5;0;;
Residencia Canina La Aldea;Guardería canina;Carretera Los Rodríguez, 1;Murcia;;627 49 30 65;http://www.residenciacaninalaaldea.com/;4.5;0;;
Zoolandia;Tienda de animales;Polígono 4 4;Valencia;;961 35 06 08;https://zoolandiatiendadeanimales.es/;4.5;0;;
Clínica Veterinaria Son Oliva;Veterinario;Carrer Emilio Serrano, 2;Illes Balears;;971 29 32 29;http://clinicaveterinariasonoliva.es/;4.5;0;;
Aquarium Discus;Tienda de acuarios;C. de la Merced, 6;47002 Valladolid;;983 39 01 86;http://www.aquariumdiscus.com/;4.5;0;;
Cala dels Canyers;playa;17230 Palamós;Girona;;;http://www.visitpalamos.cat/;4.5;0;;
Vedama Oliva;Refugio para animales;Vía Pista;Valencia;;611 57 90 90;https://vedamaoliva.es/;4.5;0;;
Guardería Canina Madrid Centro;Guardería canina;C. de la Palma, 15, CENTRO;28004 Madrid;;672 97 49 11;https://cys-eldogdemayo.com/;4.5;0;;
Vetter - Hospital Veterinario 24h Murcia;Hospital veterinario;Av. Severo Ochoa;30100 Murcia;;868 04 88 13;https://www.vetterhospital.com/;4.5;0;;
Peluqueria Canina Kira;Peluquería;Fika Kalea, 44, Bajo 3;Biscay;;616 44 89 18;;4.5;0;;
Jardín de Ayora;Atracción turística;C/ dels Sants Just i Pastor, 98;Valencia;;963 52 54 78;https://www.valencia.es/ayuntamiento/infociudad_accesible.nsf/vDocumentosWebListado/2EDC444566C5C07CC12572C200240221?OpenDocument&bdOrigen=&idapoyo=&nivel=8&lang=1;4.5;0;;
Las Palmas Veterinary Hospital;Veterinario;1239 US-281;Estados Unidos;;+1 361-325-3048;;4.5;0;;
Parque Canino Parque de El Morlaco;Parque para perros;Cam. de la Desviación, 7A;29018 Málaga;;951 92 60 28;http://parquesyjardines.malaga.eu/;4.5;0;;
Mascoboutique;Tienda de productos para mascotas;Calle de Núñez de Balboa, 10;28001 Madrid;;914 35 46 30;https://mascoboutique.com/?utm_source=google&utm_medium=maps&utm_campaign=seolocal_castello;4.5;0;;
Centro Canino La Almazara;Guardería canina;C/ Alonso Vega, s/n;Murcia;;664 44 79 65;http://www.la-almazara.es/;4.5;0;;
OXXO PRADERAS SAN JUAN;Tienda de productos para mascotas;Garza Y Garza;México;;+52 81 8320 2020;https://www.oxxo.com/?utm_source=google&utm_medium=organic&utm_campaign=gbp;4.5;0;;
Hotel NH Madrid Ribera del Manzanares;Hotel;P.º de la Virgen del Puerto, 57;28005 Madrid;;913 64 32 48;https://www.nh-hotels.com/en/hotel/nh-madrid-ribera-del-manzanares?utm_campaign=local-gmb&utm_medium=organic_search&utm_source=google_gmb;4.5;0;;
Clínica Veterinaria Pedregalejo;Veterinario;C. Geranios, 9;29017 Málaga;;952 29 70 99;https://www.clinicaveterinariapedregalejo.com/;4.5;0;;
AniCura Velázquez Hospital Veterinario;Hospital veterinario;Calle Velázquez, 109, URGENCIAS;28006 Madrid;;915 62 77 69;https://www.anicura.es/clinicas/velazquez-hospital-veterinario;4.5;0;;
Terraviva;Tienda de animales;Avinguda Goleta, 7;Alicante;;965 15 85 58;https://terravivamascotas.es/;4.5;0;;
Madagascar Mascotas Babel;Tienda de animales;C. de la Ebanistería, 20;03008 Alicante;;965 26 87 25;https://www.madagascarmascotas.com/;4.5;0;;
Hotel Motel One Barcelona-Ciutadella;Hotel;Passeig de Pujades, 11-13;08018 Barcelona;;936 26 19 00;https://www.motel-one.com/hotels/barcelona/hotel-barcelona-ciutadella/;4.5;0;;
Meliá Valencia;Hotel;Av. de les Corts Valencianes, 52;Valencia;;963 03 00 00;https://www.melia.com/en/hotels/spain/valencia/melia-valencia?utm_campaign=google&utm_content=4615&utm_medium=organic&utm_source=directories;4.5;0;;
St. Francis Veterinary Hospital;Veterinario;2201 Junipero Serra Blvd Ste C;Estados Unidos;;+1 650-994-8670;http://stfrancisveterinaryhospital.com/;4.5;0;;
Paws Care Vet Clinic;Veterinario;2620 S Orlando Dr;Estados Unidos;;+1 407-323-4707;http://www.pawscarevet.com/;4.5;0;;
Residencia Canina Malilupus;Guardería canina;Km 10,700 A-5 dirección;Madrid;;911 88 60 11;http://www.malilupus.com/;4.5;0;;
Veterinaria Cabral;Veterinario;Ignacio Zaragoza 1101;México;;;;4.5;0;;
Meijer;Tienda de productos para mascotas;4845 Burbank Rd;Estados Unidos;;+1 330-222-6840;https://www.meijer.com/shopping/store-locator/330.html?cmpid=LM:Web::::05112021::GoogleGrocery;4.5;0;;
Mircat La Creu;Tienda de productos para mascotas;Carrer de la Creu, 20;17002 Girona;;972 28 35 71;https://www.mircat.cat/ca/botigues/botiga-de-girona-c-creu/;4.5;0;;
Parque de Pitus;Parque local;Carrer de Roberto Bolaño Ávalos, 3;17007 Girona;;;;4.5;0;;
Centro Canino Gufy - Residencia Canina;Guardería canina;Carretera Fuencarral-El Pardo, Km. 3,5;28049 Madrid;;913 73 27 88;http://www.centrocaninogufy.com/;4.5;0;;
Playa Arrietara;playa;Vizcaya;Vizcaya;;;;4.5;0;;
ADOPTA VIDA CARTAGENA;Protectora de animales;C. Pollensa, 30, bajo;Murcia;;636 59 36 23;;4.5;0;;
Petit Palace Triball;Hotel;C. Gonzalo Jiménez de Quesada, 2;28004 Madrid;;915 22 47 90;https://www.petitpalace.com/en/petit-palace-triball/?utm_source=google&utm_medium=organic&utm_campaign=MyBusiness&utm_content=ITA&origin_source=google&origin_medium=organic&origin_campaign=MyBusiness;4.5;0;;
OXXO;Tienda de productos para mascotas;Esquina Con Coahuila de Zaragoza, P.º de las Palmas S/N;México;;+52 81 8320 2020;https://www.oxxo.com/?utm_source=google&utm_medium=organic&utm_campaign=gbp;4.5;0;;
Asociación de Defensa de Animales de Mallorca;Tienda de segunda mano;Carrer d'Adrià Ferran, 2;Illes Balears;;;https://www.facebook.com/asociaciondefensaanimalesmallorca/;4.5;0;;
Barnett Dog park;Parque para perros;Pine Hills, FL 32808;Estados Unidos;;;;4.5;0;;
Centro de Proteccion Animal - CPA de Getafe;Protectora de animales;Calle Rio Ardila, 4;Madrid;;669 89 94 07;https://cpa.lymagetafe.es/;4.5;0;;
Mundo Huella (Cristina Gutiérrez Peñuela, NIF: 71.103.843 X );Farmacia veterinaria;Calle de Mateo Seoane Sobral, 6;47014 Valladolid;;;https://www.mundohuella.com/;4.5;0;;
ZECA - Ronda Parque Universidad (Zona Canina);Parque para perros;Rda. Parque Universidad;30100 Murcia;;;http://www.murcia.es/;4.5;0;;
Keysville Dog Park;Parque para perros;2641 Keysville Ave;Estados Unidos;;+1 347-510-5265;;4.5;0;;
Sepulveda Basin Recreation Area;Parque;17017 Burbank Blvd;Estados Unidos;;+1 818-756-8188;https://www.laparks.org/reccenter/sepulveda-basin-area;4.5;0;;
Thelos;Peluquero de mascotas;Gordóniz Kalea, 16;Bizkaia;;944 43 87 92;http://www.thelos.es/;4.5;0;;
Comercial Buendía;Tienda de productos para mascotas;Carril Aragones, 46;Murcia;;691 27 56 84;https://comercialbuendia.com/;4.5;0;;
Hotel Hospes Amérigo | Alicante;Hotel;C. Rafael Altamira, 7;03002 Alicante;;965 14 65 70;https://www.hospes.com/amerigo/;4.5;0;;
Tiendanimal;Tienda de productos para mascotas;Calle Ademuz, Km 2, 8;Valencia;;960 47 08 90;https://tiendas.tiendanimal.es/comunidad-valenciana/valencia/burjasot/tiendanimal-burjassot-valencia-43?utm_medium=maps&utm_source=google;4.5;0;;
CANUBER;Peluquero de mascotas;C. Catalina Adulce, 8, Loc 2;47007 Valladolid;;618 55 29 39;http://www.canuber.es/;4.5;0;;
Clínica Veterinaria Manuel Marín;Veterinario;Carrer del Marquès de la Fontsanta, 63;Illes Balears;;609 23 61 50;;4.5;0;;
Clínica Veterinaria El Cachorro;Cuidados veterinarios;Lentisco 824;México;;;;4.5;0;;
Swope Dog Park;Parque para perros;4800 E Gregory Blvd;Estados Unidos;;+1 816-513-7500;https://kcparks.org/places/swope-park-off-leash-park/;4.5;0;;
Catidog;Peluquería;Carrer Maluquer Salvador, 18, baixos;17002 Girona;;972 09 06 00;;4.5;0;;
Frutas y verduras Oviedo;Tienda de alimentación;Bodega 37, Av. Chapultepec 700;México;;+52 81 8317 6346;;4.5;0;;
Dogma;Tienda de animales;Career Nuredduna, 7;Illes Balears;;871 94 86 95;http://www.espaciodogma.com/;4.5;0;;
GarbiTxakur Santutxu. Peluquería canina, felina y autolavado de mascotas.;Peluquero de mascotas;De la Cosa Juan Kalea, 1;Bizkaia;;611 14 31 61;https://www.garbitxakur.com/;4.5;0;;
Parque del Oeste;Parque;P.º de Moret, 2;28008 Madrid;;;https://www.madrid.es/portales/munimadrid/es/Inicio/El-Ayuntamiento/Parques-y-jardines/Patrimonio-Verde/Parques-en-Madrid/Parque-del-Oeste/?vgnextfmt=default&vgnextoid=0a57899a90c7e210VgnVCM2000000c205a0aRCRD&vgnextchannel=38bb1914e7d4e210VgnVCM1000000b205a0aRCRD;4.5;0;;
Hotel NH Alicante;Hotel;C/ de Mexico, 18;Alicante;;965 10 81 40;https://www.nh-hotels.com/en/hotel/nh-alicante?utm_campaign=local-gmb&utm_medium=organic_search&utm_source=google_gmb;4.5;0;;
Peluquería Canina Monterrey;Peluquero de mascotas;Avenida da Hispanidade, 116;Pontevedra;;986 47 31 83;https://www.monterreypeludos.es/;4.5;0;;
Hospital Clínico Veterinario Complutense;Hospital veterinario;Av. Puerta de Hierro, s/n;28040 Madrid;;913 94 37 55;https://www.ucm.es/hcv;4.5;0;;
Parque de la Quinta de los Molinos;Parque local;C. Alcalá, 527;28027 Madrid;;;https://www.madrid.es/portales/munimadrid/es/Inicio/El-Ayuntamiento/Parques-y-jardines/Patrimonio-Verde/Parques-en-Madrid/Parque-Quinta-de-los-Molinos/?vgnextfmt=default&vgnextoid=3e0264a7f259e210VgnVCM2000000c205a0aRCRD&vgnextchannel=38bb1914e7d4e210VgnVCM1000000b205a0aRCRD;4.5;0;;
Parque Pedregal Cumbres;Parque;Pedregal de La Ladera 9932;México;;;;4.5;0;;
ADDA Asociación Defensa Derechos Animal;Protectora de animales;Carrer de Bailèn, 164, bajos;08037 Barcelona;;934 59 16 01;http://www.addaong.org/;4.5;0;;
Aparthotel Campus;Hotel;C. de Fernando Vela, 13;Asturias;;985 11 16 19;http://www.aparthotelcampus.es/;4.5;0;;
Petit Palace Marqués Santa Ana;Hotel;C. Jimios, 9, 11;41001 Sevilla;;954 22 18 12;https://www.petitpalace.com/en/petit-palace-marques-santa-ana/?utm_source=google&utm_medium=organic&utm_campaign=MyBusiness&utm_content=MSA&origin_source=google&origin_medium=organic&origin_campaign=MyBusiness;4.5;0;;
Petit Palace Santa Cruz;Hotel;C. Muñoz y Pabón, 18;41004 Sevilla;;954 22 10 32;https://www.petitpalace.com/en/petit-palace-santa-cruz/?utm_source=google&utm_medium=organic&utm_campaign=MyBusiness&utm_content=SAC&origin_source=google&origin_medium=organic&origin_campaign=MyBusiness;4.5;0;;
Downey Park;Parque;10107 Flowers Ave;Estados Unidos;;+1 407-254-9180;https://www.ocfl.net/CultureParks/Parks.aspx?m=dtlvw&d=14;4.5;0;;
Academia y Peluquería Canina Sir Can;Peluquero de mascotas;Carrer de Sueca, 59;Valencia;;963 28 38 54;https://www.peluqueriacaninasircan.es/es/?utm_source=gmb&utm_medium=referral;4.5;0;;
Numa Seville Solea;Hotel;C. Alfonso XII, 27;41001 Sevilla;;932 71 31 07;https://numastays.com/locations/spain/seville/museo/solea?utm_source=google&utm_medium=organic&utm_campaign=gmb&utm_content=Solea;4.5;0;;
Acuario Tropical;Veterinario;Av. Juan XXIII, 32;29006 Málaga;;952 35 41 29;;4.5;0;;
La Perrera Espazioa;Centro cultural;Sabino Arana Etorbidea, 50;Bizkaia;;661 73 12 94;https://bilbaogazte.bilbao.eus/es/konekta/;4.5;0;;
Agrizoo Cardens & Animals;Tienda de animales;Cam. del Cementerio, 8;47011 Valladolid;;;;4.5;0;;
Centro Canino Y Felino Consultorio Veterinario;Cuidados veterinarios;Carrer Alvarado, 2;Alicante;;;;4.5;0;;
Parque de La Rambleta;Parque;C. de Pius IX;Valencia;;963 25 78 81;https://www.valencia.es/-/infociudad-parque-de-la-rambleta;4.4;0;;
Petit Palace Plaza Málaga;Hotel;C. Nicasio Calle, 3;29015 Málaga;;952 22 21 32;https://www.petitpalace.com/en/petit-palace-plaza-malaga/?utm_source=google&utm_medium=organic&utm_campaign=MyBusiness&utm_content=PLA&origin_source=google&origin_medium=organic&origin_campaign=MyBusiness;4.4;0;;
Veterinaria Morralito 🦜🐕🐈‍⬛🐩🐾👩‍⚕️🧑‍🧑‍🧒‍🧒;Veterinario;Av. del Renacimiento 515;México;;+52 81 1026 4018;https://www.facebook.com/share/1EmyZdg3gv/;4.4;0;;
Els Reis de la Casa;Peluquero de mascotas;Carrer Gironella, 9;17005 Girona;;972 94 06 28;https://www.instagram.com/elsreisdelacasa?igsh=MTltZjM4b3puZTdtcw==;4.4;0;;
Maxmascota;Tienda de alimentos para animales;Carril de los Chornos, 142;Murcia;;668 81 76 00;http://www.maxmascota.com/;4.4;0;;
Grand Hyatt Barcelona;Complejo hotelero;Pl. de Pius XII, 4;08028 Barcelona;;935 08 10 00;https://www.hyatt.com/grand-hyatt/en-US/bcnub-grand-hyatt-barcelona?src=corp_lclb_google_seo_bcnub&utm_source=google&utm_medium=organic&utm_campaign=lmr;4.4;0;;
Parques de las Ribes del Ter;Parque;Carrer de Fontajau, 26Acc;17007 Girona;;;;4.4;0;;
Perro Andaluz Hospital Veterinario (Pet Hospital);Peluquero de mascotas;Blvrd Cuauhtemoc Sur Ote 2920-5;México;;+52 664 208 5314;http://www.perroandaluz.mx/;4.4;0;;
Palacio los sitios;Hotel;C. del Pozo, 7;50003 Zaragoza;;976 29 03 67;http://www.apartamentoslossitios.com/;4.4;0;;
Tema;Tienda de animales;C. Manantial, 1;47009 Valladolid;;983 33 92 80;https://www.facebook.com/TiendaTEMA;4.4;0;;
Patitas de Perros;Organización de voluntariado;Mariano Larra 3350;Argentina;;;;4.4;0;;
Educan;Adiestrador canino;Ignacio Zaragoza;México;;+52 55 3334 9530;;4.4;0;;
Coppel Las Palmas;Grandes almacenes;Blvd. Antonio Rosales S/N;México;;+52 668 815 6571;https://www.coppel.com/ubicacion-de-tiendas-coppel/sinaloa/los-mochis/coppel-las-palmas;4.4;0;;
Parque de Santander;Parque;Paseo de S. Fco. de Sales, 39;28003 Madrid;;;http://www.esmadrid.com/;4.4;0;;
INNSiDE by Meliá Zaragoza;Hotel;Av. de César Augusto, 13;50004 Zaragoza;;976 43 01 00;https://www.melia.com/es/hoteles/espana/zaragoza/innside-zaragoza?utm_campaign=google&utm_content=5001&utm_medium=organic&utm_source=directories;4.4;0;;
Sociedad de Socorros Mutuos la Protectora;Asociación u organización;C/ de Maximilià Thous, 6, BAJO;Valencia;;963 49 53 72;http://protectorateatro.blogspot.com.es/;4.4;0;;
INNSiDE by Meliá Alicante Porta Maris;Hotel;Pl. Prta del Mar, 3;03002 Alicante;;965 14 70 21;https://www.melia.com/en/hotels/spain/alicante/hotel-spa-porta-maris-by-melia?utm_campaign=google&utm_content=0313&utm_medium=organic&utm_source=directories;4.4;0;;
Parque de Berlín;Parque;Av. de Ramón y Cajal, 2;28016 Madrid;;;https://escapemadrid.es/index.php/parque-de-berlin/;4.4;0;;
Parque del Oeste Valencia;Parque;Avenida del Cid, 35 y;46018 València;;;https://jardins.valencia.es/es/jardin/parque-del-oeste;4.4;0;;
CENTRO VETERINARIO ES FORTÍ;Veterinario;joans pons i;Balearic Islands;;689 87 99 11;;4.4;0;;
Troylo;Comercio;Amadeo Deprit Kalea, 8;Bizkaia;;680 28 30 45;https://troylo.es/;4.4;0;;
Paw Park Palace;Peluquero de mascotas;315 S French Ave;Estados Unidos;;+1 407-323-2700;http://pawparkpalace.com/;4.4;0;;
Border Animal Hospital;Guardería canina;617 S International Blvd;Estados Unidos;;+1 956-968-3858;https://www.borderanimalhospital.com/;4.4;0;;
Nutrízoo;Tienda de productos para mascotas;C. Lope de Rueda, 35;29190 Málaga;;951 77 49 26;;4.4;0;;
Parque de la Devesa;Parque local;Passeig de la Devesa, 38;17007 Girona;;;;4.4;0;;
Residencia Canina Los Valles | Adiestramiento Canino;Guardería canina;Senda de Taragudo;Valladolid;;666 83 00 69;https://residenciacaninalosvalles.com/;4.4;0;;
ASOCIACIÓN MURCIANA DE RESCATE DE ANIMALES MARA;Protectora de animales;Ctra. de Pliego;Murcia;;621 29 50 28;;4.4;0;;
Meijer;Tienda de productos para mascotas;2951 Heartland Xing Blvd;Estados Unidos;;+1 270-359-7500;https://www.meijer.com/shopping/store-locator/288.html?cmpid=LM:Web::::05112021::GoogleGrocery;4.4;0;;
Uau by Marta Vila;Adiestrador canino;17185 Vilobí d'Onyar;Girona;;633 58 37 35;http://www.uau.cat/;4.4;0;;
Tiendanimal;Tienda de productos para mascotas;C. la Ziurrena;Biscay;;946 46 55 66;https://tiendas.tiendanimal.es/euskadi/bizkaia/baracaldo/tiendanimal-sestao-82?utm_medium=maps&utm_source=google;4.4;0;;
Parque de la Alegría;Parque;Cmo de Casabermeja, 43;29014 Málaga;;951 92 60 28;https://parquesyjardines.malaga.eu/es/parques-y-jardines-de-malaga/parques-recomendados/parque-de-la-alegria/index.html#.YgkbNt_MLIU;4.4;0;;
Novotel Barcelona City;Hotel;Avenida Diagonal;08018 Barcelona;;933 26 24 99;https://all.accor.com/lien_externe.svlt?goto=fiche_hotel&code_hotel=5560&merchantid=seo-maps-ES-5560&sourceid=aw-cen&utm_medium=seo%20maps&utm_source=google%20Maps&utm_campaign=seo%20maps;4.4;0;;
Platja De Blanes;playa;17300 Blanes;Girona;;;https://www.blanescostabrava.cat/pf/platja-de-blanes/;4.4;0;;
Veterinaria Mascotas y Forrajes;Hospital veterinario;C. Ave. Fresnos 1167;México;;+52 844 668 0775;https://www.facebook.com/VeterinariamascotasYForrajes/?locale=es_LA;4.4;0;;
Residencia Canina y Felina Ruta de la Plata - Sevilla;Guardería canina;Autovía Ruta de la Plata, Sal. 798;Sevilla;;630 36 30 79;https://www.residenciarutaplata.com/;4.4;0;;
Petit Palace Tres Cruces;Hotel;C. de las Tres Cruces, 6;28013 Madrid;;915 22 33 27;https://www.petitpalace.com/en/petit-palace-tres-cruces/?utm_source=google&utm_medium=organic&utm_campaign=MyBusiness&utm_content=TCR&origin_source=google&origin_medium=organic&origin_campaign=MyBusiness;4.4;0;;
Vigotudos;Adiestrador canino;Rúa Travesía de Vigo, 159;Pontevedra;;886 29 04 71;;4.4;0;;
Balmesvet Veterinaris Hospital 24 H.;Hospital veterinario;Carrer de Balmes, 205;08006 Barcelona;;931 17 31 73;https://www.balmesvet.com/;4.4;0;;
Pajarería mascotas la rambla;Tienda de animales;La Rambla, 8;Illes Balears;;971 71 39 04;https://mascotas-la-rambla.webnode.es/;4.4;0;;
Miscota;Tienda de productos para mascotas;Carrer de Sant Vicent Màrtir, 129;Valencia;;960 72 93 48;http://www.miscota.es/;4.4;0;;
Mix Mascotas;Tienda de productos para mascotas;P.º de Juan Carlos I, 19;47013 Valladolid;;983 13 70 32;http://mixmascotas.es/;4.4;0;;
OXXO EUCALIPTO;Tienda de productos para mascotas;Blvr. Venustiano Carranza 899;México;;+52 81 8320 2020;https://www.oxxo.com/?utm_source=google&utm_medium=organic&utm_campaign=gbp;4.4;0;;
Petit Palace Posada del Peine;Hotel;C. de Postas, 17;28012 Madrid;;915 23 81 51;https://www.petitpalace.com/en/petit-palace-posada-del-peine/?utm_source=google&utm_medium=organic&utm_campaign=MyBusiness&utm_content=POS&origin_source=google&origin_medium=organic&origin_campaign=MyBusiness;4.4;0;;
Parque de Benicalap;Parque;C/ d’Andreu Alfaro, 8;Valencia;;963 25 78 81;https://www.valencia.es/ayuntamiento/infociudad_accesible.nsf/vDocumentosWebListado/59223FF1F1818CC2C12572C20023FE89?OpenDocument&bdOrigen=&idapoyo=&nivel=8&lang=1;4.4;0;;
Hotel Catalonia Santa Justa;Hotel;Av. José Laguillo, 8;41003 Sevilla;;954 41 11 11;https://www.cataloniahotels.com/es/hotel/catalonia-santa-justa?mb=1&utm_source=googlemaps&utm_medium=organic&utm_campaign=TRJ;4.4;0;;
Aquazul Peluquería Canina;Peluquero de mascotas;Calle Belando, 6;03004 Alicante;;965 21 19 61;https://m.facebook.com/aquazul.peluqueriacanina/;4.4;0;;
Tiendanimal;Tienda de productos para mascotas;Camí dels Carlins, S/N;Girona;;972 90 08 05;https://tiendas.tiendanimal.es/cataluna/girona/salt/tiendanimal-espai-girones-salt-64?utm_medium=maps&utm_source=google;4.4;0;;
Medivet Clínica Veterinaria Juan de Herrera;Veterinario;C. de Juan de Herrera, 20;03004 Alicante;;965 20 38 11;https://www.medivetgroup.com/es-es/clinicas-veterinarias/juan-de-herrera/?utm_source=google&utm_medium=organic&utm_campaign=google_lpm_juan_de_herrera;4.4;0;;
Hotel Catalonia Málaga;Hotel;C/ Pacífico, 44;29004 Málaga;;952 17 50 60;https://www.cataloniahotels.com/es/hotel/catalonia-malaga?mb=1&utm_source=googlemaps&utm_medium=organic&utm_campaign=MLG;4.4;0;;
Petit Palace Arenal;Hotel;C. del Arenal, 16;28013 Madrid;;915 64 43 55;https://www.petitpalace.com/en/petit-palace-arenal/?utm_source=google&utm_medium=organic&utm_campaign=MyBusiness&utm_content=ARE&origin_source=google&origin_medium=organic&origin_campaign=MyBusiness;4.4;0;;
Kiwoko. Mundo Animal;Tienda de productos para mascotas;C. Alfonso Ponce de León, 3-2;29004 Málaga;;951 56 82 11;https://tiendas.kiwoko.com/andalucia/malaga/malaga/kiwoko-malaga-plaza-mayor-111?utm_medium=maps&utm_source=google;4.4;0;;
Platja de la Rovina;playa;Girona;Girona;;;;4.4;0;;
Hotel Soho Boutique Oviedo;Hotel;Calle Mendizábal, 1;Asturias;;985 20 93 96;https://www.sohohoteles.com/destinos/hotel-soho-boutique-oviedo-3/;4.4;0;;
Plaza de La Feixina;Parque;Avinguda Argentina, s/n;Illes Balears;;971 22 59 00;http://palma.cat/;4.4;0;;
Guaw;Tienda de productos para mascotas;C. de Andrés Mellado, 4;28015 Madrid;;910 49 87 71;https://guaw.com/?utm_source=google&utm_medium=gmb&utm_campaign=princesa;4.4;0;;
Bosque Urbano Oriente;Parque ecológico;Calz. Juan Pablo II;México;;;https://es-la.facebook.com/BosqueUrbanoDeTorreon/;4.4;0;;
Tessa Estética Canina;Peluquero de mascotas;Plaza Carranza Blvd. Venustiano Carranza #3075 colonia Kiosco Local 23;México;;+52 844 405 2220;;4.4;0;;
UrbanPet Valencia;Tienda de productos para mascotas;C/ d'Osca, 4, bajo izquierda;Valencia;;672 25 85 47;;4.4;0;;
Centro Clínico Veterinario Indautxu;Hospital veterinario;Uribarri;Biscay;;944 67 72 93;https://www.anicura.es/clinicas/indautxu-centro-veterinario/;4.4;0;;
La Casa de la Costurera;Bed & Breakfast;C. San Basilio, 40;14004 Córdoba;;646 81 20 47;https://elpatiodelacosturera.com/;4.4;0;;
Clínica Veterinaria Metropólitan;Veterinario;Carrer Benet Pons i Fàbregues, 3;Illes Balears;;971 24 74 84;http://www.clinicametropolitan.com/;4.4;0;;
Clínica Veterinaria Jeremías;Veterinario;C. del Catedrático Daniel Jiménez de Cisneros, 17;03012 Alicante;;965 24 66 45;https://www.clinicaveterinariajeremias.es/es/;4.4;0;;
CLINICA VETERINARIA TANZANIA;Veterinario;C. Montero Ríos, 31;03012 Alicante;;965 25 43 05;https://tanzaniavet.es/;4.4;0;;
Tiendanimal;Tienda de productos para mascotas;C. Bolulla, 23;03009 Alicante;;960 43 02 05;https://tiendas.tiendanimal.es/comunidad-valenciana/alicante/alicante/tiendanimal-rabasa-alicante-8?utm_medium=maps&utm_source=google;4.4;0;;
Madagascar Mascotas - Centro;Peluquero de mascotas;C. Pintor Cabrera, 3;03003 Alicante;;965 26 87 25;https://www.madagascarmascotas.com/;4.4;0;;
Cheney Animal Clinic;Veterinario;455 Cheney Hwy;Estados Unidos;;+1 321-269-0536;http://www.cheneyanimalclinic.org/;4.4;0;;
Parque Residencial Las Palmas;Parque;Las Palmas;México;;;;4.4;0;;
Broadway Animal Hospital;Hospital veterinario;886 Chapel St;Estados Unidos;;+1 407-365-7297;;4.4;0;;
Soho Boutique Córdoba;Hotel;Av. de América, 19;14008 Córdoba;;957 10 41 94;https://www.petitpalace.com/es/soho-boutique-cordoba/?utm_source=google&utm_medium=organic&utm_campaign=MyBusiness&origin_source=google&origin_medium=organic&origin_campaign=MyBusiness;4.4;0;;
Parque de las Moreras;Parque;P.º de Marcelino Martín ''El Catarro'', 18;47003 Valladolid;;;http://www.valladolid.es/;4.4;0;;
COOKI PET SHOP;Tienda de productos para mascotas;Avinguda de Sant Ferran, 40;Illes Balears;;871 53 44 65;;4.4;0;;
Kiwoko. Mundo Animal;Tienda de productos para mascotas;C. de Bravo Murillo, 194;28020 Madrid;;912 03 83 24;https://tiendas.kiwoko.com/comunidad-de-madrid/madrid/madrid/kiwoko-madrid-bravo-murillo-105?utm_medium=maps&utm_source=google;4.4;0;;
Only YOU Hotel Málaga;Hotel;Alameda Principal, 1;29001 Málaga;;951 39 00 69;https://www.onlyyouhotels.com/hoteles/only-you-hotel-malaga?partner=10214&utm_source=organic&utm_medium=mybusiness&utm_campaign=EC_ES_onlymalaga;4.4;0;;
Animales De Compañía Tucán;Tienda de productos para mascotas;Carrer del Marquès de la Fontsanta, 38;Illes Balears;;971 24 82 52;http://www.animalesdecompaniatucan.com/;4.4;0;;
Farmacia Y Clinica Veterinaria Parga;Farmacia veterinaria;Zaragoza 1013;México;;+52 868 812 6332;;4.4;0;;
Mircat Salt;Tienda de productos para mascotas;Carrer del Pla de Salt, 20;Girona;;972 43 91 11;https://www.mircat.cat/ca/botigues/;4.4;0;;
La Quinta by Wyndham Ciudad Juárez Near US Consulate;Hotel;Av. Ejército Nacional 8211;México;;+52 656 648 0333;https://www.wyndhamhotels.com/laquinta/ciudad-juarez-mexico/lq-hotel-cd-juarez-near-us-consulate/overview?CID=LC:6ysy27krtpcrqev:52737&iata=00093796;4.4;0;;
Tiendanimal;Tienda de productos para mascotas;Av. del Arcángel, s/n;14010 Córdoba;;857 80 12 73;https://tiendas.tiendanimal.es/andalucia/cordoba/cordoba/tiendanimal-el-arcangel-cordoba-19?utm_medium=maps&utm_source=google;4.4;0;;
Parque de Miraflores;Parque;Av. las Asociaciones de Vecinos, 21;41008 Sevilla;;;https://www.sevilla.org/servicios/medio-ambiente-parques-jardines/parques/parques-urbanos/parque-de-miraflores;4.4;0;;
Tropiacuarium Bilbao;Tienda de acuarios;Juan de Garay Kalea, 25;Bizkaia;;944 22 06 24;http://www.tropiacuarium.com/;4.4;0;;
Tienda de Animales Shopmascotas Rastro;Tienda de animales;Calle de la Ribera de Curtidores 18 local centro;28005 Madrid;;915 27 88 56;http://shopmascotas18.wixsite.com/shopmascotas;4.4;0;;
Petit Palace Museum;Hotel;Carrer de la Diputació, 250;08007 Barcelona;;933 04 00 87;https://www.petitpalace.com/en/petit-palace-museum/?utm_source=google&utm_medium=organic&utm_campaign=MyBusiness&utm_content=MUS&origin_source=google&origin_medium=organic&origin_campaign=MyBusiness;4.4;0;;
Animal Style Napols;Peluquero de mascotas;Carrer de Provença, 373;08025 Barcelona;;935 32 26 89;;4.4;0;;
Pet Shower | Autolavado de mascotas | Lava tu mismo a tu perro;Peluquero de mascotas;C. Pravia, 1, Bajo n 2;Asturias;;;https://instagram.com/pet_shower_spain?igshid=zzuhq28nlnsx;4.4;0;;
GWANA VET Veterinario Exóticos;Hospital veterinario;C. de Gutierre de Cetina, 19;28017 Madrid;;917 12 87 29;https://veterinarioexoticosmadrid.com/;4.4;0;;
Pet Supermarket;Tienda de productos para mascotas;3939 N Federal Hwy;Estados Unidos;;+1 954-561-0951;https://www.petsupermarket.com/storelocator/?storeId=101;4.4;0;;
Residencia universitaria Continental;Hotel;Baixada Fonte;Pontevedra;;986 22 07 64;https://www.residenciauniversitariacontinental.es/;4.4;0;;
BCN Clinica Veterinaria;Veterinario;Carrer del Segle XX, 7;08041 Barcelona;;934 08 61 04;http://www.vidavet.es/;4.4;0;;
Playa de Madrid Río;Centro de recreo;Av del Manzanares, 140;28019 Madrid;;;;4.4;0;;
Parque Canino;Parque para perros;P.º de Fernán Núñez, 6;28009 Madrid;;;;4.4;0;;
Platges de Barcelona;playa;Sant Martí;Barcelona;;;;4.4;0;;
Tiendanimal;Tienda de productos para mascotas;Praza Estación, 1;Pontevedra;;986 09 07 90;https://tiendas.tiendanimal.es/pontevedra/vigo/tiendanimal-vigo-vialia-67?utm_medium=maps&utm_source=google;4.4;0;;
ibis budget Valencia Centro Puerto;Hotel;29 Juan Verdeguer St;Valencia;;960 04 69 58;https://all.accor.com/lien_externe.svlt?goto=fiche_hotel&code_hotel=B4B2&merchantid=seo-maps-Spain-B4B2&sourceid=aw-cen&utm_medium=seo%20maps&utm_source=google%20Maps&utm_campaign=seo%20maps;4.4;0;;
B&B Barcelona | Fashion House;Bed & Breakfast;Carrer del Bruc, 13, Principal;08010 Barcelona;;637 90 40 44;http://www.bcnfashionhouse.com/;4.4;0;;
Miscota;Tienda de productos para mascotas;Avinguda de la Generalitat Valenciana, 18;Valencia;;963 21 98 02;http://www.miscota.es/;4.4;0;;
Kechy;Peluquero de mascotas;C. Moncayo, 6;30009 Murcia;;633 68 90 35;;4.4;0;;
Parque para perros;Parque para perros;Av. de Peris i Valero, 19;Valencia;;;https://www.valencia.es/cas/la-ciudad/parques-urbanos;4.4;0;;
OXXO ANDALUCIA;Tienda de productos para mascotas;Mexicali 222 Unica Esquina, Carretera Libre Tecate, C. Valladolid Supermanzana Sobre;México;;+52 81 8320 2020;https://www.oxxo.com/?utm_source=google&utm_medium=organic&utm_campaign=gbp;4.4;0;;
Meijer;Tienda de productos para mascotas;1810 Nagel Rd;Estados Unidos;;+1 440-695-2428;https://www.meijer.com/shopping/store-locator/308.html?cmpid=LM:Web::::05112021::GoogleGrocery;4.4;0;;
Hotel Catalonia Conde De Floridablanca;Hotel;C. Princesa, 18;30002 Murcia;;968 21 46 26;https://www.cataloniahotels.com/es/hotel/catalonia-conde-de-floridablanca?mb=1&utm_source=googlemaps&utm_medium=organic&utm_campaign=FLO;4.4;0;;
Sercotel Rosaleda Málaga;Hotel;Av. de Luis Buñuel, 14;29009 Málaga;;851 94 03 00;https://www.sercotelhoteles.com/es/hotel-rosaleda-malaga?utm_source=google&utm_medium=referral&utm_campaign=metasearch-links;4.4;0;;
Petit Palace Puerta de Triana;Hotel;C. Reyes Católicos, 5;41001 Sevilla;;954 21 62 59;https://www.petitpalace.com/en/petit-palace-puerta-de-triana/?utm_source=google&utm_medium=organic&utm_campaign=MyBusiness&utm_content=TRI&origin_source=google&origin_medium=organic&origin_campaign=MyBusiness;4.4;0;;
Platja de Sant Feliu;playa;Plaça Sant Pere, 4;Girona;;;https://www.visitguixols.com/ca/cales-i-platges.html;4.4;0;;
Oxxo Más palomas;Tienda de productos para mascotas;Via Alcala;México;;+52 81 8320 2020;https://www.oxxo.com/?utm_source=google&utm_medium=organic&utm_campaign=gbp;4.4;0;;
Asociación Protectora de Animales La Madrileña;Protectora de animales;;;;;http://www.lamadrilena.org/;4.4;0;;
Centro canino La Malena;Peluquero de mascotas;VA-505, 10;Valladolid;;625 79 37 53;http://centrocaninolamalena.es/;4.4;0;;
Animalia;Tienda de animales;Av. de Castelao, 15;Pontevedra;;986 20 27 15;http://animaliavigo.com/;4.4;0;;
MENUTS PELUTS;Tienda de animales;Carrer de Jaume Balmes, 23;Illes Balears;;871 96 53 66;;4.4;0;;
Animal Sapiens Girona;Tienda de productos para mascotas;Carrer del Pla de Salt, 12;Girona;;972 40 66 86;https://www.animalsapiens.cat/;4.4;0;;
ZODIACAN ADIESTRAMIENTO;Adiestrador canino;Av. Conchita la Comadrona, s/n;Murcia;;625 92 59 56;https://www.facebook.com/zodiacan/;4.4;0;;
Peluquería Canina CanDog;Peluquero de mascotas;Plaça de Gal·la Placídia, 8;08006 Barcelona;;689 11 44 09;http://www.candog.cat/;4.4;0;;
Hotel Matilde Las Palmas;Hotel;C. Juan Rejón, 73;Las Palmas;;928 47 12 96;http://hotelmatildelaspalmas.com/;4.4;0;;
PetSmart;Tienda de productos para mascotas;24965 Pico Canyon Rd;Estados Unidos;;+1 661-260-3990;https://www.petsmart.com/stores/us/ca/stevenson-ranch-store0100.html?utm_source=google&utm_medium=organic&utm_campaign=google-my-business;4.4;0;;
Mascoterra Ayala | Tienda para animales en Málaga;Tienda de productos para mascotas;Calle Ayala, 82;29002 Málaga;;951 15 27 14;http://www.mascoterra.es/;4.4;0;;
Hotel Paral·lel;Hotel;Carrer del Poeta Cabanyes, 5 -7;08004 Barcelona;;933 29 11 04;https://www.hotelparalel.com/;4.4;0;;
Farmacia Guadalajara;Tienda de comestibles, periódicos y medicamentos;C. París 330, entre Calle Sevilla;México;;+52 644 432 2391;http://www.farmaciasguadalajara.com.mx/;4.4;0;;
The Urban Jungle Hostel;Albergue;C. Niño de Guevara, 8;29008 Málaga;;951 54 29 63;https://urbanjunglehostel.com/;4.4;0;;
Hotel Ibis Barcelona Centro (Sagrada Familia);Hotel;Hb004593;08013 Barcelona;;932 08 05 36;https://all.accor.com/lien_externe.svlt?goto=fiche_hotel&code_hotel=7567&merchantid=seo-maps-ES-7567&sourceid=aw-cen&utm_medium=seo%20maps&utm_source=google%20Maps&utm_campaign=seo%20maps;4.4;0;;
SOS Animal Mallorca;Refugio para animales;Camino Sa Canera, 11;Illes Balears;;622 63 58 95;http://www.sos-animal-mallorca.org/;4.4;0;;
Madagascar Mascotas;Peluquero de mascotas;Avinguda de Dénia, 197;Alicante;;965 26 87 25;https://www.madagascarmascotas.com/;4.4;0;;
Playa de las Moreras;Parque;47003 Valladolid;47003 Valladolid;;;;4.4;0;;
Andrea's Animal Rescue & The Henrietta Foundation;Tienda de descuento;Av. Constitución, 57;Murcia;;;;4.4;0;;
AniCura Valencia Sur Hospital Veterinario;Hospital veterinario;Av. de Picassent, 28;Valencia;;961 20 38 05;https://www.anicura.es/clinicas/valencia-sur-hospital-veterinario/referencia-veterinaria/;4.4;0;;
La Casa del Perro;Guardería canina;Gatzarriñe Kalea, 36A;Bizkaia;;946 76 55 79;http://lacasadelperro.es/;4.4;0;;
Novotel Suites Málaga Centro;Hotel;C. San Jacinto, 7;29007 Málaga;;952 61 42 96;https://all.accor.com/lien_externe.svlt?goto=fiche_hotel&code_hotel=6759&merchantid=seo-maps-ES-6759&sourceid=aw-cen&utm_medium=seo%20maps&utm_source=google%20Maps&utm_campaign=seo%20maps;4.4;0;;
Centro Veterinario UMV;Veterinario;Carrer Polop, 16;Alicante;;965 18 51 50;https://centroveterinarioumv.es/;4.4;0;;
Albergue De Animales;Refugio para animales;Lugar la Condesa, 139;30592 Murcia;;682 30 89 58;https://lipsrescue.com/;4.4;0;;
Rancho Caninos Dog Park;Parque para perros;30940 Hawthorne Blvd;Estados Unidos;;+1 310-544-5260;http://www.rpvca.gov/188/Rancho-Caninos-Dog-Park;4.4;0;;
Oxxo Córdoba;Tienda de productos para mascotas;Juan Pablo II;México;;+52 81 8320 2020;https://www.oxxo.com/?utm_source=google&utm_medium=organic&utm_campaign=gbp;4.4;0;;
Hostal Ventura Premium;Alojamiento con servicio;C. San Fernando, 10, planta 5 derecha;03002 Alicante;;965 03 96 58;https://www.venturapremium.com/;4.4;0;;
Servicio Veterinario A Domicilio 24 Horas;Veterinario;Carrer Joan Pons Marquès, 4A;Illes Balears;;689 87 99 11;;4.4;0;;
Canino Fuengirola Park;Parque para perros;C. Alcalá Galiano, 106;Málaga;;;https://instagram.com/guau.guau.lounge?igshid=NGVhN2U2NjQ0Yg==;4.4;0;;
Parque Teniente Guerrero;Parque;C. Carrillo Puerto 3ra 7428;México;;;;4.4;0;;
Hyatt Regency Barcelona Tower;Hotel;Avinguda de la Granvia de l’Hospitalet, 144;08907 Barcelona;;934 13 50 00;https://www.hyatt.com/hyatt-regency/en-US/bcnrb-hyatt-regency-barcelona-tower?src=corp_lclb_google_seo_bcnrb&utm_source=google&utm_medium=organic&utm_campaign=lmr;4.4;0;;
Clínica Veterinaria Los Galgos;Veterinario;C. José Zorrilla, 1;Valladolid;;983 80 34 91;http://www.clinicaveterinarialosgalgos.com/;4.4;0;;
Miscota;Tienda de productos para mascotas;Av. Washington, 45;29006 Málaga;;951 57 21 97;http://www.miscota.es/;4.4;0;;
Hotel ibis Madrid Centro;Hotel;C. de Manuela Malasaña, 6;28004 Madrid;;914 48 58 16;https://sys-rsrv.com/hotel-ibis-madrid-centro/;4.4;0;;
Pelitos Peluqueria Canina;Peluquero de mascotas;C. de la Corona de Aragón, 41;50009 Zaragoza;;695 51 33 99;http://www.pelitospeluqueriacanina.es/;4.4;0;;
Saratoga Creek Dog Park, San Jose, CA;Parque para perros;5399 Graves Ave;Estados Unidos;;;;4.4;0;;
Peluquería Canina Rulos;Centro de estética;Carrer del Marquès de la Sènia, 6;Illes Balears;;674 35 74 25;http://www.rulosmascotas.es/;4.4;0;;
Playa del Bogatell;playa;Sant Martí;Barcelona;;;;4.4;0;;
Altarriba Amigos de Los Animales;Protectora de animales;;;;934 12 00 73;http://www.altarriba.org/;4.4;0;;
Los Patios de la Juderia;Apartamento turístico;C. Martínez Rucker, 12;14003 Córdoba;;607 82 22 58;http://www.lospatiosdelajuderia.com/;4.4;0;;
PELUQUERÍA CANINA ALICANTE VANITY PETS;Peluquero de mascotas;C. Aureliano Ibarra, Nº8, Local;03009 Alicante;;965 04 45 61;https://instagram.com/vaniitypets;4.4;0;;
Pajareria Son Gotleu;Pajarería;Carrer Santa Florentina, 44;Illes Balears;;656 75 23 23;;4.4;0;;
Miscota;Tienda de productos para mascotas;Cam. Suárez, 64;29010 Málaga;;951 74 38 80;http://www.miscota.es/;4.4;0;;
Universo Canino;Peluquero de mascotas;C. de Uncastillo, 4;50008 Zaragoza;;640 93 56 69;https://www.facebook.com/universocaninozgz/;4.4;0;;
Tractor Supply Co.;Tienda de productos para mascotas;7735 N Casa Grande Hwy;Estados Unidos;;+1 520-579-4303;https://www.tractorsupply.com/tsc/store_Tucson-AZ-85743_1846;4.4;0;;
Barceló Murcia Siete Coronas;Hotel;P.º de Garay, 5;30003 Murcia;;968 21 77 74;https://www.barcelo.com/es-es/barcelo-murcia-siete-coronas/?utm_source=google&utm_medium=organic&utm_campaign=my_business&utm_content=7277;4.4;0;;
Hospital Veterinario Montjuïc;Hospital veterinario;Carrer de Mèxic, 30;08004 Barcelona;;934 23 77 11;http://www.hvmontjuic.com/;4.4;0;;
Playa de la Arena;playa;Vizcaya;Vizcaya;;;;4.4;0;;
Generator Madrid;Albergue;C. de San Bernardo, 2;28013 Madrid;;910 47 98 00;https://staygenerator.com/hostels/madrid?utm_source=google-my-business&utm_medium=organic&utm_campaign=hostel-Madrid;4.4;0;;
AZZ Sevilla Torre de la Plata Apartamentos;Hotel;C. Santander, 15;41001 Sevilla;;650 02 49 06;https://www.azzhoteles.com/es/azz-sevilla-torre-de-la-plata/;4.4;0;;
Residencia Canina El Rocater;Guardería canina;Disseminat Sant Daniel;17007 Girona;;622 37 73 47;https://sites.google.com/site/residenciacaninaelrocateresp/;4.4;0;;
Parque del Tercer Depósito;Parque;Av. de Pablo Iglesias, 9;28003 Madrid;;;http://www.esmadrid.com/informacion-turistica/parque-de-santander;4.4;0;;
Playa Cala del Pedrigolet;Playa pública;Passeig Dr. Pi i Llussà, 2;Girona;;;;4.4;0;;
Platja per a gossos Malgrat de Mar;Parque;Camí de la Pomereda, 1;Barcelona;;937 65 33 00;https://www.ajmalgrat.cat/;4.4;0;;
Clínica Veterinaria la Florida;Veterinario;Carrer Rigel, 43;Alicante;;965 28 71 84;https://veterinarialaflorida.com/;4.4;0;;
Centro de Bienestar animal;Ayuntamiento de la localidad;Córdoba - Puebla 151;México;;+52 271 714 7526;https://cordoba.gob.mx/sala-de-prensa/llama-centro-de-bienestar-animal-al-cuidado-responsable-de-animales;4.4;0;;
Hotel Inglaterra;Hotel;Pl. Nueva, 7;41001 Sevilla;;954 22 49 70;http://www.hotelinglaterra.es/;4.4;0;;
Oxxo Miguel de la Madrid;Tienda de productos para mascotas;Miguel De La Madrid 3003 Fco. Coss, C. Peatonal Policarpo Cárdenas Manzana Y Policarpio;México;;+52 81 8320 2020;https://www.oxxo.com/?utm_source=google&utm_medium=organic&utm_campaign=gbp;4.4;0;;
Brand Park Memory Garden;Jardín;15177 S Brand Blvd;Estados Unidos;;+1 818-361-1377;https://www.laparks.org/park/brand;4.4;0;;
Escuela Canina Valladolid;Adiestrador canino;C. de Manuel Azaña, 21;47014 Valladolid;;638 80 42 81;https://ecanformacion.com/escuela-canina-valladolid/;4.4;0;;
RASS MASCOTAS RASS MASCOTAS;Tienda de animales;Landaorlegi Kalea, s/n;Bizkaia;;944 73 52 24;;4.4;0;;
Petit Palace Canalejas;Hotel;C. Canalejas, 2;41001 Sevilla;;954 22 64 00;https://www.petitpalace.com/es/petit-palace-canalejas/?utm_source=google&utm_medium=organic&utm_campaign=MyBusiness&utm_content=CAN&origin_source=google&origin_medium=organic&origin_campaign=MyBusiness;4.4;0;;
Playa perros Es Carnatge;Parque para perros;Carrer Prol Denton, 52;Balearic Islands;;;;4.4;0;;
Sam's Club;Autoservicio mayorista;Av. Reforma;México;;+52 800 999 7267;https://www.sams.com.mx/?utm_source=google&utm_medium=gbp&utm_campaign=local;4.4;0;;
Interzoo Serrería Valencia;Tienda de animales;Carrer de la Serradora, 34B;Valencia;;963 55 57 44;http://www.interzoo.es/;4.4;0;;
Playa de Azcorri;playa;;Playa de Azcorri;;;;4.4;0;;
Hospital Veterinari Balmes;Veterinario;Carrer de Balmes, 81;08008 Barcelona;;934 53 98 79;http://www.hospitalveterinaribalmes.com/?utm_source=google&utm_medium=organic&utm_campaign=VPES23;4.4;0;;
Hospital Veterinario - Las Palmas e Hipódromo;Hospital veterinario;Av. las Palmas 4721;México;;+52 664 681 6856;https://www.facebook.com/VeterinariaPH/;4.4;0;;
Parque de la Riera;Parque;C. de Joan Dameto, s/n;Illes Balears;;;;4.4;0;;
Wildcatters Dog Park;Parque para perros;3450 E Santa Fe Rd;Estados Unidos;;;http://www.ci.brea.ca.us/Index.aspx?NID=729;4.4;0;;
Cala Maset;playa;Carretera de Sant Pol, 671;Girona;;;;4.4;0;;
Village Green Dog Park;Parque para perros;555 San Antonio Rd;Estados Unidos;;;;4.4;0;;
Best Western Plus Chihuahua Aeropuerto;Hotel;Vialidad Ch-P 8800;México;;+52 614 420 9000;https://www.bestwestern.com/es_ES/book/hotel-rooms.70189.html?aff=BMX&iata=00171880&ssob=BLBWI0004G&cid=BLBWI0004G:google:gmb:70189;4.4;0;;
Apartamentos Plaza Picasso;Apartamento turístico;Carrer de Góngora, 6;Valencia;;963 46 28 49;http://www.plazapicasso.com/;4.4;0;;
Casual del Mar Málaga;Hotel;Av. de la Aurora, 9;29002 Málaga;;952 00 78 88;https://www.casualhoteles.com/casual-del-mar-malaga.html?utm_source=gbp&utm_medium=organic&utm_term=sp&utm_id=mar-malaga;4.4;0;;
De La Torre Clínica Veterinaria;Veterinario;Paseo Tomás Morales 94;Las Palmas;;699 23 82 42;http://www.clinicaveterinariadelatorre.com/;4.4;0;;
Centro Veterinario Sanican;Peluquero de mascotas;C. San Juan de Ávila, 2;41002 Sevilla;;683 32 94 53;http://www.centroveterinariosanican.com/;4.4;0;;
Downey Dog Park;Parque para perros;10107 Flowers Ave;Estados Unidos;;+1 407-254-9180;http://www.ocfl.net/CultureParks/Parks.aspx#.WDhJ5ctOnqA;4.4;0;;
Mascotiti Hospital Veterinario Ciudad Lineal – Urgencias 24h;Veterinario;C. de Emilio Ferrari, 92;28017 Madrid;;912 40 41 50;https://www.mascotiti.es/;4.4;0;;
Hotel NH Collection Gran Hotel de Zaragoza;Hotel;Calle de Joaquín Costa, 5;50001 Zaragoza;;916 00 81 46;https://www.nh-hotels.com/en/hotel/nh-collection-gran-hotel-de-zaragoza?utm_campaign=local-gmb&utm_medium=organic_search&utm_source=google_gmb;4.4;0;;
Michaels;Tienda de artesanías;1313 George Dieter Ste C Las Palmas Marketplace;Estados Unidos;;+1 915-629-9577;https://locations.michaels.com/TX/El%20Paso/1672/?utm_source=Google&utm_medium=Maps&utm_campaign=Google+Places;4.4;0;;
Estilismo canino Rentigos By Anna Paradeda;Peluquero de mascotas;Carrer Migdia, 90, 92;17003 Girona;;972 41 23 92;;4.4;0;;
Lliga per a la protecció d'animals i plantes de Barcelona;Protectora de animales;Carrer del Guarda Anton, 10;08035 Barcelona;;934 17 01 24;http://www.protectorabcn.es/;4.4;0;;
Eduka-dog;Adiestrador canino;Paraje Casillas de la Luz, 26;30833 Murcia;;645 41 65 95;;4.4;0;;
Guardeperretes;Guardería canina;Av. de Andalucia;Sevilla;;644 19 43 67;;4.4;0;;
Veterinaria El Arca de Tali;Veterinario;Perimetral Norte, entre Rincón del Atlántico y Rincón de la Fama S/N;México;;+52 81 1189 2232;;4.4;0;;
Apollo Beach Preserve;Reserva natural;6760 Surfside Blvd;Estados Unidos;;+1 813-672-7876;https://www.hillsboroughcounty.org/en/locations/apollo-beach-preserve;4.4;0;;
Parque para perros;Parque para perros;Av. de Daroca, 99;28017 Madrid;;;;4.4;0;;
Magnum and Friends;Peluquero de mascotas;Carrer d'Andrea Doria, 12A;Illes Balears;;971 45 21 61;http://www.magnumandfriends.com/;4.4;0;;
Cerrado Temporalmente por TRASLADO;Asociación u organización;;;;;https://www.cerradotemporalmente.com/;4.4;0;;
Parque Canino Parque del Oeste;Parque para perros;7,;29004 Málaga;;951 92 60 28;http://parquesyjardines.malaga.eu/;4.4;0;;
Mobil Food Market;Gasolinera;3220 W State Rd 426;Estados Unidos;;+1 321-972-8011;;4.4;0;;
Hotels Ultonia Girona;Hotel;Gran Via de Jaume I, 22;17001 Girona;;972 20 38 50;https://hotelsultoniagirona.com/;4.4;0;;
Zurican;Guardería canina;Ctra. de Sax, 3;03658 Alicante;;616 03 26 95;http://www.zurican.com/;4.4;0;;
Can Bruch;Guardería canina;Camí de la bòbila;Girona;;639 31 31 35;http://www.pomeraniascanbruch.com/;4.4;0;;
Selvätica - Clínica Veterinaria de animales exóticos;Veterinario;C/ de Dolores Marqués, 31;Valencia;;963 26 97 10;http://www.selvatica.es/;4.4;0;;
Hotel NH Ciudad de Zaragoza;Hotel;Av. de César Augusto, 125;50003 Zaragoza;;916 00 81 46;https://www.nh-hotels.com/en/hotel/nh-ciudad-de-zaragoza?utm_campaign=local-gmb&utm_medium=organic_search&utm_source=google_gmb;4.4;0;;
ILUNION Alcalá Norte;Hotel;C. de San Romualdo, 30;28037 Madrid;;917 54 84 00;https://www.ilunionhotels.com/hoteles/ilunion-alcala-norte?partner=5989&sel=sel:nf-gmb:nm-organic:kwp-:nc-:fe-:fm-:mp-:id-5989;4.4;0;;
Veterinaria El Ángel;Veterinario;Venustiano Carranza 148;México;;+52 844 232 8780;https://www.facebook.com/profile.php?id=100063497021878&mibextid=ZbWKwL;4.4;0;;
OXXO GRANADA;Tienda de productos para mascotas;Calz. Gomez Morin Y Av. Galapagar 489, C. Granada;México;;+52 81 8320 2020;https://www.oxxo.com/?utm_source=google&utm_medium=organic&utm_campaign=gbp;4.4;0;;
Playa del Faro de Sant Cristòfol;Playa pública;Platja del Far de Sant Cristòfol, 08800;Barcelona;;938 15 45 17;http://www.vilanovaturisme.cat/ca/ciutat/Que-Fer/Mar-i-Platges/Platja-del-Far-de-Sant-Cristofol;4.4;0;;
Clinica Veterinaria My Pets 🐈‍⬛👩🏻‍⚕️🐕❤️;Médico;frente a ferretería Reyna;México;;+52 81 1989 9790;;4.4;0;;
aquatropolis;Tienda de acuarios;La Rambla, 4;Illes Balears;;971 72 88 25;http://aquatropolis.es/quienes-somos.php;4.4;0;;
BigBadToyStore, Inc.;Juguetería;321 Smc Dr;Estados Unidos;;+1 888-980-2287;http://www.bigbadtoystore.com/;4.4;0;;
Waldos plaza las palmas;Supermercado de descuentos;Francisco Villa 601;México;;+52 722 226 1459;https://waldos.com.mx/pages/sucursales;4.4;0;;
Hotel Casa de los Naranjos;Hotel;C. Isabel Losa, 8;14001 Córdoba;;957 47 05 87;https://www.casadelosnaranjos.com/;4.4;0;;
Platja de la Ribera;playa;Girona;Girona;;;;4.4;0;;
Lucas & Lola Dog Family;Tienda de productos para mascotas;C. de Blasco de Garay, 2;28015 Madrid;;917 31 06 52;https://lucasylola.es/;4.4;0;;
Clinica Veterinaria Zorroza;Comercio;Zorrotza Kastrexana Errepidea, 25;Bizkaia;;944 42 20 98;https://clinicaveterinariaabereen.es/;4.4;0;;
Residència Canina i Felina "Von Falkenau";Guardería canina;Camí de Son Lluch, parcela 81;Illes Balears;;617 50 80 46;http://www.residencia-canina-mallorca.com/;4.4;0;;
Platja de Belladona;playa;Girona;Girona;;;;4.4;0;;
Sociedad Protectora De Animales Y Plantas De Sevilla;Veterinario;C. Hespérides, 8, LOCAL;41008 Sevilla;;954 90 66 62;http://www.spaps.es/;4.4;0;;
Hesperia Córdoba;Hotel;Av. Fray Albino, 1;14009 Córdoba;;857 70 34 18;https://www.hesperia.com/es/hoteles/espana/cordoba/hotel-hesperia-cordoba?utm_source=GMBcordoba&utm_medium=organic;4.4;0;;
Parque de la Guineueta;Parque;Carrer de l'Artesania, 52;08042 Barcelona;;;;4.4;0;;
Parque;Parque;Peral #100, Col;México;;;;4.4;0;;
BoxLunch;Tienda de regalos;350 Los Cerritos Center RM C12B;Estados Unidos;;+1 562-402-2501;https://www.boxlunch.com/stores-details?StoreId=4523;4.4;0;;
Arbor Dog Park;Parque para perros;1405 N Grant St;Estados Unidos;;+1 407-260-3497;https://m.facebook.com/Arborparkdogpark/;4.4;0;;
Soho Boutique Sevilla;Hotel;C. Javier Lasso de la Vega, 6;41002 Sevilla;;955 44 08 51;https://www.petitpalace.com/en/soho-boutique-sevilla/?utm_source=google&utm_medium=organic&utm_campaign=MyBusiness&origin_source=google&origin_medium=organic&origin_campaign=MyBusiness;4.4;0;;
Madagascar Mascotas Playa San Juan;Tienda de productos para mascotas;Av. Historiador Vicente Ramos, 14;03540 Alicante;;965 26 87 25;https://www.madagascarmascotas.com/;4.4;0;;
Underhill Animal Hospital;Veterinario;4900 Lake Underhill Rd;Estados Unidos;;+1 407-277-0927;https://underhillanimalhospital.com/;4.4;0;;
Hotel ibis Styles Barcelona City Bogatell;Hotel;Carrer de Llull, 71, Hb004742;08005 Barcelona;;934 83 37 48;https://all.accor.com/lien_externe.svlt?goto=fiche_hotel&code_hotel=9663&merchantid=seo-maps-ES-9663&sourceid=aw-cen&utm_medium=seo%20maps&utm_source=google%20Maps&utm_campaign=seo%20maps;4.4;0;;
Hostal Balcón Al Mar;Bed & Breakfast;C/ de Joan Josep Sister, 1;Valencia;;963 30 06 38;https://www.hostalbalconalmar.es/;4.4;0;;
GUSBORAL;Peluquero de mascotas;Carrer d'Aribau, 19;08011 Barcelona;;936 39 57 82;;4.4;0;;
hobby pet;Centro comercial;Ignacio López Rayon 2518;México;;+52 81 8088 7506;https://www.hobbypets.com.mx/;4.4;0;;
Tiendanimal;Tienda de productos para mascotas;C. Palencia, 5;29004 Málaga;;951 04 38 15;https://tiendas.tiendanimal.es/andalucia/malaga/malaga/tiendanimal-malaga-nostrum-malaga-16?utm_medium=maps&utm_source=google;4.4;0;;
Tiendanimal;Tienda de productos para mascotas;C. de López de Hoyos, 100;28002 Madrid;;910 38 14 21;https://tiendas.tiendanimal.es/comunidad-de-madrid/madrid/madrid/tiendanimal-lopez-de-hoyos-madrid-38?utm_medium=maps&utm_source=google;4.4;0;;
H-E-B Gonzalitos;Supermercado;Av. Dr. José Eleuterio González 315;México;;+52 81 8153 1621;https://www.heb.com.mx/;4.4;0;;
Perry Peluquería Canina;Peluquero de mascotas;Carretera frente num.;Valencia;;963 20 64 53;;4.3;0;;
Ad Hoc Monumental;Hotel;C/ de Boix, 4;Valencia;;963 91 91 40;http://www.adhochoteles.com/;4.3;0;;
Granero y veterinaria el grano de oro s.a de c.v. (Rosarito);Veterinario;22706, Carr. Libre Tijuana-Rosarito 174;México;;+52 661 100 1010;https://www.facebook.com/Graneroyveterinariaelgranodeoro;4.3;0;;
Hospital Veterinario Mediterráneo;Hospital veterinario;Av. del Mediterráneo, 14;28007 Madrid;;915 51 48 59;https://hospitalvetmediterraneo.es/;4.3;0;;
Ladran Gaucho;Tienda de productos para mascotas;C. Virgen de la Cinta, 20, Loc A;41011 Sevilla;;623 43 86 55;https://ladrangaucho.com/;4.3;0;;
Acolita2;Protectora de animales;;;;691 72 79 72;;4.3;0;;
Meijer;Tienda de productos para mascotas;2401 N Prospect Ave;Estados Unidos;;+1 217-353-4000;https://www.meijer.com/shopping/store-locator/146.html?cmpid=LM:Web::::05112021::GoogleGrocery;4.3;0;;
OXXO MIMIHUAPAN;Tienda de productos para mascotas;Miguel De La Madrid Y Calz. Mimihuapan 13891, Plutarco Elias Calles;México;;+52 81 8320 2020;https://www.oxxo.com/?utm_source=google&utm_medium=organic&utm_campaign=gbp;4.3;0;;
Sociedad Protectora de Animales y Plantas (SPAP);Protectora de animales;C. de Ochagavia, 34;28039 Madrid;;913 11 91 33;http://www.spap.net/;4.3;0;;
Spa Veterinario;Cuidados veterinarios;Gaudi INT.CASA 1;México;;+52 664 699 0882;;4.3;0;;
Casa Cacao | Botiga de Xocolata;Tienda de productos de chocolate;Plaça de Catalunya, 23;17002 Girona;;972 90 59 05;https://casacacaogirona.com/;4.3;0;;
Animalots Pet Center SL - Girona;Tienda de animales;Carrer Juli Garreta, 4;17002 Girona;;872 02 92 76;https://www.animalots.com/;4.3;0;;
VTZ San Valero Boutique Hotel;Hotel;C. de la Manifestación, 27;50003 Zaragoza;;876 21 70 03;https://vtzalojamientos.com/hoteles/hotel-san-valero/;4.3;0;;
Hotel Apartamento Bajamar;Edificio de apartamentos;C. Venezuela, 34;Las Palmas;;928 27 62 54;https://www.hotelapartamentoslaspalmas.com/;4.3;0;;
Gats del carrer;Protectora de animales;Carrer de la Corunya, 19;Barcelona;;651 62 63 46;http://gatsdelcarrer.org/;4.3;0;;
Hotel El Churra;Hotel;Av. Marqués de Los Vélez, 12;30008 Murcia;;968 23 84 00;http://www.elchurra.net/;4.3;0;;
Estética y guardería canina Pup’s BEAUTY;Guardería canina;España 22644;México;;+52 664 590 7501;https://www.facebook.com/CANIS-PUPS-Beauty-111759281274616;4.3;0;;
B&B HOTEL Girona 3;Hotel;Camí dels Carlins, 10;Girona;;972 43 90 09;https://www.hotel-bb.com/es/hotel/girona-3?utm_source=googlemaps&utm_medium=fichehotel&utm_campaign=girona3;4.3;0;;
Hostal Alcázar;Hotel;C. San Basilio, 2;14004 Córdoba;;957 20 25 61;https://hostalalcazar.com/;4.3;0;;
Apartamentos El Carmen By Be Alicante;Hotel;Carrer del Carmen, 14, 16;Alicante;;965 21 69 18;https://www.bealicante.com/apartamentos-el-carmen/;4.3;0;;
Apartamentos Málaga Premium - Calle Granada;;C. Granada, 42;29015 Málaga;;951 92 29 66;https://www.apartamentosmalagapremium.com/?utm_source=GMB%20AMP&utm_medium=GMB%20APM&utm_campaign=GMB%20APM;4.3;0;;
Los Seises Sevilla, a Tribute Portfolio Hotel;Hotel;C. Segovias, 6;41004 Sevilla;;954 22 94 95;https://www.marriott.com/en-us/hotels/svqtx-los-seises-sevilla-a-tribute-portfolio-hotel/overview/?scid=f2ae0541-1279-4f24-b197-a979c79310b0;4.3;0;;
Kiwoko. Mundo Animal;Tienda de productos para mascotas;Av. de Pablo Neruda, 91-97;28018 Madrid;;915 07 94 03;https://tiendas.kiwoko.com/comunidad-de-madrid/madrid/madrid/kiwoko-madrid-sur-3?utm_medium=maps&utm_source=google;4.3;0;;
Meijer;Tienda de productos para mascotas;2900 Columbus-Lancaster Rd NW;Estados Unidos;;+1 740-681-2400;https://www.meijer.com/shopping/store-locator/144.html?cmpid=LM:Web::::05112021::GoogleGrocery;4.3;0;;
Parque La Tortuga;Parque;Av. Lazaro Cárdenas, C. 33 y;México;;;https://sanluisrc.gob.mx/;4.3;0;;
Hospital Veterinario Beade;Veterinario;Estrada Coutada, 4;Pontevedra;;986 21 02 51;http://www.hvbeade.com/;4.3;0;;
Hotel Los Condes;Hotel;C. de los Libreros, 7;28004 Madrid;;915 21 54 55;https://www.loscondeshotel.com/;4.3;0;;
Garden Center Sopela🐕🪴;Tienda de productos para mascotas;Gatzarriñe Kalea, 67, B;Biscay;;609 41 44 41;https://www.mvgarden.com/;4.3;0;;
Veterinaria del Dr Moran;Veterinario;C. Prol. Urdiñola 1535;México;;+52 844 105 8349;https://www.facebook.com/moranveterinaria/;4.3;0;;
PerdiMiAnimal;Servicio de rescate de animales;Av. 24 de Septiembre 1500;Argentina;;;;4.3;0;;
Lavandería y Lavado de Mascotas Autoservicio P. Zabalburu;Tienda de productos para mascotas;Calle Ribera;Biscay;;695 78 75 10;http://plasticoszabalburu.com/;4.3;0;;
Grand Hotel Centenari, Valencia, Autograph Collection;Hotel;Pl. de l'Ajuntament, 25, 2;Valencia;;961 64 42 40;https://www.marriott.com/en-us/hotels/vlcay-grand-hotel-centenari-valencia-autograph-collection/overview/?scid=f2ae0541-1279-4f24-b197-a979c79310b0;4.3;0;;
Parador de El Saler;Hotel;Av. los Pinares, 151;Valencia;;961 61 11 86;http://www.parador.es/es/paradores/parador-de-el-saler?utm_source=GoogleMyBusiness&utm_medium=linkgoogle&utm_campaign=paradordeelsaler&utm_term=organico&utm_content=ficha;4.3;0;;
Anicura Navia Hospital Veterinario;Hospital veterinario;Rúa das Teixugueiras, 27;Pontevedra;;986 11 70 56;https://www.anicura.es/clinicas/anicura-navia-clinica-veterinaria/;4.3;0;;
Clínica de Especialidades Veterinarias French´s Torreón Coahuila;Hospital veterinario;Av. Ocampo Pte. 170-Oriente, entre calles Degollado y Gonzales Ortega;México;;+52 871 713 4698;https://instagram.com/frenchs.vet?utm_medium=copy_link;4.3;0;;
Hotel Maestre;Hotel;Posada del Potro;14003 Córdoba;;957 47 24 10;http://www.hotelmaestre.com/;4.3;0;;
Playa Sant Jordi;Playa pública;17490;Girona;;;;4.3;0;;
Parque de la Cuña Verde de Latina;Parque;C. del Concejal Francisco José Jiménez Martín, 11;28047 Madrid;;;https://www.madrid.es/portales/munimadrid/es/Inicio/El-Ayuntamiento/Parques-y-jardines/Patrimonio-Verde/Parques-en-Madrid/Parque-de-la-Cuna-Verde-de-Latina/?vgnextfmt=default&vgnextoid=66732baf6409e210VgnVCM1000000b205a0aRCRD&vgnextchannel=38bb1914e7d4e210VgnVCM1000000b205a0aRCRD;4.3;0;;
Hotel Líbere Valencia Jardín Botánico;Hotel;C/ de Lepant, 28;Valencia;;965 02 71 40;https://www.staylibere.com/share/LVJB-gmb-asset-page?utm_source=gmb_listing&utm_medium=organic;4.3;0;;
Oxxo El Vergel;Tienda de productos para mascotas;Benito Juárez 205;México;;+52 81 8320 2020;https://www.oxxo.com/?utm_source=google&utm_medium=organic&utm_campaign=gbp;4.3;0;;
Larry J Marsalli Dog Park;Parque para perros;1425 Lafayette St;Estados Unidos;;+1 408-247-1988;http://santaclaraca.gov/Home/Components/ServiceDirectory/ServiceDirectory/306/2654;4.3;0;;
Motel One Madrid - Plaza de España;Hotel;C. del Tutor, 1;28008 Madrid;;915 41 98 80;https://www.motel-one.com/hotels/madrid/hotel-madrid-plaza-de-espana/;4.3;0;;
OXXO Alfareros MXL;Tienda de productos para mascotas;Calzada Presidente Venustiano Carranza, Av. Independencia 1500;México;;+52 81 8320 2020;https://www.oxxo.com/?utm_source=google&utm_medium=organic&utm_campaign=gbp;4.3;0;;
4 Patas Jumilla;Organización sin ánimo de lucro;Polígono Industrial Cerro del Castillo;Murcia;;625 98 76 62;http://cuatropatasjumilla.com/;4.3;0;;
Meijer;Tienda de productos para mascotas;1661 Hilliard Rome Rd;Estados Unidos;;+1 614-771-4800;https://www.meijer.com/shopping/store-locator/104.html?cmpid=LM:Web::::05112021::GoogleGrocery;4.3;0;;
Sercotel JC1 Murcia;Hotel;Av. Juan Carlos I, 55;30100 Murcia;;968 85 88 44;https://www.sercotelhoteles.com/es/hotel-jc1-murcia?utm_source=google&utm_medium=referral&utm_campaign=metasearch-links;4.3;0;;
Llevant;playa;Sant Martí;Barcelona;;;;4.3;0;;
Sercotel Gran Hotel Conde Duque;Hotel;Pl. del Conde del Valle de Súchil, 5;28015 Madrid;;914 47 70 00;https://www.sercotelhoteles.com/es/hotel-gran-hotel-conde-duque?utm_source=google&utm_medium=referral&utm_campaign=metasearch-links;4.3;0;;
You & Co. Saler Beach Boutique;Hotel;Avinguda dels Pinars, 8;Valencia;;961 83 00 73;http://www.youandcohotels.com/;4.3;0;;
Parque Canino del río;Parque para perros;08820 El Prat de Llobregat;Barcelona;;;;4.3;0;;
CRAS Madrid;Asociación u organización;Carr. de Soto de Viñuelas, s/n;Madrid;;912 76 06 26;https://www.comunidad.madrid/centros/centro-recuperacion-animales-silvestres-cras;4.3;0;;
Hotel Soho Boutique Urban;Hotel;C. Casas de Campos, 8;29001 Málaga;;951 55 02 72;https://www.sohohoteles.com/destinos/hotel-soho-boutique-urban-3/;4.3;0;;
Centre d'Acollida d'Animals de Companyia de Barcelona (CAACB);Servicio de rescate de animales;Carretera de l' Arrabassada, 250;08035 Barcelona;;934 13 21 99;https://ajuntament.barcelona.cat/benestaranimal/ca/centre-dacollida-danimals-de-companyia-caacb;4.3;0;;
Pajarería Amazonas;Tienda de animales;Av. de Santander, 18;Asturias;;985 28 83 41;http://www.pajareriamazonas.es/;4.3;0;;
Petit Palace Plaza Mayor;Hotel;Calle Mayor, 46;28013 Madrid;;915 42 69 99;https://www.petitpalace.com/en/petit-palace-plaza-mayor/?utm_source=google&utm_medium=organic&utm_campaign=MyBusiness&utm_content=MYR&origin_source=google&origin_medium=organic&origin_campaign=MyBusiness;4.3;0;;
Medipet;Veterinario;La Herrería Loc 3;México;;+52 844 154 5229;;4.3;0;;
Residencia Canina Fontfreda;Guardería canina;Finca Can Farigola;Barcelona;;937 79 03 11;https://www.fontfreda.net/;4.3;0;;
Veterinario Alicante;Veterinario;C. del Plus Ultra, 19, Bajo;03012 Alicante;;619 13 05 15;;4.3;0;;
Tractor Supply Co.;Tienda de productos para mascotas;1715 W Valencia Rd;Estados Unidos;;+1 520-295-2955;https://www.tractorsupply.com/tsc/store_Tucson-AZ-85746_2222;4.3;0;;
Hotel Rosal;Hotel;C. Cabo Noval, 2;Asturias;;623 56 99 73;http://www.hotelrosalovd.com/;4.3;0;;
Parque canino Cruz Conde (Zona de Expansión Canina, ZEC);Parque para perros;14004 Córdoba;14004 Córdoba;;957 76 20 00;https://www.sadeco.es/;4.3;0;;
Hotel ILUNION Pío XII;Hotel;Av. de Pío XII, 77;28016 Madrid;;913 87 62 00;https://www.ilunionhotels.com/hoteles/ilunion-pio-xii?partner=5989&sel=sel:nf-gmb:nm-organic:kwp-:nc-:fe-:fm-:mp-:id-5989;4.3;0;;
Hotel Un Patio al Sur;Hotel;C. Fernán Caballero, 7;41001 Sevilla;;954 22 10 35;https://www.patioalsur.es/;4.3;0;;
Hospital Clínico Veterinario - Universidad de Murcia;Hospital veterinario;Facultad Veterinaria;30100 Murcia;;609 62 58 53;http://www.um.es/hcv/;4.3;0;;
Clínica Veterinaria UVNE;Veterinario;Zaragoza 138;México;;+52 81 8388 0182;http://www.uvne.edu.mx/;4.3;0;;
Parque para perros;Parque para perros;Nou Barris;08016 Barcelona;;;;4.3;0;;
Kiwoko. Mundo Animal;Tienda de productos para mascotas;Barrio Zabalandi, s/n;Biscay;;946 66 29 41;https://tiendas.kiwoko.com/euskadi/bizkaia/basauri/kiwoko-bilbao-bilbondo-92?utm_medium=maps&utm_source=google;4.3;0;;
Barcelona Century Hotel;Hotel;Carrer de València, 154;08011 Barcelona;;934 53 44 00;https://www.barcelonacentury.com/;4.3;0;;
Parque para perros;Parque para perros;Carrer de Bosch i Gimpera, 21;08034 Barcelona;;;;4.3;0;;
Playa da Calzoa;Atracción turística;36331 Vigo;Pontevedra;;;;4.3;0;;
Albergue sanitario de animales (provincial);Perrera;Camino del Gallego, s/n;Zaragoza;;976 58 62 67;http://www.dpz.es/ciudadano/albergue-sanitario-provincial;4.3;0;;
Quality Inn St. Augustine Historic District;Hotel;2800 N Ponce De Leon Blvd;Estados Unidos;;+1 904-342-2354;;4.3;0;;
URBAN ROOMS ALICANTE;Bed & Breakfast;C. Manuel Antón, 6;03004 Alicante;;722 17 82 41;https://www.urbanroomsalicante.com/es;4.3;0;;
Ideal Pet Products;Tienda de productos para mascotas;24735 Ave Rockefeller;Estados Unidos;;+1 800-378-4385;https://www.idealpetproducts.com/;4.3;0;;
Smartr Valencia Turia;Alojamiento con servicio;Av. de Tirso de Molina, 13;Valencia;;960 99 04 11;https://www.smartrental.com/es/smartr-stays/valencia/smartr-valencia-turia/?utm_source=google&utm_medium=Organic_Search&utm_campaign=gmb_web_ficha_hotel&utm_term=smartr_valencia_turia;4.3;0;;
Hotel Casa Camila;Hotel;de Arriba, 29;Asturias;;985 11 48 22;http://www.casacamila.com/;4.3;0;;
MUM'S DOGS Peluquería Canina;Peluquero de mascotas;Carrer de Bori i Fontestà, 35;08021 Barcelona;;938 55 39 29;http://mumsdogs.com/;4.3;0;;
Meñakoz hondartza;playa;Kukullu Kalea, 26;Bizkaia;;;;4.3;0;;
Protectora d'animals del Pla de l'Estany;Protectora de animales;Carrer de Puigpalter, s/n;Girona;;639 97 00 04;https://www.protectoraplaestany.cat/;4.3;0;;
Petco;Tienda de productos para mascotas;26501 Bouquet Canyon Rd;Estados Unidos;;+1 661-297-6936;https://stores.petco.com/ca/saugus/pet-supplies-saugus-ca-582.html?utm_source=google&utm_campaign=locallist_582_pcc;4.3;0;;
Oviedo Veterinary Care and Emergency;Servicio de urgencias veterinarias;2092 Church St;Estados Unidos;;+1 689-689-6100;https://www.oviedovetcare.com/;4.3;0;;
Parque Central de Nou Barris;Parque;Plaça Major de Nou Barris, 1;08042 Barcelona;;;http://www.barcelonaturisme.com/wv3/en/page/524/parc-central-de-nou-barris.html;4.3;0;;
Meijer;Tienda de productos para mascotas;1350 W Lake Lansing Rd;Estados Unidos;;+1 517-332-2444;https://www.meijer.com/shopping/store-locator/52.html?cmpid=LM:Web::::05112021::GoogleGrocery;4.3;0;;
Kiwoko. Mundo Animal;Tienda de productos para mascotas;C. Orense, 21;29004 Málaga;;951 56 20 78;https://tiendas.kiwoko.com/andalucia/malaga/malaga/kiwoko-malaga-nostrum-82?utm_medium=maps&utm_source=google;4.3;0;;
Casual del Cine Valencia;Hotel;C/ del Convent de Sant Francesc, 7;Valencia;;963 51 74 60;https://www.casualhoteles.com/casual-del-cine-valencia.html?utm_source=gbp&utm_medium=organic&utm_term=sp&utm_campaign=&utm_id=cine-valencia;4.3;0;;
Zintzo;Tienda de productos para mascotas;Elcano K., 33;Bizkaia;;944 44 46 25;http://www.zintzoanimal.es/;4.3;0;;
Okapi Tienda De Mascotas;Peluquero de mascotas;C. de José María Lacarra de Miguel, 47;50008 Zaragoza;;976 21 18 28;http://www.okapimascotas.com/epages/ea0548.mobile/?ObjectPath=/Shops/ea0548;4.3;0;;
Hospital Veterinario SOS Animal;Veterinario;C. Spengler, 20;29007 Málaga;;952 31 76 92;https://www.hospitalveterinariomalaga.es/;4.3;0;;
SPANDY. Centro de Protección Animal 1;Protectora de animales;30510 Yecla;Murcia;;693 48 73 78;https://spandy.org/;4.3;0;;
Kiwoko. Mundo Animal;Tienda de productos para mascotas;Cam. Viejo de Simancas, s/n;47008 Valladolid;;983 95 06 68;https://tiendas.kiwoko.com/castilla-y-leon/valladolid/valladolid/kiwoko-valladolid-vallsur-15?utm_medium=maps&utm_source=google;4.3;0;;
Canis 2Cb;Veterinario;Avinguda de Salvador Dalí i Domènech, 13;Girona;;606 99 11 77;http://www.canisgirona.com/;4.3;0;;
Memvet - Centre de referència veterinària;Veterinario;Carrer de la Reina Esclaramunda, 6, baixos;Balearic Islands;;971 12 48 66;http://www.memvet.com/;4.3;0;;
Granja la Luna residencia canina gatos en Madrid (Oficina);Guardería canina;C. Lituania, 4;28030 Madrid;;918 74 73 54;https://www.granjalaluna.com/;4.3;0;;
Hotel Elcano;Hotel;Av. Juan Sebastián Elcano, 103;29017 Málaga;;952 20 43 03;http://www.hotelelcanomalaga.es/;4.3;0;;
ACCSUR;Adiestrador canino;14011 Trassierra;Córdoba;;640 34 34 33;;4.3;0;;
Parque del Migdia;Parque;Carrer de Pau Vila i Dinarès;17003 Girona;;;;4.3;0;;
Sercotel Córdoba Medina Azahara;Hotel;Av. de Medina Azahara, 7;14005 Córdoba;;957 23 55 00;https://www.sercotelhoteles.com/es/hotel-cordoba-medina-azahara?utm_source=google&utm_medium=referral&utm_campaign=metasearch-links;4.3;0;;
Lake Piru Recreation Area;Parque para perros;4780 Piru Canyon Rd;Estados Unidos;;+1 805-521-1500;https://explorelakepiru.com/;4.3;0;;
Arcadys - Asociación Respeto y Convivencia Animales Domésticos y Salvajes;Protectora de animales;Carrer de Ramón Gordillo, 6;Valencia;;963 73 91 05;http://www.arcadys.org/;4.3;0;;
Jos-Can;Adiestrador canino;Kalea;Biscay;;667 74 80 45;http://www.jos-can.com/;4.3;0;;
Kiwoko. Mundo Animal;Tienda de productos para mascotas;Carrer de Santa Coloma, 50;17005 Girona;;972 96 99 79;https://tiendas.kiwoko.com/catalunya/girona/girona/kiwoko-girona-wala-158?utm_medium=maps&utm_source=google;4.3;0;;
Platja dels Canyerets;playa;17220 Rosamar;Girona;;;;4.3;0;;
Oxxo Zeus;Tienda de productos para mascotas;Claveles Y Zeus 1775, Av. Géminis;México;;+52 81 8320 2020;https://www.oxxo.com/?utm_source=google&utm_medium=organic&utm_campaign=gbp;4.3;0;;
B&B HOTEL Zaragoza Los Enlaces Estación;Hotel;C. de Pilar Miró, 1;50011 Zaragoza;;976 48 92 22;https://www.hotel-bb.com/es/hotel/zaragoza-los-enlaces-estacion?utm_source=googlemaps&utm_medium=fichehotel&utm_campaign=zaragoza_estacion;4.3;0;;
Hilton Diagonal Mar Barcelona;Hotel;Pg. del Taulat, 262, 264;08019 Barcelona;;935 07 07 07;https://www.hilton.com/en/hotels/bcndmhi-hilton-diagonal-mar-barcelona/?SEO_id=GMB-EMEA-HI-BCNDMHI;4.3;0;;
Forrajera y Veterinaria 7 Leguas;Veterinario;Av Pedro Cárdenas 50-A;México;;+52 868 817 2340;https://www.facebook.com/Forrajera-7-leguas-;4.3;0;;
ANERPA Asociación Nacional Española de Rehabilitación y Protección Animal;Protectora de animales;anerpa.org, No se admiten visitas sin cita previa;Murcia;;661 38 58 30;https://www.anerpa.org/;4.3;0;;
Parque de Huelin;Parque;Carretera de Cádiz;29002 Málaga;;;http://www.malaga.es/es/turismo/naturaleza/lis_cd-3726/cnl-93/parque-huelin;4.3;0;;
Parque de Convivencia Son Dameto de Dalt;Parque;Carrer d'Andalusia, 14;Illes Balears;;;;4.3;0;;
Life Apartments Calderón;Complejo de apartamentos;C. Calderón de la Barca, 5;29005 Málaga;;956 08 56 54;http://www.lifeapartments.es/;4.3;0;;
Mercado Súper Chivas - Barcelona;Supermercado;Barcelona, Calz de las Haciendas 1800;México;;+52 686 516 4202;http://www.superchivas.com.mx/;4.3;0;;
Dejando huella/ Dog spa;Peluquero de mascotas;Pl. del Papa Juan Pablo II, 11;03005 Alicante;;611 90 00 00;https://dejandohuella.shop/;4.3;0;;
Hotel Indigo Barcelona Plaza Espana by IHG;Hotel;Gran Via de les Corts Catalanes, 322;08004 Barcelona;;933 67 55 00;https://www.ihg.com/hotelindigo/hotels/gb/en/barcelona/bcndg/hoteldetail?cm_mmc=GoogleMaps-_-IN-_-ES-_-BCNDG;4.3;0;;
Residència Canina Cau del Duc;Guardería canina;17257 Gualta;Girona;;629 93 34 20;;4.3;0;;
Verdecora Málaga;Tienda de productos para mascotas;Av. Enrique Granados, 3;29004 Málaga;;951 20 44 49;https://verdecora.es/tiendas/8-enrique-granados-malaga;4.3;0;;
Citadines Ramblas Barcelona (Apart Hotel Barcelona);Hotel de larga estancia;La Rambla, 122;08002 Barcelona;;932 70 11 11;https://www.discoverasr.com/en/citadines/spain/citadines-ramblas-barcelona?utm_source=google&utm_medium=maps&utm_campaign=hq-google-maps-alwayson-20240531-all-all-eu-es-citadinesramblasbarcelona-yext-gbp;4.3;0;;
Huellitas AC;Protectora de animales;C. 6 553;México;;;;4.3;0;;
Parque de los Descubrimientos;Parque;C. Torneo, 17;41002 Sevilla;;;;4.3;0;;
Forrajera Villegas;Tienda de alimentos para animales;Lázaro Cardenas, Ignacio Zaragoza esquina;México;;+52 868 796 8020;https://m.facebook.com/profile.php?id=143281316248805&ref=content_filter;4.3;0;;
Platja del Port de la Vall;playa;17489 El Port de la Selva;Girona;;;http://www.elportdelaselva.cat/ca/;4.3;0;;
Oxxo Ruiz Oriente;Tienda de productos para mascotas;Valladolid Y Angelo, Av. Ruiz Cortines 500;México;;+52 81 8320 2020;https://www.oxxo.com/?utm_source=google&utm_medium=organic&utm_campaign=gbp;4.3;0;;
Escuela Canina Quercus;Escuela;Pl. José Bergamín, 7;29007 Málaga;;952 39 84 89;http://www.escuelacanina.com/;4.3;0;;
Platja de les Portes;playa;Passeig Marítim, 10;Girona;;;;4.3;0;;
Parque Recreativo de Reynosa;Atracción turística;Carretera Ribereña km.8.5 Ejido Los Cavazos;México;;+52 899 936 1750;https://facebook.com/zooreynosa/;4.3;0;;
Meijer;Tienda de productos para mascotas;3360 Tittabawassee Rd;Estados Unidos;;+1 989-790-5101;https://www.meijer.com/shopping/store-locator/43.html?cmpid=LM:Web::::05112021::GoogleGrocery;4.3;0;;
Econ River Animal Hospital;Veterinario;14500 E Colonial Dr;Estados Unidos;;+1 407-568-0724;http://econrivervets.com/;4.3;0;;
Tiendanimal;Tienda de productos para mascotas;Avinguda de la Albufera, s/n;Valencia;;960 07 59 14;https://tiendas.tiendanimal.es/comunidad-valenciana/valencia/alfafar/tiendanimal-alfafar-valencia-32?utm_medium=maps&utm_source=google;4.3;0;;
Hotel Catalonia Barcelona Beach;Hotel;Carrer d'Espronceda, 6;08005 Barcelona;;935 45 05 60;https://www.cataloniahotels.com/es/hotel/catalonia-barcelona-beach?mb=1&utm_source=googlemaps&utm_medium=organic&utm_campaign=CBB;4.3;0;;
Hotel Catalonia Albeniz;Hotel;Carrer d'Aragó, 591, 593;08026 Barcelona;;932 65 26 26;https://www.cataloniahotels.com/es/hotel/catalonia-albeniz?mb=1&utm_source=googlemaps&utm_medium=organic&utm_campaign=ALB;4.3;0;;
Txinbito, hotel canino;Guardería canina;Juan de Garay Kalea, 7;Bizkaia;;685 72 56 73;http://txinbito.com/;4.3;0;;
Parque canino;Parque para perros;C. de Vicente Blasco Ibáñez, 78;28050 Madrid;;;;4.3;0;;
Refugio Desert Hearts;Refugio para animales;30876 Lorca;Murcia;;;http://www.refugio-desert-hearts.com/;4.3;0;;
Sercotel Sorolla Palace;Hotel;Av. de les Corts Valencianes, 58;Valencia;;961 86 87 00;https://www.sercotelhoteles.com/es/hotel-sorolla-palace?utm_source=google&utm_medium=referral&utm_campaign=metasearch-links;4.3;0;;
Acuario Scat;Tienda de acuarios;Av. Chapultepec 700-Loc 1094;México;;+52 81 8355 7249;http://www.aviarioscat.com.mx/;4.3;0;;
Clínica Veterinaria Jabega;Veterinario;C. Eduardo Carvajal, 9;29007 Málaga;;952 35 68 23;;4.3;0;;
Clínica Veterinaria Exóticos Pluto;Veterinario;Av. Miguel de Cervantes, 23;30009 Murcia;;968 28 31 13;http://www.exoticospluto.com/;4.3;0;;
Meijer;Tienda de productos para mascotas;6650 Whitestown Pkwy;Estados Unidos;;+1 317-732-9200;https://www.meijer.com/shopping/store-locator/152.html?cmpid=LM:Web::::05112021::GoogleGrocery;4.3;0;;
Albergue San Francisco de Asis SOCIEDAD PROTECTORA DE ANIMALES Y PLANTAS DE MADRID;Refugio para animales;Carretera de Fuencarral al Pardo;28049 Madrid;;917 35 35 92;http://www.spap.net/;4.3;0;;
Playa para mascotas;Parque para perros;MQFW+2H;Valencia;;;;4.3;0;;
Zona ZECA Parque Canino;Parque para perros;C. Obispo Fray Antonio Trejo, 12;30007 Murcia;;;http://www.murcia.es/;4.3;0;;
Asociación Barcelona Gato y Perro;Protectora de animales;;;;;https://barcelonagatigos.org/;4.3;0;;
Orión Peluqueria de Mascotas;Peluquero de mascotas;C. de Manacor, 365;Illes Balears;;971 42 63 94;;4.3;0;;
Kivet Salud Animal;Veterinario;C.C. Isla Corfú;03005 Alicante;;965 64 12 99;https://www.kivet.com/clinicas-veterinarias/kivet-alicante-isla-corfu/?utm_source=gmb;4.3;0;;
Comercializadora Hobby Pet S.A. de C.V.;Tienda de animales;Ignacio López Rayon 2520;México;;+52 81 1256 2793;https://www.hobbypets.com.mx/;4.3;0;;
Tiendanimal;Tienda de productos para mascotas;Av. de Coria, Km 2;Sevilla;;955 25 27 87;https://tiendas.tiendanimal.es/andalucia/sevilla/san-juan-de-aznalfarache/tiendanimal-alavera-sevilla-35?utm_medium=maps&utm_source=google;4.3;0;;
Hotel Catalonia Excelsior;Hotel;C/ de la Barcelonina, 5;Valencia;;963 51 46 12;https://www.cataloniahotels.com/es/hotel/catalonia-excelsior?mb=1&utm_source=googlemaps&utm_medium=organic&utm_campaign=EXC;4.3;0;;
HOCIKYTO;Guardería canina;;;;670 58 86 88;http://hocikyto.blogspot.com/;4.3;0;;
veterinaria Dr Malacara🐈🐕❤️‍🩹🧑‍🔬👩‍🔬🩺🩻👨‍🔬;Veterinario;Principe de Asturias 1102 Av real de palmas sn sec princioe;México;;+52 81 1483 5597;http://www.facebook.com/Drmalacara;4.3;0;;
Evidensia Málaga Hospital Veterinario - Urvemace;Veterinario;C. Pinzón, 8;29001 Málaga;;952 22 15 01;https://www.urvemace.es/;4.3;0;;
Hotel Príncipe Pío;Hotel;Cta. de San Vicente, 14;28008 Madrid;;915 47 08 00;http://www.hotelprincipepio.com/?utm_source=google&utm_medium=organic&utm_campaign=Knowledge_Graph;4.3;0;;
Hotel Palacio Alcázar;Hotel;Pl. de la Alianza, 11;41004 Sevilla;;954 50 21 90;https://www.palacioalcazar.com/;4.3;0;;
Peluquería canina Campanar;Peluquero de mascotas;C/ de la Vall de la Ballestera, 34;Valencia;;722 75 61 24;;4.3;0;;
Parc de sa Riera;Parque;C/ de Jesús, 27A;Illes Balears;;;;4.3;0;;
Reptilaqua;Tienda de animales;C. Capitán Gral. Gutiérrez Mellado;03005 Alicante;;622 61 53 62;http://www.reptilaqua.com/;4.3;0;;
Centro Canino Lunava;Criador canino;Carretera LEON(DESVIO VILLALBA), 212;Valladolid;;607 48 24 06;;4.3;0;;
Centro Comercial RÍO Shopping;Centro comercial;C. Me Falta un Tornillo, 3;Valladolid;;983 32 78 20;https://www.rioshopping.com/;4.3;0;;
SoMa West Dog Park;Parque para perros;1400 Stevenson St;Estados Unidos;;+1 415-554-6364;https://sfrecpark.org/Facilities/Facility/Details/SOMA-West-Dog-Park-433;4.3;0;;
Parque canino;Parque para perros;Moratalaz;28030 Madrid;;;https://www.timeout.es/madrid/es/que-hacer/parques-para-perros-en-madrid;4.3;0;;
Meijer;Tienda de productos para mascotas;2055 W Grand River Ave;Estados Unidos;;+1 517-349-6800;https://www.meijer.com/shopping/store-locator/25.html?cmpid=LM:Web::::05112021::GoogleGrocery;4.3;0;;
J;Adiestrador canino;Zamakola Kalea, 57;Biscay;;;;4.3;0;;
AniCura Ars Veterinaria Hospital Veterinari;Hospital veterinario;Carrer dels Cavallers, 37;08034 Barcelona;;932 85 84 00;https://www.anicura.es/clinicas/ars-veterinaria-hospital-veterinari/;4.3;0;;
Hospital Veterinario Canis - Mallorca;Veterinario;Carrer d'Agnès de Pacs, 12;Illes Balears;;971 73 21 00;https://www.canismallorca.es/;4.3;0;;
Fleet Farm;Tienda de productos para mascotas;3035 W Fleet St;Estados Unidos;;+1 605-444-7200;https://www.fleetfarm.com/visit-stores/sioux-falls-sd;4.3;0;;
Parque;Parque;66635, Sagu 503;México;;;;4.3;0;;
Griffith Park Dog Park;Parque para perros;Glendale, CA 91201;Estados Unidos;;+1 323-913-4688;http://www.laparks.org/dos/parks/facility/dogparks/griffithParkDogPk.htm;4.3;0;;
Protectora d' animals Deixant Petjada;Protectora de animales;;;;605 36 24 73;https://sites.google.com/view/protectoradeixantpetjada/;4.3;0;;
Aúna especialidades veterinarias;Hospital veterinario;Parque Empresarial Táctica;Valencia;;960 26 60 66;https://aunaespecialidadesveterinarias.es/;4.3;0;;
Sercotel Ámister Art Hotel;Hotel;Avinguda de Roma, 93, 95;08029 Barcelona;;933 63 34 68;https://www.sercotelhoteles.com/es/hotel-amister-art-hotel?utm_source=google&utm_medium=referral&utm_campaign=metasearch-links;4.3;0;;
Playa del Lastron;playa;El Puerto;Vizcaya;;;;4.3;0;;
Zona ZECA - Parque Canino;Parque para perros;Rda. de Garay, 5;30003 Murcia;;;http://www.turismodemurcia.es/;4.3;0;;
INDUSTRIAL NP, S.A. DE C.V.;Perrera;A Villa de García 104;México;;+52 81 8316 5920;http://www.nutriplan.com.mx/;4.3;0;;
Granero 3 Palmas;Farmacia veterinaria;Carr. Progreso Sta. Isabel;México;;+52 686 590 5239;;4.3;0;;
Hotel Catalonia Giralda;Hotel;Cjón. Sierra Nevada, 3;41003 Sevilla;;954 41 66 61;https://www.cataloniahotels.com/es/hotel/catalonia-giralda?mb=1&utm_source=googlemaps&utm_medium=organic&utm_campaign=GIR;4.3;0;;
Centro Clínico Veterinario de Zaragoza;Hospital veterinario;C. Madre Genoveva Torres Morales, 8;50006 Zaragoza;;976 25 14 74;https://www.ccvzaragoza.es/;4.3;0;;
Oxxo Turquia;Tienda de productos para mascotas;Oxxo, Sevilla, Turquía 437;México;;+52 81 8320 2020;https://www.oxxo.com/?utm_source=google&utm_medium=organic&utm_campaign=gbp;4.3;0;;
"Casona Esperanza San Roque";Refugio para animales;Ayacucho 1522;Argentina;;;;4.3;0;;
OXXO UN;Tienda de productos para mascotas;ColÛn, Av. Cristóbal Colón 1902;México;;+52 81 8320 2020;https://www.oxxo.com/?utm_source=google&utm_medium=organic&utm_campaign=gbp;4.3;0;;
Meijer;Tienda de productos para mascotas;1301 Meijer Dr;Estados Unidos;;+1 847-690-1500;https://www.meijer.com/shopping/store-locator/228.html?cmpid=LM:Web::::05112021::GoogleGrocery;4.3;0;;
Tiendanimal;Peluquero de mascotas;Poza Lizentziatuaren Kalea, 57;Bizkaia;;944 99 22 00;https://tiendas.tiendanimal.es/euskadi/bizkaia/bilbao/tiendanimal-licenciado-poza-84?utm_medium=maps&utm_source=google;4.3;0;;
Playa de los Pescadores;playa;P.º Marítimo de Badalona;Barcelona;;;http://badalona.cat/portalWeb/badalona.portal?_nfpb=true&_pageLabel=detall_directori&_id=1096;4.3;0;;
Fullerton Pooch Park;Parque para perros;201 S Basque Ave;Estados Unidos;;+1 714-738-6575;https://www.cityoffullerton.com/residents/parks-facilities/pooch-park;4.3;0;;
Kiwoko. Mundo Animal;Tienda de productos para mascotas;Av. Simón Bolívar, s/n;29011 Málaga;;952 61 15 11;https://tiendas.kiwoko.com/andalucia/malaga/malaga/kiwoko-malaga-la-rosaleda-27?utm_medium=maps&utm_source=google;4.3;0;;
Sercotel Amistad Murcia;Hotel;C. Condestable, 1;30009 Murcia;;968 28 29 29;https://www.sercotelhoteles.com/es/hotel-amistad-murcia?utm_source=google&utm_medium=referral&utm_campaign=metasearch-links;4.3;0;;
Hotel Atlántico Vigo;Hotel;R. de García Barbón, 35;Pontevedra;;986 22 05 30;http://www.hotelatlanticovigo.com/;4.3;0;;
Mascotas y Campo;Tienda de alimentos para animales;Av. de Medina Azahara, 18;14005 Córdoba;;676 39 51 13;https://mascotasycampo.com/index.php;4.3;0;;
Hotel Hesperia Barcelona Barri Gòtic;Hotel;Carrer Ample, 31;08002 Barcelona;;930 90 08 27;https://www.hesperia.com/es/hoteles/espana/barcelona/hotel-hesperia-barri-gotic?utm_source=GMBbarrigotic&utm_medium=organic;4.3;0;;
Linea Verde;Parque;Santa Fe;México;;;;4.3;0;;
S-Mart;Supermercado;Av Paseo de los Leones 3290;México;;+52 81 8121 0210;http://www.supermercadossmart.com/;4.3;0;;
Hotel Ilunion Romareda;Hotel;C. de Asín y Palacios, 11;50009 Zaragoza;;976 35 11 00;https://www.ilunionhotels.com/hoteles/ilunion-romareda?partner=5989&sel=sel:nf-gmb:nm-organic:kwp-:nc-:fe-:fm-:mp-:id-5989;4.3;0;;
ALSUPER ALAMEDA;Supermercado;Av Hidalgo 390;México;;+52 871 712 2499;https://alsuper.com/;4.3;0;;
Apartamentos Málaga Premium - San Telmo;Hotel;C. San Telmo, 14;29008 Málaga;;951 51 85 35;https://www.apartamentosmalagapremium.com/?utm_source=GMB%20AMP&utm_medium=GMB%20APM&utm_campaign=GMB%20APM;4.3;0;;
Medivet Hospital Veterinario 24 horas Animales Exóticos Los Sauces Chamberí;Hospital veterinario;Calle de Sta Engracia, 63;28010 Madrid;;914 45 43 05;https://www.medivetgroup.com/es-es/veterinario-urgencia-24-horas/24-horas-los-sauces-chamberi/?utm_source=google&utm_medium=organic&utm_campaign=google_lpm_los_sauces_chamberi;4.3;0;;
Hotel Soho Boutique Capuchinos & Spa;Hotel;C. Conde de Torres Cabrera, 32;14001 Córdoba;;957 78 92 02;https://www.sohohoteles.com/destinos/hotel-soho-boutique-capuchinos-spa-4/;4.3;0;;
Playa del Coco;Playa pública;Passeig Marítim, 5;Barcelona;;;http://badalona.cat/portalWeb/badalona.portal?_nfpb=true&_pageLabel=contingut_estatic&dCollectionID=37#wlp_contingut_estatic;4.3;0;;
Centro Canino Internacional;Protectora de animales;Platja de Palma i Pla de Sant Jordi;Illes Balears;;971 26 11 49;http://www.ccipalma.com/;4.3;0;;
Veterinaria Margarita;Veterinario;Plaza Crucero, Blvd. Manuel Gómez Morín 1520-Int. 6;México;;+52 656 682 9128;;4.3;0;;
Vivente. Alojamiento junto a Las Canteras;Hotel de larga estancia;C. Padre Cueto, 8;Las Palmas;;629 58 77 35;https://www.vivente.es/;4.3;0;;
Praia da Calzoa;playa;Rúa de Canido, 6;Pontevedra;;;http://hoxe.vigo.org/conecenos/n_calzoa.php?lang=cas;4.3;0;;
Studios Cielo Madrid;Hotel;C. de Matilde Hernández, 40;28019 Madrid;;;http://www.cielomadrid.com/;4.3;0;;
Hotel ILUNION Suites Madrid;Hotel;C. de López de Hoyos, 143;28002 Madrid;;917 44 50 00;https://www.ilunionhotels.com/hoteles/ilunion-suites-madrid?partner=5989&sel=sel:nf-gmb:nm-organic:kwp-:nc-:fe-:fm-:mp-:id-5989;4.3;0;;
Clínica Veterinaria Canis - Palma de Mallorca;Veterinario;Carrer Vasco Da Gama, 5;Illes Balears;;971 28 07 67;https://www.canismallorca.es/;4.3;0;;
Villa Alicia Guest House;Posada;C. Conde de Ureña, 12;29012 Málaga;;622 32 24 76;http://www.guesthousealicia.com/;4.3;0;;
Todo Piensos Asua;Tienda de alimentación;Bilbao-Plentzia Errepidea, 31;Bizkaia;;946 34 51 39;http://www.piensostpa.com/;4.3;0;;
Kiwoko. Mundo Animal;Tienda de productos para mascotas;Av. Ronda del Tamarguillo, 29;41006 Sevilla;;955 25 07 01;https://tiendas.kiwoko.com/andalucia/sevilla/sevilla/kiwoko-sevilla-tamarguillo-96?utm_medium=maps&utm_source=google;4.3;0;;
CLINICA FELINA BARCELONA;Veterinario;Carrer del Marquès de Campo Sagrado, 12, bajos 3;08015 Barcelona;;936 24 48 54;http://www.clinicafelinabarcelona.cat/;4.3;0;;
Animal Shop Vigo;Tienda de animales;Rúa Travesía de Vigo, 202;Pontevedra;;886 16 25 78;;4.3;0;;
OXXO Las Palmas NLS;Tienda de productos para mascotas;Carr. Internacional 262-Km 103;México;;+52 81 8320 2020;https://www.oxxo.com/?utm_source=google&utm_medium=organic&utm_campaign=gbp;4.3;0;;
Altamonte Veterinary Hospital;Veterinario;1089 E Altamonte Dr;Estados Unidos;;+1 407-339-1922;https://altamontevet.com/;4.3;0;;
Oxxo Sevilla;Tienda de productos para mascotas;Sevilla Y Calderon 916, Av. Constitucion;México;;+52 81 8320 2020;https://www.oxxo.com/?utm_source=google&utm_medium=organic&utm_campaign=gbp;4.3;0;;
Hotel Hesperia Murcia Centro;Hotel;C. Madre de Dios, 4;30004 Murcia;;868 68 48 66;https://www.hesperia.com/es/hoteles/espana/murcia/hotel-hesperia-murcia-centro?utm_source=GMBmurciacentro&utm_medium=organic;4.3;0;;
Bichos;Tienda de animales;C. Santo Domingo, 4;Pontevedra;;986 48 20 21;https://es-es.facebook.com/bichosvigo;4.3;0;;
Meijer;Tienda de productos para mascotas;750 E Rollins Rd;Estados Unidos;;+1 847-201-0800;https://www.meijer.com/shopping/store-locator/289.html?cmpid=LM:Web::::05112021::GoogleGrocery;4.3;0;;
Hotel Ibis Barcelona Plaza Glories 22;Hotel;Carrer de la Ciutat de Granada, 99, HB004372;08018 Barcelona;;933 00 77 77;https://all.accor.com/lien_externe.svlt?goto=fiche_hotel&code_hotel=5944&merchantid=seo-maps-ES-5944&sourceid=aw-cen&utm_medium=seo%20maps&utm_source=google%20Maps&utm_campaign=seo%20maps;4.3;0;;
Progat Catalunya;Protectora de animales;Carrer de l'Oblit, 36;08041 Barcelona;;934 46 10 92;http://www.progat.cat/;4.3;0;;
PET PAW;Tienda de productos para mascotas;Av. Chapultepec 800-Loc 180;México;;+52 81 1048 3758;;4.3;0;;
Parque de la Emperatriz María de Austria;Parque;Vía Lusitana, 3;28025 Madrid;;914 80 00 10;https://www.madrid.es/portales/munimadrid/es/Inicio/El-Ayuntamiento/Parques-y-jardines/Patrimonio-Verde/Parques-en-Madrid/Parque-Emperatriz-Maria-de-Austria/?vgnextfmt=default&vgnextoid=57fc4fc4583be210VgnVCM1000000b205a0aRCRD&vgnextchannel=38bb1914e7d4e210VgnVCM1000000b205a0aRCRD;4.3;0;;
INNSiDE by Meliá Valencia Oceanic;Hotel;Carrer del Pintor Maella, 35;Valencia;;963 35 03 00;https://www.melia.com/en/hotels/spain/valencia/hotel-valencia-oceanic-by-melia?utm_campaign=google&utm_content=4611&utm_medium=organic&utm_source=directories;4.3;0;;
BIRDDOM;Tienda de productos para mascotas;C. Imperial, N°4;47003 Valladolid;;983 04 23 22;http://www.milanuncios.com/tienda/birddom-27708.htm;4.3;0;;
Playa de Pinedo;playa;;Playa de Pinedo;;;;4.3;0;;
Oxxo Mallorca;Tienda de productos para mascotas;Ave. Republica Mexicana, Palma de Mallorca 100 Esq;México;;+52 81 8320 2020;https://www.oxxo.com/?utm_source=google&utm_medium=organic&utm_campaign=gbp;4.3;0;;
Clínica Veterinaria Vetsur;Veterinario;Cam. del Sanatorio Marítimo, 3;Málaga;;952 63 54 33;https://www.clinicaveterinariavetsur.com/torremolinos;4.3;0;;
Novotel Sevilla;Hotel;R.T.A. H/SE/00979;41005 Sevilla;;954 55 82 00;https://all.accor.com/lien_externe.svlt?goto=fiche_hotel&code_hotel=3210&merchantid=seo-maps-ES-3210&sourceid=aw-cen&utm_medium=seo%20maps&utm_source=google%20Maps&utm_campaign=seo%20maps;4.3;0;;
Pet's Clinical;Veterinario;Palm Valley, Valle de Los Mezquites 441;México;;+52 81 8661 1933;;4.3;0;;
Hotel Zenit Vigo;Hotel;Av. da Gran Vía, 1;Pontevedra;;986 41 72 55;https://vigo.zenithoteles.com/?partner=8480&utm_source=google&utm_medium=organic&utm_campaign=MyBusiness&utm;4.3;0;;
Avícola Ferma (Álvaro Martínez Bermejo);Tienda de animales;C. de Labradores, 7;47004 Valladolid;;983 30 88 30;;4.3;0;;
Parque canino, Plaza de la Guardia Civil;Parque para perros;Carrer de Manuel Azaña, 14;Illes Balears;;;;4.3;0;;
Clínica Veterinaria Abeletxe;Veterinario;Calle de;Biscay;;944 57 22 76;http://abeletxeveterinarios.eu/;4.3;0;;
Interzoo Vigo;Tienda de animales;R. de Aragón, 5;Pontevedra;;699 41 92 29;http://interzoo.es/;4.3;0;;
Meijer;Tienda de productos para mascotas;2799 10 Mile Rd NE;Estados Unidos;;+1 616-863-3400;https://www.meijer.com/shopping/store-locator/226.html?cmpid=LM:Web::::05112021::GoogleGrocery;4.3;0;;
Playa de Bogatell;playa;Paseo Maritimo del Bogatell, s/n;08005 Barcelona;;;http://lameva.barcelona.cat/es/aprovechala/banos-y-playas;4.3;0;;
Playa del Remolar;Playa pública;08820 El Prat de Llobregat;Barcelona;;933 79 00 50;http://www.elprat.cat/;4.3;0;;
Playa canina valencia;Parque para perros;Plaça Num 104 Res Urb, 132A;Valencia;;;;4.3;0;;
Hospital Clínic Veterinari;Hospital veterinario;Universitat Autònoma de Barcelona;Barcelona;;935 81 18 94;https://hcv.uab.cat/;4.3;0;;
Zleep Madrid Airport;Hotel;Av. de Aragón, 402B;28022 Madrid;;659 03 45 63;https://hrewards.com/zleep-hotel-madrid-airport?wt_mc=seo_listing.zleep.yext.madrid_airport.hotel_link.text_cta;4.3;0;;
Hotel Casa Vazquez;Hotel;Cam. del Colmenar, 82;29013 Málaga;;952 25 14 55;;4.3;0;;
Hotel Carlemany Girona;Hotel;Plaça Miquel Santaló i Pavor, 1;17002 Girona;;972 21 12 12;https://www.hotelcarlemanygirona.com/;4.3;0;;
Smart & Final Suc. Segunda;Supermercado;C. Benito Juárez 2da 7002;México;;+52 664 685 9133;http://www.smartnfinal.com.mx/;4.3;0;;
Kiwoko. Mundo Animal;Tienda de productos para mascotas;Sur;14013 Córdoba;;957 85 09 93;https://tiendas.kiwoko.com/andalucia/cordoba/cordoba/kiwoko-cordoba-connecta-86?utm_medium=maps&utm_source=google;4.3;0;;
Peluqueria Canina;Peluquería;C. Martí Grajales, 17;Valencia;;963 72 70 81;;4.3;0;;
Casual Madrid del Teatro;Hotel;Calle de Echegaray, 1;28014 Madrid;;914 29 95 51;https://www.casualhoteles.com/casual-del-teatro-madrid.html?utm_source=gbp&utm_medium=organic&utm_term=sp&utm_id=teatro-madrid;4.3;0;;
Madagascar Mascotas - CC Gran Vía;Tienda de productos para mascotas;C. José García Sellés, 2;03015 Alicante;;965 26 87 25;https://www.madagascarmascotas.com/;4.3;0;;
Playa de Las Moreras. Playa Canina;playa;Av. del Castellar;Murcia;;;http://www.murciaturistica.es/es/playa/playa-de-las-moreras-4894/;4.3;0;;
Parque de la Vega de Triana;Parque;41010 Sevilla;41010 Sevilla;;;https://www.sevilla.org/servicios/medio-ambiente-parques-jardines;4.3;0;;
Coppel El Refugio;Grandes almacenes;Esquina con, Blvd. el Refugio 25420;México;;+52 664 978 2673;https://www.coppel.com/ubicacion-de-tiendas-coppel/baja-california/tijuana/coppel-el-refugio;4.3;0;;
Pet Center Tijuana;Tienda de productos para mascotas;Blvd. Gustavo Díaz Ordaz;México;;+52 664 681 5410;;4.2;0;;
Fénix Hospital Veterinario 24H - Alicante;Hospital veterinario;Carrer José Luis Navarro Campello, 1-3;Alicante;;865 71 48 08;https://fenixhospitalveterinario.es/;4.2;0;;
Playa para Perros;playa;P.º Marítimo del Castellar, 41;Murcia;;;http://www.redcanina.es/playa-sierra-de-las-moreras-para-perros-en-mazarron/;4.2;0;;
Hotel Azahar;Hotel;C. Arquitecto Juan José Belmonte, 4;30007 Murcia;;968 20 17 50;https://www.elchurra.net/;4.2;0;;
IBERIK Santo Domingo Plaza Hotel;Hotel;C. Rda. Sur, s/n;Asturias;;985 20 78 80;http://www.iberikhoteles.com/;4.2;0;;
Casual Vintage Valencia;Hotel;C/ de la Barcelonina, 1;Valencia;;963 21 24 21;https://www.casualhoteles.com/casual-vintage-valencia.html?utm_source=gbp&utm_medium=organic&utm_term=sp&utm_campaign=&utm_id=vintage-valencia;4.2;0;;
El Perro Feliz España;Cuidador de mascotas;;;;678 31 06 66;https://www.elperrofeliz.com/;4.2;0;;
ibis budget Huerta De Murcia;Hotel;C. Jose Manuel Sanchez Pedreño, 6;30009 Murcia;;968 13 23 74;https://all.accor.com/lien_externe.svlt?goto=fiche_hotel&code_hotel=A9N5&merchantid=seo-maps-ES-A9N5&sourceid=aw-cen&utm_medium=seo%20maps&utm_source=google%20Maps&utm_campaign=seo%20maps;4.2;0;;
Petco;Tienda de productos para mascotas;7590 150th St W;Estados Unidos;;+1 952-891-2262;https://stores.petco.com/mn/apple-valley/pet-supplies-applevalley-mn-612.html?utm_source=google&utm_campaign=locallist_612_pcc;4.2;0;;
B&B HOTEL Vigo;Hotel;Rúa de Alfonso XIII, 11;Pontevedra;;986 22 02 20;https://www.hotel-bb.com/es/hotel/vigo?utm_source=googlemaps&utm_medium=fichehotel&utm_campaign=vigo;4.2;0;;
Flats Friends Soho Suites;Apartamento turístico;C/ del Torn de l'Hospital, 7, 9;Valencia;;687 03 37 44;http://www.flatsfriends.com/;4.2;0;;
Área canina Parque Norte;Parque para perros;C. Arzobispo Morcillo, S/N;28029 Madrid;;;https://datos.madrid.es/portal/site/egob/menuitem.c05c1f754a33a9fbe4b2e4b284f1a5a0/?vgnextoid=49e83d5e3af7a510VgnVCM1000001d4a900aRCRD&vgnextchannel=374512b9ace9f310VgnVCM100000171f5a0aRCRD&vgnextfmt=d;4.2;0;;
Centre Veterinari Canis;Veterinario;Avinguda de Lluís Pericot, 17;17003 Girona;;972 22 71 00;http://www.canisgirona.com/;4.2;0;;
Zarpa Protección Animal;Protectora de animales;C. de Cristóbal Colón, 6, 8;50007 Zaragoza;;;http://zarpa.org/;4.2;0;;
Hospital Veterinario Riera Alta Manso;Hospital veterinario;Carrer de Manso, 56;08015 Barcelona;;933 29 81 50;https://www.veterinaririeraalta.com/;4.2;0;;
WoodSpring Suites Panama City Beach;Hotel de larga estancia;9801 Front Beach Rd;Estados Unidos;;+1 850-730-1784;https://www.woodspring.com/extended-stay-hotels/locations/florida/panama-city-beach/woodspring-suites-panama-city-beach?mc=llgoxxpx;4.2;0;;
Sercotel Valladolid;Hotel;C. de Puerto Rico, s/n;47014 Valladolid;;983 45 95 95;https://www.sercotelhoteles.com/es/hotel-valladolid?utm_source=google&utm_medium=referral&utm_campaign=metasearch-links;4.2;0;;
7-Eleven;Tienda de alimentación;Av. Rincón de Las Palmas L1-3O SECTOR;México;;+52 81 8158 0711;https://www.7-eleven.com.mx/;4.2;0;;
Hotel Novotel Monterrey Valle;Hotel;Ave Lazaro Cardenas, Av Dr Atl 3000 Esq;México;;+52 81 8133 8133;https://all.accor.com/lien_externe.svlt?goto=fiche_hotel&code_hotel=3551&merchantid=seo-maps-MX-3551&sourceid=aw-cen&utm_medium=seo%20maps&utm_source=google%20Maps&utm_campaign=seo%20maps;4.2;0;;
Hostal Tartessos;Hotel;C/ de la Sang, 9, 2º;Valencia;;960 83 01 24;https://www.tartessoshostal.com/;4.2;0;;
Centro Fundación APASOS;Protectora de animales;Bo. La Sota;Biscay;;673 25 84 49;https://www.sosbilbao.org/;4.2;0;;
Hotel Imperial;Hotel;C. Peso, 4;47001 Valladolid;;983 33 03 00;https://www.himperial.com/es/?partner=8784utm_source=google&utm_medium=organic&utm_campaign=MyBusiness&utm;4.2;0;;
Mercado Súper Chivas - Lázaro Cárdenas;Supermercado;Blvd. Lázaro Cárdenas 1300;México;;+52 686 567 7446;http://www.superchivas.com.mx/;4.2;0;;
Aloma Jancy Animal Hospital;Veterinario;3370 Pet Country Ct;Estados Unidos;;+1 407-671-1183;https://alomajancy.net/;4.2;0;;
Veterinaria Catalan;Cuidados veterinarios;Carretera Internacional 209;México;;+52 656 682 0373;http://www.veterinaria.org/;4.2;0;;
Parque Canino Babel;Parque para perros;C. Metalurgias, 3;03008 Alicante;;;;4.2;0;;
Hotel Puerta del Arco;Hotel;Av. de Valladolid, 2;Valladolid;;647 75 49 44;http://hotelpuertadelarco.com/;4.2;0;;
B&B HOTEL Zaragoza Centro;Hotel;C. de Sobrarbe, 2;50015 Zaragoza;;976 20 53 20;https://www.hotel-bb.com/es/hotel/zaragoza-centro?utm_source=googlemaps&utm_medium=fichehotel&utm_campaign=zaragoza_centro;4.2;0;;
Tienda De Animales Los Corazones;Tienda de animales;C. Corregidor Francisco de Molina, blq 19, Loc 2;29006 Málaga;;951 99 02 76;;4.2;0;;
Locale90 Neapolitan Pizza Market;Restaurante;1718 S Catalina Ave;Estados Unidos;;+1 310-540-9190;http://locale90.com/;4.2;0;;
Galgos Del Sol winkel;Comercio;C. Sierra del Molar, 2;Murcia;;617 21 61 36;https://galgosdelsol.org/#skip;4.2;0;;
AniCura Glòries Hospital Veterinario;Hospital veterinario;Carrer de Bailèn, 28, local;08010 Barcelona;;932 46 08 05;https://www.anicura.es/clinicas/anicura-glories-hospital-veterinari/;4.2;0;;
Meijer;Tienda de productos para mascotas;9905 Dixie Hwy;Estados Unidos;;+1 502-995-2100;https://www.meijer.com/shopping/store-locator/162.html?cmpid=LM:Web::::05112021::GoogleGrocery;4.2;0;;
Oxxo Valencia II;Tienda de productos para mascotas;La Rioja 2381;México;;+52 81 8320 2020;https://www.oxxo.com/?utm_source=google&utm_medium=organic&utm_campaign=gbp;4.2;0;;
Hospital Veterinario MiVet Animalia;Hospital veterinario;Carrer Creu Coberta, 130;08014 Barcelona;;934 32 25 70;https://mivet.com/hospital-veterinario-animalia-barcelona/?utm_source=GoogleMaps&utm_medium=MyBusiness;4.2;0;;
Hotel Puerto de la Luz by Pierre & Vacances;Hotel;C. Juan Rejón, 44;Las Palmas;;928 79 52 56;https://www.pierreetvacances.com/es-es/fp_TNH_alquiler-habitaciones-hotel-puerto-de-la-luz;4.2;0;;
Cloudscape pet hotel;Servicio de embarque de mascotas;Partida Colorada 38 Crevellent;Alicante;;693 06 01 47;;4.2;0;;
ILUNION Aqua 4;Hotel;Carrer de Luis García-Berlanga Martí, 21;Valencia;;963 18 71 00;https://www.ilunionhotels.com/hoteles/ilunion-aqua-4?partner=5989&sel=sel:nf-gmb:nm-organic:kwp-:nc-:fe-:fm-:mp-:id-5989;4.2;0;;
Playa de Levante;Parque;Passeig Marítim del Bogatell, 145;08005 Barcelona;;;http://www.barcelona.cat/resources/hu/platges/w110.bcn.cat/portal/site/MediAmbient/menuitem.37ea1e76b6660e13e9c5e9c5a2ef8a0c/MediAmbient/menuitem.37ea1e76b6660e13e9c5e9c5a2ef8a0c/LlevantCA.html;4.2;0;;
Sercotel Playa Canteras;Hotel;C. Portugal, 68;Las Palmas;;828 18 07 70;https://www.sercotelhoteles.com/es/hotel-playa-canteras?utm_source=google&utm_medium=referral&utm_campaign=metasearch-links;4.2;0;;
Peluquería Canina CAN CAN;Peluquero de mascotas;C. de Bernardo Fita, 8;50005 Zaragoza;;976 23 60 21;;4.2;0;;
Meijer;Tienda de productos para mascotas;1500 Hillcrest Ave;Estados Unidos;;+1 937-323-0266;https://www.meijer.com/shopping/store-locator/66.html?cmpid=LM:Web::::05112021::GoogleGrocery;4.2;0;;
Las Palmas Market;Tienda de alimentación;1259 N Las Palmas Ave;Estados Unidos;;;;4.2;0;;
OXXO BARCELONA;Tienda de productos para mascotas;Residencial Barcelona;México;;+52 81 8320 2020;https://www.oxxo.com/?utm_source=google&utm_medium=organic&utm_campaign=gbp;4.2;0;;
Hospital Veterinario Puchol;Hospital veterinario;C. de Sauceda, 8;28050 Madrid;;912 90 06 40;https://hospitalveterinariopuchol.com/?utm_source=gbp&utm_medium=organic&utm_campaign=gbp_web;4.2;0;;
Meijer;Tienda de productos para mascotas;6550 Harrison Ave;Estados Unidos;;+1 513-598-2000;https://www.meijer.com/shopping/store-locator/223.html?cmpid=LM:Web::::05112021::GoogleGrocery;4.2;0;;
Valencia Animal Hospital;Hospital veterinario;9040 E Valencia Rd Ste 118;Estados Unidos;;+1 520-623-2422;http://www.valenciaanimalhospital.com/;4.2;0;;
Meijer;Tienda de productos para mascotas;10138 Indianapolis Blvd;Estados Unidos;;+1 219-934-2100;https://www.meijer.com/shopping/store-locator/170.html?cmpid=LM:Web::::05112021::GoogleGrocery;4.2;0;;
Clinica Veterinaria San Fernando, Palma de Mallorca;Veterinario;Avinguda de Sant Ferran, 49;Illes Balears;;971 73 05 46;https://www.cvsanfernando.com/;4.2;0;;
Redes Protección Gatos Valencia;Protectora de animales;C/ de l'Església del Rosari, 22;Valencia;;620 30 66 16;;4.2;0;;
Parque Periurbano La Virreina;Parque;Av. Jane Bowles;Málaga;;;;4.2;0;;
Kiwoko. Mundo Animal;Tienda de productos para mascotas;Carrer del Comte de Salvatierra, 7;Valencia;;963 01 01 32;https://tiendas.kiwoko.com/comunidad-valenciana/valencia/valencia/kiwoko-valencia-salvatierra-32?utm_medium=maps&utm_source=google;4.2;0;;
DIRTY AND HAPPY. PET HOTEL;Guardería canina;Ctra Qiudad Quesada - S Miguel Km 1;Alicante;;617 11 71 51;https://dirtyandhappy.com/;4.2;0;;
Hotel Catalonia Roma;Hotel;Avinguda de Roma, 31;08029 Barcelona;;934 10 66 33;https://www.cataloniahotels.com/es/hotel/catalonia-roma?mb=1&utm_source=googlemaps&utm_medium=organic&utm_campaign=ROM;4.2;0;;
Fundación Animal Rescue;Protectora de animales;;;;682 01 89 44;http://fundacionanimalrescue.org/;4.2;0;;
Hotel Almirante;Hotel;Av. de Niza, 38;03540 Alicante;;965 65 01 12;https://www.hotelalmirante.com/;4.2;0;;
ibis budget Madrid Albasanz;Hotel;C. de Albasanz, 63;28037 Madrid;;810 58 37 69;https://all.accor.com/lien_externe.svlt?goto=fiche_hotel&code_hotel=B8Q7&merchantid=seo-maps-Spain-B8Q7&sourceid=aw-cen&utm_medium=seo%20maps&utm_source=google%20Maps&utm_campaign=seo%20maps;4.2;0;;
Hobby Zoo;Tienda de animales;Ronda Norte, s/n C. C. Carrefour Macarena;41015 Sevilla;;954 95 81 76;http://www.hobbyzoo.es/;4.2;0;;
Sercotel Togumar;Hotel;C. de Canillas, 59;28002 Madrid;;915 19 00 51;https://www.sercotelhoteles.com/es/hotel-togumar?utm_source=google&utm_medium=referral&utm_campaign=metasearch-links;4.2;0;;
Tiendanimal;Tienda de productos para mascotas;Av. de la Aurora, 21;29002 Málaga;;952 36 94 49;https://tiendas.tiendanimal.es/andalucia/malaga/malaga/tiendanimal-larios-malaga-27?utm_medium=maps&utm_source=google;4.2;0;;
Hotel Carreño;Hotel;C. Monte Gamonal, 4;Asturias;;985 11 86 22;http://hotelcarreno.com/;4.2;0;;
Art Apartments Alicante;Alojamiento con servicio;C. de Martínez de Velasco, 21;03013 Alicante;;605 66 29 72;https://artapartments.es/;4.2;0;;
Guau Look;Peluquero de mascotas;Carrer de la Reina Maria Cristina, 64;Illes Balears;;614 51 97 61;https://guau-look.com/;4.2;0;;
Maison PetGlam;Tienda de productos para mascotas;;;;+1 786-603-8865;https://www.maisonpetglam.com/;4.2;0;;
Parque Amate;Parque;Calle Amor, 4A;41006 Sevilla;;;;4.2;0;;
Meijer;Tienda de productos para mascotas;10509 Heartland Blvd;Estados Unidos;;+1 317-821-6800;https://www.meijer.com/shopping/store-locator/204.html?cmpid=LM:Web::::05112021::GoogleGrocery;4.2;0;;
Fuente bajo los tres arcos;Puente;P.º de la Dirección, 313;28029 Madrid;;;http://madrid.es/;4.2;0;;
OXXO BARCELONA;Tienda de productos para mascotas;Camino Del Sol Y Calle Barcelona 8991, Cam. del Sol;México;;+52 81 8320 2020;https://www.oxxo.com/?utm_source=google&utm_medium=organic&utm_campaign=gbp;4.2;0;;
Hotel Campoamor;Hotel;C. de Argüelles, 23;Asturias;;985 21 07 20;http://www.hotelcampoamoroviedo.com/;4.2;0;;
Sercotel Maya Alicante;Hotel;C. Canónigo Manuel L. Penalva, 2;03002 Alicante;;965 26 12 11;https://www.sercotelhoteles.com/es/hotel-maya-alicante?utm_source=google&utm_medium=referral&utm_campaign=metasearch-links;4.2;0;;
Mercado Juárez;Mercado;Ejido Ana;México;;;;4.2;0;;
Allegro Murcia Azarbe;Hotel;Av. del Rocío, 2;30007 Murcia;;968 27 28 29;https://www.barcelo.com/es-es/allegro-murcia-azarbe/?utm_source=google&utm_medium=organic&utm_campaign=my_business&utm_content=41477;4.2;0;;
PetSmart;Tienda de productos para mascotas;1115 Vidina Pl;Estados Unidos;;+1 407-365-1029;https://www.petsmart.com/stores/us/fl/oviedo-store1054.html?utm_source=google&utm_medium=organic&utm_campaign=google-my-business;4.2;0;;
El Cobijo;Protectora de animales;Fundacion Protectora El Cobijo;Murcia;;;https://elcobijo.net/es/home/;4.2;0;;
Parque para perros;Parque para perros;Carrer de Vilalba dels Arcs, 40;08042 Barcelona;;;;4.2;0;;
Kiwoko. Mundo Animal;Tienda de productos para mascotas;Av. de Monforte de Lemos, 36;28029 Madrid;;917 39 68 83;https://tiendas.kiwoko.com/comunidad-de-madrid/madrid/madrid/kiwoko-madrid-vaguada-1?utm_medium=maps&utm_source=google;4.2;0;;
Parc de les Sorts;Parque;Parque público Ses Sorts;Balearic Islands;;;;4.2;0;;
Miscota;Tienda de productos para mascotas;C. Emilio Thuillier, 18;29014 Málaga;;951 74 30 18;http://www.miscota.es/;4.2;0;;
OXXO España MXL;Tienda de productos para mascotas;Calz. Plaza Espana Entre Av. Monte Blanco Y Av. Ca s/n, Av. Castilla Y Av. Monteblanco;México;;+52 81 8320 2020;https://www.oxxo.com/?utm_source=google&utm_medium=organic&utm_campaign=gbp;4.2;0;;
Kiwoko. Mundo Animal;Peluquero de mascotas;Kivet Salud Animal, Autovía A-66;Asturias;;984 85 09 98;https://tiendas.kiwoko.com/asturias/lugones/kiwoko-oviedo-parque-principado-95?utm_medium=maps&utm_source=google;4.2;0;;
Kiwoko. Mundo Animal;Tienda de productos para mascotas;C. de la Calderilla, 1;28054 Madrid;;915 08 22 48;https://tiendas.kiwoko.com/comunidad-de-madrid/madrid/madrid/kiwoko-madrid-islazul-8?utm_medium=maps&utm_source=google;4.2;0;;
Meijer;Tienda de productos para mascotas;1500 E Alexis Rd;Estados Unidos;;+1 419-727-2000;https://www.meijer.com/shopping/store-locator/118.html?cmpid=LM:Web::::05112021::GoogleGrocery;4.2;0;;
Veterinaria son pets suc privadas del bosque;Veterinario;Plaza san judas;México;;+52 662 193 2007;;4.2;0;;
Washcot peluquería y autolavado de mascotas;Peluquero de mascotas;Carrer Radiofonista Raul Alvarez Anton, 2, Local 10;Alicante;;865 88 93 94;https://www.washcot.es/;4.2;0;;
Hostal París;Albergue;C. Especería, 2;47001 Valladolid;;983 37 06 25;http://www.hostalparis.com/;4.2;0;;
Parque canino San Juan de Alicante;Parque para perros;Carrer Pintor Velazquez, 16;Alicante;;;;4.2;0;;
BYPILLOW Castellana;Hotel;C. de Julián Besteiro, 37;28020 Madrid;;915 79 97 38;https://www.bypillow.com/alojamientos/hoteles-en-madrid/castellana/;4.2;0;;
Hotel Ad Hoc Carmen;Hotel;C/ de Samaniego, 20;Valencia;;960 45 45 45;http://www.adhochoteles.com/hotel-ad-hoc-carmen/;4.2;0;;
Pelusas Asociación Protectora;Protectora de animales;;;;;https://www.pelusas.es/;4.2;0;;
Blackcan Veterinaria;Veterinario;C. Tezozómoc 1224;México;;+52 656 592 0657;;4.2;0;;
Parque Para Eventos Los Cachorros;Salón para eventos;Málaga 1500;México;;+52 686 270 9872;https://parqueparaeventosloscachorros.com/;4.2;0;;
Playa El Prat de Llobregat;Playa pública;Carretera de la Platja, 78;Barcelona;;;;4.2;0;;
ZECA - Cuartel de Artillería (Zona Canina);Parque para perros;C. Ingeniería Hidráulica;30002 Murcia;;;http://www.murcia.es/;4.2;0;;
Oxxo cuarta;Tienda de productos para mascotas;Lazaro Cardenas Y Rio Santacruz 601, Urbano Vásquez;México;;+52 81 8320 2020;https://www.oxxo.com/?utm_source=google&utm_medium=organic&utm_campaign=gbp;4.2;0;;
Praia da Punta;playa;Rúa do Doutor Corbal, 172;Pontevedra;;;http://hoxe.vigo.org/conecenos/n_punta.php?lang=cas;4.2;0;;
Mimi-can-run;Parque para perros;Sant Martí;08020 Barcelona;;;;4.2;0;;
OXXO Bilbao MTY;Tienda de productos para mascotas;Calle Bilbao Y Calle Cadiz 564 Esquina, Av Las Americas;México;;+52 81 8320 2020;https://www.oxxo.com/?utm_source=google&utm_medium=organic&utm_campaign=gbp;4.2;0;;
Kiwoko. Mundo Animal;Tienda de productos para mascotas;C. Me Falta un Tornillo, 3;Valladolid;;983 31 92 16;https://tiendas.kiwoko.com/castilla-y-leon/valladolid/arroyo-de-la-encomienda/kiwoko-valladolid-rio-shopping-39?utm_medium=maps&utm_source=google;4.2;0;;
Tiendanimal;Tienda de productos para mascotas;Autovia Del Mediterráneo;30110 Murcia;;868 12 89 81;https://tiendas.tiendanimal.es/region-de-murcia/murcia/churra/tiendanimal-nueva-condomina-murcia-25?utm_medium=maps&utm_source=google;4.2;0;;
ZECA - Jardín Catedrático Fernando Piñuela (Zona Canina);Parque para perros;Av. Antonio Martínez Guirao, 4;30007 Murcia;;;http://www.murcia.es/;4.2;0;;
Kiwoko. Mundo Animal;Tienda de productos para mascotas;Av. de la Ilustración, 6;Valencia;;961 36 24 12;https://tiendas.kiwoko.com/comunidad-valenciana/valencia/burjasot/kiwoko-valencia-ademuz-29?utm_medium=maps&utm_source=google;4.2;0;;
Spark by Hilton Madrid Alcalá;Hotel;C. de Albarracín, 42;28037 Madrid;;910 68 37 98;https://www.hilton.com/en/hotels/madcope-spark-madrid-alcala/?SEO_id=GMB-EMEA-PE-MADCOPE;4.2;0;;
Meijer;Tienda de productos para mascotas;4075 Wilmington Pike;Estados Unidos;;+1 937-298-5800;https://www.meijer.com/shopping/store-locator/102.html?cmpid=LM:Web::::05112021::GoogleGrocery;4.2;0;;
Parque de la Estación del Norte;Parque;Parque de la Estacion del Norte s/n;08018 Barcelona;;;http://lameva.barcelona.cat/es/aprovechala/parques-y-jardines/parque-de-la-estacio-del-nord_92086028091.html;4.2;0;;
Playa de Gavá;playa;08850 Gavà;Barcelona;;;http://gava.info/playa-de-gava;4.2;0;;
Parque de Joan Miró;Parque;Carrer d'Aragó, 2;08015 Barcelona;;;https://www.barcelona.cat/ca/que-pots-fer-a-bcn/parcs-i-jardins/parc-de-joan-miro_92086012013.html;4.2;0;;
Hostal Garden Rous;Hotel;Carrer València, 25;Valencia;;655 24 05 56;http://www.hostalgardenrous.com/;4.2;0;;
Walmart;Tienda de alimentación;Av. Parque México Nte. 320;México;;+52 664 394 4134;https://www.walmart.com.mx/?utm_source=google&utm_medium=gbp&utm_campaign=local;4.2;0;;
ManelCAN;Adiestrador canino;;;;618 41 15 38;;4.2;0;;
Barrio Boutik Hostal;Alojamiento en interiores;Carrer del Carmen, 9;03002 Alicante;;865 52 95 84;https://sys-rsrv.com/barrio-boutik-hostal/;4.2;0;;
fundacio chari cruz;Protectora de animales;apt. correus, 367;Girona;;661 55 83 28;http://fondationcharicruz.org/;4.2;0;;
Hostal La Fuente;Hotel;C. de San Fernando, 51;14003 Córdoba;;957 48 78 27;http://www.hostallafuente.com/;4.2;0;;
Líbere Málaga Teatro Romano;Hotel;Palacio del Marqués de la Sonora;29015 Málaga;;951 12 30 92;https://www.staylibere.com/share/LMTR-gmb-asset-page?utm_source=gmb_listing&utm_medium=organic;4.2;0;;
Petit Palace Preciados;Hotel;C. de Galdo, 2;28013 Madrid;;915 31 41 05;https://www.petitpalace.com/en/petit-palace-preciados/?utm_source=google&utm_medium=organic&utm_campaign=MyBusiness&utm_content=LON&origin_source=google&origin_medium=organic&origin_campaign=MyBusiness;4.2;0;;
Hotel Continental Barcelona;Hotel;La Rambla, 138;08002 Barcelona;;933 01 25 70;http://www.hotelcontinental.com/;4.2;0;;
Centro de Castraciones Sarmiento;Organización sin ánimo de lucro;Sgto. Cabral 1031;Argentina;;+54 351 762-1606;https://www.facebook.com/share/16CN3KpJGk/;4.2;0;;
Mercure Barcelona Condor;Hotel;Via Augusta, 127, Hb003342;08006 Barcelona;;932 09 45 11;https://all.accor.com/lien_externe.svlt?goto=fiche_hotel&code_hotel=9267&merchantid=seo-maps-ES-9267&sourceid=aw-cen&utm_medium=seo%20maps&utm_source=google%20Maps&utm_campaign=seo%20maps;4.2;0;;
Hotel Oasis Córdoba;Hotel;Av. de Cádiz, 78;14013 Córdoba;;957 29 83 11;;4.2;0;;
OXXO 12 de Marzo MAF;Tienda de productos para mascotas;Sendero Nacional Y Barcelona S/N, Av. 12 de Marzo;México;;+52 81 8320 2020;https://www.oxxo.com/?utm_source=google&utm_medium=organic&utm_campaign=gbp;4.2;0;;
Hotel ibis Madrid Calle Alcalá;Hotel;C. de Valentín Beato, 20;28037 Madrid;;913 75 90 43;https://all.accor.com/hotel/3312/index.es.shtml;4.2;0;;
Meijer;Tienda de productos para mascotas;800 US-131;Estados Unidos;;+1 269-279-1200;https://www.meijer.com/shopping/store-locator/175.html?cmpid=LM:Web::::05112021::GoogleGrocery;4.2;0;;
El Palacio de las Mascotas - Veterinaria en Ramos Arizpe;Veterinario;Lic. Gustavo Díaz Ordaz 208;México;;+52 844 488 2588;;4.2;0;;
Parc per a gossos;Parque para perros;Avinguda de París;Girona;;;;4.2;0;;
Candatí Educación Canina;Adiestrador canino;Travesía a;Pontevedra;;653 88 52 62;http://www.candati.com/;4.2;0;;
Parque para perros;Parque;262_AVDA DE DINAMARCA;41012 Sevilla;;;;4.2;0;;
Sociedad Valenciana fomento razas caninas;Organización sin ánimo de lucro;Carrer de Mirasol, 3, bj;Valencia;;963 38 50 23;http://www.caninavalencia.com/;4.2;0;;
CEPAD Centre De Proteccio D'animals Domestics;Refugio para animales;Carretera Palma a, Km 15, 7;Balearic Islands;;871 71 97 72;https://www.cepad.es/;4.2;0;;
Parque Domingo García Ramos;Parque;Domingo García Ramos s/n, C. Felix Candela 2256;México;;;;4.2;0;;
Platja de Can Comes;playa;Girona;Girona;;;;4.2;0;;
Albergue de Protección Animal;Servicio de rescate de animales;C. Venezuela, s/n;Murcia;;661 38 58 30;https://www.anerpa.org/;4.2;0;;
Akra-can;Adiestrador canino;Partida Moralet;Alicante;;965 66 78 80;http://www.akra-can.es/;4.2;0;;
merCat&Dog;Tienda de productos para mascotas;Carrer Gremi de Boters, 5;Illes Balears;;971 78 19 56;https://www.mercatanddog.com/;4.2;0;;
Petco;Tienda de productos para mascotas;1250 N Germantown Pkwy Ste 112;Estados Unidos;;+1 901-757-1376;https://stores.petco.com/tn/cordova/pet-supplies-cordova-tn-1628.html?utm_source=google&utm_campaign=locallist_1628_pcc;4.2;0;;
peluqueria y estetica canina zeus;Peluquero de mascotas;Av de Europa, 117;29004 Málaga;;602 57 02 11;;4.2;0;;
Meijer;Tienda de productos para mascotas;3434 Century Center St SW;Estados Unidos;;+1 616-724-2800;https://www.meijer.com/shopping/store-locator/221.html?cmpid=LM:Web::::05112021::GoogleGrocery;4.2;0;;
Facultat de Veterinària - UAB;Escuela universitaria;Edifici V;Barcelona;;;https://www.uab.cat/veterinaria;4.2;0;;
Palau de Bellavista by URH;Hotel;Pujada dels Polvorins, 1;17004 Girona;;872 08 06 70;https://www.urhbellavistagironahotel.com/;4.2;0;;
VETERINARIA SANTA ROSA;Veterinario;C. Sevilla 4310;México;;+52 656 630 0034;;4.2;0;;
Clínica Veterinaria Albéitar;Veterinario;Inspiración 541;México;;+52 81 1807 6723;https://www.facebook.com/albeitar.veterinaria;4.2;0;;
NYX Hotel Madrid;Hotel;C. del Aviador Zorita, 34;28020 Madrid;;915 53 59 00;https://www.leonardo-hotels.es/madrid/nyx-hotel-madrid?utm_source=gmb&utm_medium=link_site_gmb&utm_campaign=nyx-hotel-madrid;4.2;0;;
OXXO QUINTA FE TIJ;Tienda de productos para mascotas;P.º Alicante 6331;México;;+52 81 8320 2020;https://www.oxxo.com/?utm_source=google&utm_medium=organic&utm_campaign=gbp;4.2;0;;
Meijer;Tienda de productos para mascotas;3145 Ann Arbor-Saline Rd;Estados Unidos;;+1 734-769-7800;https://www.meijer.com/shopping/store-locator/64.html?cmpid=LM:Web::::05112021::GoogleGrocery;4.2;0;;
Kiwoko. Mundo Animal;Tienda de productos para mascotas;Carretera GC-308 C.C Alisios;Las Palmas;;928 97 13 02;https://tiendas.kiwoko.com/canarias/las-palmas/toscon-bajo/kiwoko-las-palmas-alisios-103?utm_medium=maps&utm_source=google;4.2;0;;
Playa de las Filipinas;Playa pública;Autovia de Castelldefels, 29;Barcelona;;;;4.2;0;;
Picnic Dreams Hostel;Hotel;C. San Juan de Letrán, 9;29012 Málaga;;951 99 47 38;https://www.picnicdreamshostel.com/;4.2;0;;
Parque canino Fray Albino;Parque para perros;Avda. del Corregiddor DC, 14009;Córdoba;;;;4.2;0;;
Plaza Del Zapato;Centro comercial outlet;Erasmo Castellanos Q. 9450;México;;+52 664 634 1180;https://www.facebook.com/plazazapatotijuanaoficial/;4.2;0;;
ZEC (Zona de Expansión Canina);Parque;C. Isla Madeira, 7;14011 Córdoba;;;;4.2;0;;
Parque para perros;Parque;17310 Lloret de Mar;Girona;;;;4.2;0;;
Clínica para animales Dr. Alexander;Guardería canina;Blvd. Agua Caliente S/N;México;;+52 664 681 7099;;4.2;0;;
Banfield Pet Hospital;Veterinario;1115 Vidina Pl #195;Estados Unidos;;+1 407-359-7831;https://www.banfield.com/locations/veterinarians/fl/oviedo/ovi?utm_source=yext&utm_medium=yext&utm_campaign=yext&cid=yext_local;4.2;0;;
11th Príncipe by Splendom Suites;Alojamiento con servicio;C. del Príncipe, 11;28012 Madrid;;;http://www.splendomsuites.com/;4.2;0;;
OXXO GRECO;Tienda de productos para mascotas;Calle Covelo 1184, Ave. El Greco Y Ave. Monet;México;;+52 81 8320 2020;https://www.oxxo.com/?utm_source=google&utm_medium=organic&utm_campaign=gbp;4.2;0;;
Hotel Zenit Malaga;Hotel;C. Cuba, 1, 3;29013 Málaga;;952 25 20 00;https://malaga.zenithoteles.com/?partner=8480&utm_source=google&utm_medium=organic&utm_campaign=MyBusiness&utm;4.2;0;;
Pierre & Vacances Sevilla Apartamentos;Hotel;C. Pagés del Corro, 102;41010 Sevilla;;954 04 38 46;https://www.pierreetvacances.com/es-es/fp_EWL_alquiler-apartamentos-apartamentos-sevilla;4.2;0;;
Meijer;Tienda de productos para mascotas;746 E 16th St;Estados Unidos;;+1 616-396-7221;https://www.meijer.com/shopping/store-locator/47.html?cmpid=LM:Web::::05112021::GoogleGrocery;4.2;0;;
Hotel Catalonia Barcelona Plaza;Hotel;Pl. d'Espanya, 8;08014 Barcelona;;934 26 26 00;https://www.cataloniahotels.com/es/hotel/catalonia-barcelona-plaza?mb=1&utm_source=googlemaps&utm_medium=organic&utm_campaign=PLA;4.2;0;;
Kiwoko. Mundo Animal;Tienda de productos para mascotas;Calle Periodista Antonio Garmendia;41020 Sevilla;;955 01 46 60;https://tiendas.kiwoko.com/andalucia/sevilla/sevilla/kiwoko-sevilla-aleste-47?utm_medium=maps&utm_source=google;4.2;0;;
Praia de Carril;playa;Camiño Igrexa, 24;Pontevedra;;;;4.2;0;;
AniCura Constitución Hospital Veterinario| Urgencias 24h;Hospital veterinario;Carrer de l'Alcúdia de Crespins, 12;Valencia;;963 65 14 10;https://www.anicura.es/clinicas/constitucion-hospital-veterinario/;4.2;0;;
B&B HOTEL Oviedo;Hotel;AS-17, salida 24;Asturias;;984 34 51 00;https://www.hotel-bb.com/es/hotel/oviedo?utm_source=googlemaps&utm_medium=fichehotel&utm_campaign=oviedo;4.2;0;;
Pajarera del Campo Grande;Pajarería;47007 Valladolid;47007 Valladolid;;;;4.2;0;;
Parque canino Las Norias;Parque para perros;C. de la Azucarera, 8;47008 Valladolid;;;;4.2;0;;
Del Sol;Tienda de productos para mascotas;Av. Raúl Salinas Lozano 3300;México;;+52 800 375 5260;https://www.delsol.com.mx/;4.2;0;;
Tiendanimal;Tienda de productos para mascotas;Parque Comercial;Balearic Islands;;871 15 12 35;https://tiendas.tiendanimal.es/illes-balears/illes-balears/marratxi-illes-balears/tiendanimal-marratxi-palma-7?utm_medium=maps&utm_source=google;4.2;0;;
OXXO LOMAS DEL REY;Tienda de productos para mascotas;Villas De Valladolid, C. Francia 86 600 Esquina;México;;+52 81 8320 2020;https://www.oxxo.com/?utm_source=google&utm_medium=organic&utm_campaign=gbp;4.2;0;;
OXXO VALENCIA;Tienda de productos para mascotas;Jorge Valencia, Blvd. Antonio Quiroga S/N;México;;+52 81 8320 2020;https://www.oxxo.com/?utm_source=google&utm_medium=organic&utm_campaign=gbp;4.2;0;;
Hotel ILUNION Barcelona;Hotel;Carrer de Ramon Turró, 196, 198;08005 Barcelona;;932 43 88 00;https://www.ilunionhotels.com/hoteles/ilunion-barcelona?partner=5989&sel=sel:nf-gmb:nm-organic:kwp-:nc-:fe-:fm-:mp-:id-5989;4.2;0;;
Oviedo Veterinary Care and Emergency;Veterinario;3011 W State Rd 426;Estados Unidos;;+1 407-434-0020;http://oviedovetcare.com/;4.2;0;;
Hospital Veterinario Gattos | Urgencias 24h;Hospital veterinario;Paseo de la R. Cristina, 18;28014 Madrid;;915 04 06 51;https://gattos.net/;4.2;0;;
Parque De Perros;Parque para perros;C. Lomo la Plana, 3;Las Palmas;;;;4.2;0;;
Plaza Oasis Tijuana;Centro comercial;Blvd, Real de Baja California 23911-Mz 617, Lt 37;México;;+52 664 971 9050;https://laplazaoasis.com/;4.2;0;;
El Nogal Home;Hotel;Av. Juan Sebastián Elcano, 62;29017 Málaga;;952 29 55 58;https://hostalelnogalmalaga.com/;4.2;0;;
MundiAcuario;Tienda de animales;C. la Unión, 45, Local Comercial;29006 Málaga;;951 09 86 02;https://mundiacuario.es/;4.2;0;;
Hostal Moscatel;Hotel;C. Conde de las Navas, 9;29017 Málaga;;952 29 32 18;https://www.hostalmoscatel.com/;4.2;0;;
Hotel Boutique Calas de Alicante;Hotel;Avinguda de la Costa Blanca, 22A;Alicante;;965 15 27 00;https://www.hotelcalasdealicante.com/es/;4.2;0;;
Animal Healt;Veterinario;Av Campo Nuevo 128;México;;+52 871 114 1955;;4.2;0;;
Hotel ibis Barcelona Meridiana;Hotel;Passeig d'Andreu Nin, 9, Hb004159;08016 Barcelona;;932 76 83 10;https://all.accor.com/lien_externe.svlt?goto=fiche_hotel&code_hotel=3310&merchantid=seo-maps-ES-3310&sourceid=aw-cen&utm_medium=seo%20maps&utm_source=google%20Maps&utm_campaign=seo%20maps;4.2;0;;
Altamonte Pet Doc Hospital;Veterinario;262 E Altamonte Dr;Estados Unidos;;+1 407-834-7000;;4.2;0;;
Peluquería Canina, Guau Qué Pelos!;Peluquero de mascotas;C. de Joaquín Sanz Gadea, 3;50002 Zaragoza;;639 53 08 36;https://peluqueriacaninaguauquepelos.com/;4.2;0;;
Sociedad Protectora de Animales y Plantas;Protectora de animales;Carr. de El Pardo a Fuencarral;28049 Madrid;;913 11 91 33;http://www.spap.net/;4.2;0;;
Kiwoko. Mundo Animal;Peluquero de mascotas;Av. del Dr. Jiménez Díaz, 19;03005 Alicante;;965 64 12 98;https://tiendas.kiwoko.com/comunidad-valenciana/alicante/alicante/kiwoko-alicante-corfu-94?utm_medium=maps&utm_source=google;4.2;0;;
Las Palmas Pet Clinic;Hospital veterinario;1232 S General McMullen;Estados Unidos;;+1 210-435-7732;http://www.laspalmaspetclinic.org/;4.1;0;;
Meijer;Tienda de productos para mascotas;21431 Grand River Ave;Estados Unidos;;+1 313-778-7700;https://www.meijer.com/shopping/store-locator/286.html?cmpid=LM:Web::::05112021::GoogleGrocery;4.1;0;;
Hotel Zenit Barcelona;Hotel;Carrer de Santaló, 8;08021 Barcelona;;932 41 18 00;https://barcelona.zenithoteles.com/?partner=8480&utm_source=google&utm_medium=organic&utm_campaign=MyBusiness&utm;4.1;0;;
Pensión Mástil 16. P2;Hotel;C. Driza, 7;29006 Málaga;;665 63 32 17;https://www.hoteleswebs.com/pension-mastil-16-p2/;4.1;0;;
Hotel Santa Cruz;Hotel;Calle del;Asturias;;985 22 37 11;http://www.santacruzoviedo.com/;4.1;0;;
Preppy Pet Boarding And Daycare;Guardería canina;55 W Michigan St;Estados Unidos;;+1 407-841-2226;http://www.preppypet.com/orlando;4.1;0;;
Parque canino;Parque para perros;C/ de l'Enginyer Fausto Elio, 96;Valencia;;;;4.1;0;;
Hospital Veterinario Arturo Soria;Hospital veterinario;C. de Caleruega, 97;28033 Madrid;;917 66 87 74;http://www.hvarturosoria.com/?utm_source=google&utm_medium=organic&utm_campaign=rM3oiNMojk;4.1;0;;
Soriana Híper Anáhuac;Supermercado;Calz Anáhuac 1301;México;;+52 800 707 4262;https://www.soriana.com/;4.1;0;;
Cotecan Mascotas;Tienda de productos para mascotas;Carrer Benidoleig, 16;Alicante;;965 66 09 32;https://www.cotecanmascotas.com/;4.1;0;;
Hesperia Barcelona Del Mar;Hotel;Carrer d'Espronceda, 6;08005 Barcelona;;935 02 97 00;;4.1;0;;
Área para perros - Jardines del Bajo Guinardó;Parque para perros;Carrer de Lepant, 387;08025 Barcelona;;;http://ajuntament.barcelona.cat/benestaranimal/es/areas-de-recreo-para-perros;4.1;0;;
Bannon Creek Park & Parkway;Parque;2780 Azevedo Dr;Estados Unidos;;+1 916-808-6060;https://www.cityofsacramento.org/ParksandRec/Parks/Park-Directory/South-Natomas/Bannon-Creek;4.1;0;;
Kiwoko. Mundo Animal;Tienda de productos para mascotas;Calle Santa Genoveva Torres s/n C.C.Arena, Local S-16;Valencia;;963 45 65 14;https://tiendas.kiwoko.com/comunidad-valenciana/valencia/valencia/kiwoko-valencia-arena-multiespacio-31?utm_medium=maps&utm_source=google;4.1;0;;
Hotel Gran Vía;Hotel;P.º Gran Vía, 38;50005 Zaragoza;;976 22 92 13;http://www.granviahotel.com/;4.1;0;;
Hospital Veterinario Madrid Centro;Hospital veterinario;Calle Velázquez, 136;28006 Madrid;;919 90 09 10;https://www.hospitalveterinariomadridcentro.com/?utm_campaign=gmaps&utm_medium=maps&utm_source=google;4.1;0;;
Best Western Premier CMC Girona;Hotel;Carrer Barcelona, 112;17003 Girona;;972 40 05 00;https://hotelcmcgirona.com/;4.1;0;;
Hostal NANA B&B;Hotel;C. Purificación Bezos, 21 bis;Valladolid;;681 29 75 26;https://www.hostalnana.com/;4.1;0;;
Hotel Monte Victoria - Mejor Precio Garantizado;Hotel;C. Conde de Ureña, 58;29012 Málaga;;;;4.1;0;;
Hotel Avenida;Hotel;Av. de César Augusto, 55;50003 Zaragoza;;976 43 93 00;http://www.hotelavenida-zaragoza.com/;4.1;0;;
Zona ZECA - Parque Canino;Parque para perros;C. Sauce, 2;Murcia;;;;4.1;0;;
Pipican Vilablareix;Parque para perros;17180 Vilablareix;Girona;;;;4.1;0;;
José Trull Gamundí;Tienda de animales;Carrer del Carme, 63;17004 Girona;;972 21 18 01;;4.1;0;;
Hospital Veterinario Estética Canina y Felina;Veterinario;Xola 15;México;;+52 664 686 5007;;4.1;0;;
Hostal El Carmen;Albergue;P.º de María Agustín, 13;50004 Zaragoza;;976 21 11 00;http://hostal-el-carmen.com.es/;4.1;0;;
ComoTú Mascotas Plaza Mar2;Tienda de productos para mascotas;B 44 C.C. Plazamar 2;03016 Alicante;;965 22 01 22;http://www.comotumascotas.com/;4.1;0;;
Hotel Boutique Puerta del Rincón;Hotel;C. Isabel Losa, 8;14001 Córdoba;;682 85 46 12;;4.1;0;;
Ibis Tijuana Zona Rio;Hotel;Blvrd Gral Rodolfo Sánchez Taboada 9170;México;;+52 664 512 0600;https://all.accor.com/lien_externe.svlt?goto=fiche_hotel&code_hotel=A0V4&merchantid=seo-maps-MX-A0V4&sourceid=aw-cen&utm_medium=seo+maps&utm_source=google+Maps&utm_campaign=seo+maps&y_source=1_MTUzNjEwMzEtNzE1LWxvY2F0aW9uLndlYnNpdGU=;4.1;0;;
Hotel Negresco Gran Vía Madrid;Hotel;C. de Mesonero Romanos, 12;28013 Madrid;;917 37 87 00;https://www.negrescohoteles.com/negresco-gran-via.html;4.1;0;;
Hotel Soho Boutique Hospedería del Atalia;Hotel;C. Buen Pastor, 19;14003 Córdoba;;957 49 66 59;https://www.sohohoteles.com/destinos/hotel-soho-boutique-atalia-3/;4.1;0;;
Playa Badalona;playa;08918 Badalona;Barcelona;;;;4.1;0;;
Parque Canino Escuela Canina Quercus;Parque para perros;Pl. José Bergamín, 7;29007 Málaga;;952 39 84 89;http://www.escuelacanina.com/;4.1;0;;
Albergue de Animales de Oviedo;Refugio para animales;Lugar Bolgachina, 0 S N;33196 Caserón ( El );;611 00 53 86;;4.1;0;;
Nice Dog;Veterinario;Local 4 Plaza Las Palmas, Bulevar Luis D. Colosio 785-Loc 4;México;;+52 662 318 8536;;4.1;0;;
Hospital Veterinario UCV;Hospital veterinario;Avinguda de Pérez Galdós, 51;Valencia;;963 21 71 13;https://www.ucv.es/quienes-somos/campus-y-centros/hospital-veterinario-ucv/presentacion;4.1;0;;
Parque de Can Dragó;Parque;Nou Barris;08016 Barcelona;;;http://meet.barcelona.cat/en/discover-barcelona/districts/nou-barris/parc-de-can-drago;4.1;0;;
Finca Gil Residencia De Perros;Adiestrador canino;Cam. los Cerros, 2;Murcia;;660 63 98 94;http://www.residenciacaninafincagil.es/;4.1;0;;
FELCAN;Protectora de animales;Apartado de Correos 114;Valencia;;619 88 34 77;http://www.felcan.org/;4.1;0;;
Center Lake Doggy Park;Parque para perros;1521315240000004B;Estados Unidos;;;;4.1;0;;
Meijer;Tienda de productos para mascotas;3825 Carpenter Rd;Estados Unidos;;+1 734-973-1200;https://www.meijer.com/shopping/store-locator/27.html?cmpid=LM:Web::::05112021::GoogleGrocery;4.1;0;;
Área de recreo canina;Parque para perros;C. del Poeta Joan Maragall, 31;28020 Madrid;;;http://madrid.es/;4.1;0;;
Parque Canino Parque del Norte;Parque para perros;Camino Cuarto, 1;29010 Málaga;;951 92 60 28;http://parquesyjardines.malaga.eu/;4.1;0;;
Avalon Family Vet;Veterinario;3520 Avalon Park E Blvd #3;Estados Unidos;;+1 407-275-3430;https://avalonfamilyvet.com/;4.1;0;;
Playa de Cesantes;playa;;Playa de Cesantes;;;;4.1;0;;
Schoolcanin - Escuela y Residencia Canina;Guardería canina;Urb. La Torrecilla;Sevilla;;955 18 00 48;http://www.schoolcanin.es/;4.1;0;;
Parque María Eva Duarte de Perón;Parque;Salamanca;28028 Madrid;;;https://www.madrid.es/portales/munimadrid/es/Inicio/El-Ayuntamiento/Parques-y-jardines/Patrimonio-Verde/Parques-en-Madrid/Parque-Eva-Duarte/?vgnextfmt=default&vgnextoid=a55f223d4b2ee210VgnVCM1000000b205a0aRCRD&vgnextchannel=38bb1914e7d4e210VgnVCM1000000b205a0aRCRD;4.1;0;;
Sercotel Sevilla Guadalquivir Suites;Hotel;C. Calatrava, 24;41002 Sevilla;;854 84 01 00;https://www.sercotelhoteles.com/es/hotel-sevilla-guadalquivir-suites?utm_source=google&utm_medium=referral&utm_campaign=metasearch-links;4.1;0;;
Living Valencia Apartments;Hotel;Plaça de la Mercè, 3;Valencia;;963 94 11 00;http://www.livingvalencia.com/;4.1;0;;
Parque Central de Rafael Masó Valentí;Parque;Av. de St. Narcís, 16;17005 Girona;;;;4.1;0;;
Oxxo Santa Rosa;Tienda de productos para mascotas;Km 16 + 300 Carretera Al Faro 1;México;;+52 81 8320 2020;https://www.oxxo.com/?utm_source=google&utm_medium=organic&utm_campaign=gbp;4.1;0;;
Peluquería canina Carol;Tienda de productos para mascotas;Carrer del Regidor Lorenzo Llaneras, n° 11 Local, 8A;03005 Alicante;;617 79 68 30;;4.1;0;;
OXXO Lagrange;Tienda de productos para mascotas;Ave. Lopez Mateos 300, Av. Roberto G. Sada l, entre R;México;;+52 81 8320 2020;https://www.oxxo.com/?utm_source=google&utm_medium=organic&utm_campaign=gbp;4.1;0;;
Petco;Tienda de productos para mascotas;5405 E Broadway Blvd;Estados Unidos;;+1 520-571-1772;https://stores.petco.com/az/tucson/pet-supplies-tucson-az-574.html?utm_source=google&utm_campaign=locallist_574_pcc;4.1;0;;
U-Hotel Villa Gomá;Hotel;C. del Padre Arrupe, 1;50009 Zaragoza;;876 67 16 06;https://u-hoteles.es/hotel-villa-goma/;4.1;0;;
Centro de Protección Animal de Madrid Salud;Servicio de rescate de animales;Ctra. Barrio de la Fortuna, 33;28054 Madrid;;913 09 41 35;https://adopcionanimal.es/;4.1;0;;
Área para perros Guilleries;Parque para perros;17300 Blanes;Girona;;;;4.1;0;;
Hotel NH Valencia Las Artes;Hotel;Av. de l'Institut Obrer de València, 28;Valencia;;963 35 13 10;https://www.nh-hotels.com/en/hotel/nh-valencia-las-artes?utm_campaign=local-gmb&utm_medium=organic_search&utm_source=google_gmb;4.1;0;;
Apartamentos Santa Bárbara;Alojamiento con servicio;Carrer del Carmen, 2;03002 Alicante;;607 30 84 32;https://apartamentossantabarbara.top/;4.1;0;;
Hospital Veterinario Costa Brava;Veterinario;Carrer de la Metal·lúrgia, 16;Girona;;972 30 36 47;http://www.bravavet.com/;4.1;0;;
Kiwoko. Mundo Animal;Tienda de productos para mascotas;Av. Juan de Borbón, Loc B - 87;Murcia;;968 38 56 47;https://tiendas.kiwoko.com/region-de-murcia/murcia/murcia/kiwoko-murcia-thader-67?utm_medium=maps&utm_source=google;4.1;0;;
B&B HOTEL Alicante;Hotel;C. Bélgica, 1;03008 Alicante;;966 01 10 00;https://www.hotel-bb.com/es/hotel/alicante?utm_source=googlemaps&utm_medium=fichehotel&utm_campaign=alicante;4.1;0;;
Parque Canino La Dorada;Parque para perros;C. los Corales, 29;Murcia;;;;4.1;0;;
Guardería Canina Maspalomas;Guardería canina;Unnamed Road, 35109;Las Palmas;;670 80 43 50;;4.1;0;;
Hotel Lasa Sport;Hotel;Carr. de Rueda, 187;47008 Valladolid;;983 24 54 44;http://www.lasasporthotel.com/;4.1;0;;
Cafetería Dulces Dreams;Hotel;Pl. de los Mártires Ciriaco y Paula, 6;29008 Málaga;;951 35 78 69;http://www.dulcesdreamshostel.com/;4.1;0;;
DoubleTree by Hilton Girona;Hotel;Carrer Mossèn Joan Pons, 1;17001 Girona;;972 41 46 00;https://www.hilton.com/en/hotels/grojpdi-doubletree-girona/?SEO_id=GMB-EMEA-DI-GROJPDI;4.1;0;;
Oxxo Rincon de Palmas;Tienda de productos para mascotas;RuiseÒor Y Cardenal 1099, Calle Gral. Miguel Piña;México;;+52 81 8320 2020;https://www.oxxo.com/?utm_source=google&utm_medium=organic&utm_campaign=gbp;4.1;0;;
Casa Barcelo Hostel Barcelona;Albergue;Carrer de Còrsega, 226, Ent 2ª;08036 Barcelona;;936 67 78 06;http://www.casabarcelo.es/;4.1;0;;
Parque para perros;Parque para perros;Trav. de Dalt, 39X;08024 Barcelona;;;;4.1;0;;
Parque para perros;Parque para perros;Tr.ª de Vázquez de Mella, 6;28017 Madrid;;;http://madrid.es/;4.1;0;;
Sercotel Porta Barcelona;Hotel;Avinguda Generalitat de Catalunya, 2-6;Barcelona;;934 80 25 01;https://www.sercotelhoteles.com/es/hotel-porta-barcelona?utm_source=google&utm_medium=referral&utm_campaign=metasearch-links;4.1;0;;
Decathlon Capitol (Bilbao);Tienda de deportes;Villarías Kalea, 10;Bizkaia;;944 24 75 38;https://www.decathlon.es/es/store-view/tienda-de-deportes-capitol-0070073800738?utm_campaign=es_f-cv_xx-gbp-decathlon-capitol-%28bilbao%29&utm_medium=organic&utm_source=organic-shopping;4.1;0;;
Playa zona perros;Parque;Carretera d'En Plus;Girona;;972 45 41 32;;4.1;0;;
Tiendanimal;Tienda de productos para mascotas;Av. del Real Valladolid, 5;47014 Valladolid;;983 95 05 26;https://tiendas.tiendanimal.es/castilla-y-leon/valladolid/valladolid/tiendanimal-parquesol-valladolid-59?utm_medium=maps&utm_source=google;4.1;0;;
Valencia Veterinary Center;Veterinario;23928 Summerhill Ln;Estados Unidos;;+1 661-263-9100;https://bestvalenciavet.com/;4.1;0;;
Meijer;Tienda de productos para mascotas;3710 Dix Hwy;Estados Unidos;;+1 313-294-1700;https://www.meijer.com/shopping/store-locator/208.html?cmpid=LM:Web::::05112021::GoogleGrocery;4.1;0;;
Clínica veterinaria de animales exóticos ARACAVIA;Veterinario;C. de Saint Exupéry, 10;29007 Málaga;;951 23 93 09;http://www.aracavia.es/;4.1;0;;
Peludog;Peluquero de mascotas;C. Almohajar, 8, Loc 2;30002 Murcia;;640 90 96 23;https://instagram.com/peludogmurcia?igshid=ZGUzMzM3NWJiOQ==;4.1;0;;
Centro Veterinario Las Columnas;Hospital veterinario;Plaça Francesc García i Orell, 14, BAJO;Illes Balears;;971 46 08 50;https://www.centroveterinariolascolumnas.com/;4.1;0;;
Parque canino El Rincón;Parque para perros;Ctra. del Rincón;Las Palmas;;;;4.1;0;;
Parque de entretenimiento para perros, Parque Felipe VI;Parque para perros;Hortaleza;28055 Madrid;;;;4.1;0;;
Perrunos UAAAN;Refugio para animales;Zacatecas - Saltillo;México;;+52 844 310 1420;https://www.facebook.com/Perrunos-UAAAN-222972971627387;4.1;0;;
B48 Oviedo Ópera;Hotel;C. Covadonga, 7;Asturias;;984 88 02 68;https://www.stayb48.com/share/BOOP-gmb-asset-page?utm_source=gmb_listing&utm_medium=organic;4.1;0;;
Hotel ibis Sevilla;Hotel;Hotel Ciudad 1*;41007 Sevilla;;954 36 18 39;https://all.accor.com/lien_externe.svlt?goto=fiche_hotel&code_hotel=3207&merchantid=seo-maps-ES-3207&sourceid=aw-cen&utm_medium=seo%20maps&utm_source=google%20Maps&utm_campaign=seo%20maps;4.1;0;;
OXXO GRANADA II;Tienda de productos para mascotas;Av Sevilla Y Av Valencia 2269, C. Granada;México;;+52 81 8320 2020;https://www.oxxo.com/?utm_source=google&utm_medium=organic&utm_campaign=gbp;4.1;0;;
Área de recreo para perros Can Dragó;Parque para perros;Avinguda de Rio de Janeiro, 4;08016 Barcelona;;;https://www.barcelona.cat/ca/que-pots-fer-a-bcn/parcs-i-jardins/area-d-esbarjo-per-a-gossos-parc-de-can-drago_99400344557.html;4.1;0;;
Peludos;Peluquero de mascotas;C. Jano, n° 6;29010 Málaga;;657 93 65 05;http://malagapeludos.com/;4.1;0;;
Fairfield by Marriott Inn & Suites Palm Beach;Hotel;2870 S Ocean Blvd;Estados Unidos;;+1 561-582-2585;https://www.marriott.com/en-us/hotels/pbiff-fairfield-inn-and-suites-palm-beach/overview/?scid=f2ae0541-1279-4f24-b197-a979c79310b0;4.1;0;;
Pájaros Arnaiz;Tienda de animales;Urbanización Can Mayol, parcela 34;Illes Balears;;971 47 01 76;https://www.pajarosarnaiz.store/es/;4.1;0;;
Meijer;Tienda de productos para mascotas;3565 Fairlane Dr;Estados Unidos;;+1 313-253-1100;https://www.meijer.com/shopping/store-locator/233.html?cmpid=LM:Web::::05112021::GoogleGrocery;4.1;0;;
Kiwoko. Mundo Animal;Tienda de productos para mascotas;Ctra. Alicante-Valencia, KM 89;Alicante;;965 64 86 35;https://tiendas.kiwoko.com/comunidad-valenciana/alicante/sant-joan-dalacant/kiwoko-alicante-san-juan-102?utm_medium=maps&utm_source=google;4.1;0;;
Pajareria Carolinas;Tienda de animales;C. del Catedrático Daniel Jiménez de Cisneros, N° 23, a bajo;Alicante;;647 44 09 88;;4.1;0;;
Tiendanimal;Tienda de productos para mascotas;95QV+QXX;Asturias;;985 26 83 77;https://tiendas.tiendanimal.es/asturias/la-belga/tiendanimal-parque-principado-asturias-26?utm_medium=maps&utm_source=google;4.1;0;;
Hotel ibis Malaga Centro Ciudad;Hotel;Hotel Ciudad 2*;29007 Málaga;;952 07 07 41;https://all.accor.com/lien_externe.svlt?goto=fiche_hotel&code_hotel=5585&merchantid=seo-maps-ES-5585&sourceid=aw-cen&utm_medium=seo%20maps&utm_source=google%20Maps&utm_campaign=seo%20maps;4.1;0;;
Playa de Montgat Norte;playa;08390 Montgat;Barcelona;;;http://www.beachrex.com/en/spain/ambit-metropolita/montgat-beaches/beach-de-montgat-nord;4.1;0;;
Meijer;Tienda de productos para mascotas;5121 S Westnedge Ave;Estados Unidos;;+1 269-381-3465;https://www.meijer.com/shopping/store-locator/22.html?cmpid=LM:Web::::05112021::GoogleGrocery;4.1;0;;
Semoran & 408 Pet Doc Hospital;Veterinario;427 S Semoran Blvd;Estados Unidos;;+1 407-207-1133;http://semoran408.com/;4.1;0;;
Hospital Veterinario Balto;Veterinario;C. Desengaño, 6;29140 Málaga;;952 62 13 13;;4.1;0;;
Parque canino - Palacio Reina Sofía;Parque para perros;FJ5R+VV;Valencia;;;;4.1;0;;
Tiendanimal;Tienda de productos para mascotas;Barrio Peruri, s/n;Bizkaia;;944 34 02 34;https://tiendas.tiendanimal.es/euskadi/bizkaia/peruri/tiendanimal-artea-bilbao-22?utm_medium=maps&utm_source=google;4.1;0;;
Hotel Goya;Hotel;C. Mateos Gago, 31;41004 Sevilla;;954 21 11 70;http://www.hotelgoyasevilla.com/;4.1;0;;
Ibis Murcia;Hotel;Junto Carrefour Zaraiche;30009 Murcia;;968 27 49 39;https://all.accor.com/lien_externe.svlt?goto=fiche_hotel&code_hotel=3676&merchantid=seo-maps-ES-3676&sourceid=aw-cen&utm_medium=seo%20maps&utm_source=google%20Maps&utm_campaign=seo%20maps;4.1;0;;
Mascotiti Hospital Veterinario Cañaveral – Urgencias 24h;Hospital veterinario;Av. de Miguel Delibes, 25;28052 Madrid;;912 40 41 50;https://www.mascotiti.es/;4.1;0;;
Hospital Veterinario Pets Mas Bet;Veterinario;Mariano Jiménez 419;México;;+52 81 1240 5079;https://petsmasbet.com/;4.1;0;;
Playa Para Perros;playa;;Playa Para Perros;;;;4.1;0;;
Solabe;Reserva natural;Kanala Auzoa, 41;Bizkaia;;;;4.1;0;;
Meijer;Tienda de productos para mascotas;2425 Alpine Ave NW;Estados Unidos;;+1 616-364-6281;https://www.meijer.com/shopping/store-locator/20.html?cmpid=LM:Web::::05112021::GoogleGrocery;4.1;0;;
Oxxo Valencia;Tienda de productos para mascotas;Valencia Y La Rioja 3385, Blvr. Valencia;México;;+52 81 8320 2020;https://www.oxxo.com/?utm_source=google&utm_medium=organic&utm_campaign=gbp;4.1;0;;
Clínica Veterinaria Álamos;Veterinario;C. Álamos, 43;29012 Málaga;;952 21 22 16;;4.1;0;;
Alief Animal Hospital;Hospital veterinario;7311 S Kirkwood Rd;Estados Unidos;;+1 281-498-6702;http://aliefanimalhospital.com/;4.1;0;;
Platja del Masnou;playa;08320;Barcelona;;;http://elmasnou.cat/;4.1;0;;
Peluquería y Guardería Canina Talento;Guardería canina;Cam. del Cascajo, 18;Las Palmas;;677 86 42 13;https://www.peluqueriaguarderiacaninatalento.com/;4.1;0;;
Asociación Defensa Animal de Torrent - ADAT;Protectora de animales;;;;;https://adat.protecms.com/;4.1;0;;
Hotel Ayre Astoria Palace;Hotel;Plaça de Rodrigo Botet, 5;Valencia;;;https://hotelayre.es/;4.1;0;;
Zona ZECA - Parque canino;Parque para perros;C. Numancia, 1;Murcia;;;;4.1;0;;
Hotel Castilla Guerrero;Hotel;C. Córdoba, 7;29001 Málaga;;952 21 86 35;https://www.hotelcastillaguerrero.com/;4.1;0;;
Playa de la Calera;playa;30868;Murcia;;;;4.1;0;;
OXXO SagitarioTIJ;Tienda de productos para mascotas;Tercera 301-A Y B;México;;+52 81 8320 2020;https://www.oxxo.com/?utm_source=google&utm_medium=organic&utm_campaign=gbp;4.1;0;;
Estilo canino;Peluquero de mascotas;Calle Reyes Católicos, 5;Asturias;;665 50 82 81;;4.1;0;;
Kiwoko. Mundo Animal;Tienda de productos para mascotas;Autovía Rias Baixas;Pontevedra;;986 40 64 66;https://tiendas.kiwoko.com/pontevedra/vigo/kiwoko-vigo-meixueiro-52?utm_medium=maps&utm_source=google;4.1;0;;
Hotel ILUNION Valencia 4;Hotel;Carrer de la Vall d'Aiora, 1;Valencia;;963 99 74 00;https://www.ilunionhotels.com/hoteles/ilunion-valencia-4?partner=5989&sel=sel:nf-gmb:nm-organic:kwp-:nc-:fe-:fm-:mp-:id-5989;4.1;0;;
Hotel Ciudad De Vigo;Hotel;R. de Concepción Arenal, 5;Pontevedra;;986 22 78 20;http://ciudaddevigo.com/;4.1;0;;
Parque Cerrada Bilbao 1;Parque;Blvd. San Carlos;México;;;;4.1;0;;
OXXO MONTANA;Tienda de productos para mascotas;Blvd. Alicante Y Palermo 6128, Blvd. Sta. Fe;México;;+52 81 8320 2020;https://www.oxxo.com/?utm_source=google&utm_medium=organic&utm_campaign=gbp;4.1;0;;
Veterinaria Sanders;Veterinario;Av. Sanders 420, Priv. de Sevilla 4103;México;;+52 656 207 6898;http://www.veterinaria.org/;4.1;0;;
Veterinaria del Norte;Veterinario;Blvd. Zaragoza 1009;México;;+52 656 507 1498;;4.1;0;;
Parque canino Campu San Francisco;Parque para perros;33007 Oviedo;Asturias;;;;4.1;0;;
El perro escuchado;Adiestrador canino;C. de Valdesangil, 61;28039 Madrid;;624 81 80 40;;4.1;0;;
Tiendanimal;Tienda de productos para mascotas;Carrer Sor de Catalina Maura;Illes Balears;;871 55 05 29;https://tiendas.tiendanimal.es/illes-balears/illes-balears/palma/tiendanimal-capiscol-mallorca-9?utm_medium=maps&utm_source=google;4.1;0;;
Hospital Veterinario de Referencia Veterios;Veterinario;C. de Arrastaria, 23;28022 Madrid;;912 90 94 58;http://www.veterios.com/;4.1;0;;
Parque para perros;Parque para perros;35005 Las Palmas de Gran Canaria;Las Palmas;;;;4.1;0;;
Hotel Sterling Madrid | Hotel 3 estrellas en Madrid;Hotel;C. de San Bernardo, 29, 31;28015 Madrid;;915 42 04 00;http://www.hotelsterlingmadrid.com/?referer_code=google;4.1;0;;
Madagascar Mascotas - CC. Carrefour San Juan;Tienda de animales;Ctra. Valencia, Km. 89, C.C. Carrefour San Juan, 03550 San Juan, Alicante;03550 Alicante;;965 26 87 25;https://www.madagascarmascotas.com/;4.1;0;;
Senator Parque Central Hotel;Hotel;Pl. Manuel Sanchís Guarner, 1;Valencia;;963 95 80 80;https://www.senatorhr.com/senator-parque-central-hotel/;4.1;0;;
Playa de Encinas de Esgueva;Atracción turística;47186 Encinas de Esgueva;Valladolid;;;;4.1;0;;
Hotel Ciudad de Valladolid;Hotel;Av. Ramón Pradera, 10-12;47009 Valladolid;;983 35 11 11;https://www.hotelciudaddevalladolid.com/;4.1;0;;
Centre Verd;Centro de jardinería;El Sitjar, 1A;Girona;;972 22 22 41;http://www.centreverd.cat/;4.1;0;;
Hostal Cumbre;Hotel;Av. de Cataluña, 24;50014 Zaragoza;;976 29 11 48;http://www.hostalcumbre.com/;4.1;0;;
Parc de Convivència La Ribera;Parque;Carrer del Flamenc;Illes Balears;;;;4.1;0;;
ISED Bilbao;Centro de formación;Adiskidetasun Kalea, 7;Bizkaia;;944 35 41 33;https://www.ised.es/centros/ised-bilbao/;4.1;0;;
OXXO (Bella vista);Tienda de productos para mascotas;Puerto Veracruz Y Puerto Guaymas S/N, Av. Puerto San Jorge;México;;+52 81 8320 2020;https://www.oxxo.com/?utm_source=google&utm_medium=organic&utm_campaign=gbp;4.1;0;;
Guardería - Residencia Canina Madrid RASTAdog Barajas de Bienestar Animal - Hotel Boutique Canino;Guardería canina;C. Trespaderne, 7;28042 Madrid;;687 01 29 49;https://www.caninaresidenciamadrid.es/;4;0;;
Parque canino;Parque para perros;46920 Mislata;Valencia;;;;4;0;;
Parque Canino "Las Moreras";Parque para perros;28903 Getafe;Madrid;;;;4;0;;
Asociacion Andaluza para la Defensa de los Animales;Organización no gubernamental;C. Gracia Fernández Palacios, 4;41001 Sevilla;;954 56 10 58;http://www.asanda.org/;4;0;;
Oscar Polo - Adiestramiento de Perros de Caza;Adiestrador canino;C. los Bohemios, 1;28041 Madrid;;609 18 50 94;http://www.adiestramientodeperrosdecaza.com/;4;0;;
Sweet San Francisco;Hotel;C. San Francisco, 42;Alicante;;680 55 19 14;https://sweetsanfrancisco.top/;4;0;;
MAISON CONDE DE LA CEBADA;Hotel;Plaza Don Francisco Martin Gromaz, 12;Palencia;;682 53 97 46;;4;0;;
Konpa Mascotas (By Euskalmushing) Tienda Rekalde.;Tienda de productos para mascotas;Biarritz Kalea, 1A;Bizkaia;;946 08 92 48;https://www.konpamascotas.com/;4;0;;
Associació Protectora D'Animals Deixant Petjada;Protectora de animales;;;;605 36 24 73;https://sites.google.com/view/protectoradeixantpetjada/;4;0;;
Parque canino;Parque local;C/ Ernesto Che Guevara, 22;Valencia;;;;4;0;;
Parque Canino Soliva;Parque para perros;C. Catedrático Cristóbal Cuevas, 4;29010 Málaga;;951 92 60 28;http://parquesyjardines.malaga.eu/;4;0;;
Carrefour;Hipermercado;Av. del Real Valladolid, 5, C.C;47014 Valladolid;;983 42 81 21;https://www.carrefour.es/tiendas-carrefour/hipermercados/carrefour/valladolid_-_parquesol.aspx;4;0;;
Hospital Veterinario Archiduque Carlos;Hospital veterinario;C/ de l'Arxiduc Carles, 48, Bajo;Valencia;;963 78 44 40;https://www.hospitalveterinarioarchiduque.com/;4;0;;
Meijer;Tienda de productos para mascotas;800 Brown Rd;Estados Unidos;;+1 248-393-5100;https://www.meijer.com/shopping/store-locator/185.html?cmpid=LM:Web::::05112021::GoogleGrocery;4;0;;
Hotel Casa Emilio;Hotel;Alameda de Colón, 9;30002 Murcia;;968 22 06 31;http://www.hotelcasaemilio.com/;4;0;;
Kiwoko. Mundo Animal;Tienda de productos para mascotas;P.C. Megapark Barakaldo Ribera Etorbidea S/N parcela 4 A;Biscay;;944 38 70 55;https://tiendas.kiwoko.com/euskadi/bizkaia/baracaldo/kiwoko-bilbao-megapark-40?utm_medium=maps&utm_source=google;4;0;;
Hotel Catalonia Sagrada Familia;Hotel;Carrer d'Aragó, 577, 579;08026 Barcelona;;932 45 89 05;https://www.cataloniahotels.com/es/hotel/catalonia-sagrada-familia?mb=1&utm_source=googlemaps&utm_medium=organic&utm_campaign=ARA;4;0;;
ibis Styles Barcelona Sant Joan Despi;Hotel;Carrer de la TV3, 2;Barcelona;;934 75 58 00;https://all.accor.com/lien_externe.svlt?goto=fiche_hotel&code_hotel=3289&merchantid=seo-maps-ES-3289&sourceid=aw-cen&utm_medium=seo%20maps&utm_source=google%20Maps&utm_campaign=seo%20maps;4;0;;
Primark;Tienda de ropa;Diego Lopez Haroko Kale Nagusia, 1;Bizkaia;;945 48 00 00;https://www.primark.com/es-es/stores/bilbao/gran-via-de-don-diego-lopez-de-haro-1?y_source=1_MjM3Nzc5NDQtNzE1LWxvY2F0aW9uLndlYnNpdGU%3D;4;0;;
Hostal Vidamia;Hotel;C. Cisneros, 7;29005 Málaga;;951 25 48 70;http://www.hostalvidamia.es/;4;0;;
iStay by NH Zaragoza Sport Hotel;Hotel;C. del Moncayo, 5;50010 Zaragoza;;976 31 11 14;https://www.nh-hotels.com/en/hotel/istay-by-nh-zaragoza-sport?utm_campaign=local-gmb&utm_medium=organic_search&utm_source=google_gmb;4;0;;
Hotel Santa Clara;Hotel;C. Sta. Clara, 1;Asturias;;985 08 70 70;http://www.hotel-santaclara.es/;4;0;;
Playa de mascotas.;Playa pública;08872 Sitges;Barcelona;;;;4;0;;
Hotel Hesperia Zaragoza Centro;Hotel;C. del Conde de Aranda, 48;50003 Zaragoza;;876 66 45 23;https://www.hesperia.com/es/hoteles/espana/zaragoza/hotel-hesperia-zaragoza-centro?utm_source=GMBzaragoza&utm_medium=organic;4;0;;
Balmes Hospital Veterinari;Veterinario;Carrer de Jaume Balmes, 55;Illes Balears;;971 29 52 45;https://evidensia.es/clinicas/balmes-hospital-veterinari/;4;0;;
Parque para perros Diagonal Mar;Parque para perros;Sant Martí;08019 Barcelona;;;https://guia.barcelona.cat/es/detall/area-d-esbarjo-per-a-gossos_99400344570.html;4;0;;
Centro de Protección y Adopción de Animales. Perrera Municipal.;Servicio de control de animales;C. de Chile, 1;Madrid;;912 48 94 19;https://www.instagram.com/cpaleganes?igsh=MTlldmpkMmN4eDV5NA==;4;0;;
Apartamentos La Castilleja ® · Web Oficial;Hotel;C. Huerta de Hierro, 22;14012 Córdoba;;637 28 80 20;http://www.apartamentoslacastilleja.com/;4;0;;
Veterinaria Sandoval;Veterinario;Ejido Dr Alberto Oviedo Mota;México;;+52 686 138 8216;;4;0;;
El Corte Inglés Gran Vía de Bilbao;Centro comercial;Diego Lopez Haroko Kale Nagusia, 7-9;Bizkaia;;944 25 35 00;https://www.elcorteingles.es/centroscomerciales/es/eci/centros/centro-comercial-gran-via;4;0;;
Areeta Hondartza;playa;Areeta / Las Arenas;Vizcaya;;;;4;0;;
Modular Rooms Hotels;Albergue;Calle de la Espada, 4;28012 Madrid;;919 36 07 70;https://www.modularroomshotels.com/;4;0;;
Travelodge Madrid Metropolitano;Hotel;C. de Santa Leonor, 34;28037 Madrid;;912 60 84 40;https://www.travelodge.es/hoteles-madrid/metropolitano?utm_source=google&utm_medium=organic&utm_campaign=google-my-business&utm_content=google-my-business;4;0;;
playa para perros;playa;Altea;Alicante;;965 84 13 00;http://www.altea.es/;4;0;;
Pipican;Parque para perros;Ctra. de Sarrià de Dalt;Girona;;;;4;0;;
Parque Canino;Parque;Son Martorell;Balearic Islands;;;;4;0;;
Hospital Veterinaria del Mar;Hospital veterinario;Carrer de la Marina, 69;08005 Barcelona;;930 21 78 12;https://veterinariadelmar.com/?utm_source=gbp&utm_medium=organic&utm_campaign=bcn-hv-del-mar&utm_content=generico;4;0;;
Clínica veterinaria El Sabueso;Veterinario;Bustamante 312;México;;+52 826 110 0292;https://infoveterinarias.com.mx/nuevo-leon/;4;0;;
Centro Municipal de Protección Animal - Ayuntamiento de Zaragoza;Protectora de animales;Polígono Empresarium;Zaragoza;;976 72 62 72;https://www.zaragoza.es/ciudad/proteccionanimal/detalle_Centro?id=537;4;0;;
Peluqueria canina a domicilio;Cuidador de mascotas;;;;;;4;0;;
Centro Canino Ribamontes;Refugio para animales;CV 383, KM 4, Polígono 19, parcelas 15 y 17, 46380;Valencia;;625 05 74 25;http://www.ribamontes.com/;4;0;;
Fundación Intered;Organización de voluntariado;Pl. de la Concha, 1;14003 Córdoba;;957 48 43 28;;4;0;;
Smartr Las Palmas;Hotel;C. León y Castillo, 140;Las Palmas;;828 74 00 28;https://www.smartrental.com/es/smartr-stays/gran-canaria/smartr-las-palmas/?utm_source=google&utm_medium=Organic_Search&utm_campaign=gmb_web_ficha_hotel&utm_term=smartr_laspalmas;4;0;;
Jardín Centrofama;Parque local;30008 Murcia;30008 Murcia;;;http://murcia.es/;4;0;;
Centro de Protección Animal 2;Refugio para animales;HVMH+X5;Murcia;;;;4;0;;
ZECA - Jardín Academía de Infantería (Zona Canina);Parque para perros;Av. Academia de Infantería;Murcia;;;http://www.murcia.es/;4;0;;
Parque canino - Avenida Jacinto Benavente;;Jacinto Benavente;46005 València;;;;4;0;;
Soriana Híper Triana;Supermercado;Blvd. Gral. Pedro Verona Rodríguez Triana S/n;México;;+52 81 2629 6058;https://www.soriana.com/;4;0;;
Canine Country Dog Park;Parque para perros;Santa Clarita, CA 91351;Estados Unidos;;;;4;0;;
Parque del Agumore;Parque;C/ San Juan Bosco, 61;41008 Sevilla;;954 78 75 78;http://visitasevilla.es/;4;0;;
Veterinaria Pet Clinic de Playas;Veterinario;Parque Azteca Sur 409;México;;+52 664 631 1660;http://www.petclinicplayas.com/;4;0;;
Elaleph Coffee Haus;Cafetería;327 Pierce St;Estados Unidos;;+1 786-856-0462;https://www.elalephcoffeehaus.com/;4;0;;
parque de perros;Parque para perros;Nou Barris;08031 Barcelona;;;;4;0;;
Motel La Siesta;Hotel;VA-VP-5804 A-62 Burgos-PORTUGAL KM142 Velliza-Villamarciel;Valladolid;;983 77 08 61;;4;0;;
ibis Styles Zaragoza Centro;Hotel;C. del Coso, 123;50001 Zaragoza;;976 29 82 00;https://all.accor.com/lien_externe.svlt?goto=fiche_hotel&code_hotel=8521&merchantid=seo-maps-ES-8521&sourceid=aw-cen&utm_medium=seo%20maps&utm_source=google%20Maps&utm_campaign=seo%20maps;4;0;;
Clínica veterinaria Málaga;Veterinario;C. Teresa Azpiazu y Paul, 3;29004 Málaga;;687 48 45 86;http://www.clinicaveterinariamalaga.net/contacto.html;4;0;;
Parque para perros Plaza Sóller;Parque para perros;Carrer de l'Escultor Ordóñez, 58;08016 Barcelona;;;;4;0;;
Parque canino;Parque;17220 Sant Feliu de Guíxols;Girona;;;;4;0;;
Parque Canino Parque Andrés Jiménez Díaz;Parque;Puerto de la Torre;29190 Málaga;;;http://www.parquesyjardines.malaga.eu/;4;0;;
B&B HOTEL Valencia Arena;Hotel;Av. d'Ausiàs March, 99;Valencia;;963 06 30 00;https://www.hotel-bb.com/es/hotel/valencia-arena?utm_source=googlemaps&utm_medium=fichehotel&utm_campaign=valencia_ciencias;4;0;;
Happy Apartments Valencia;Hotel;C/ del Pintor Domingo, 8;Valencia;;635 62 99 27;http://www.happyapartmentsvalencia.com/;4;0;;
Hotel ibis Budget;Hotel;Star Hotel H Ma 01905;29004 Málaga;;952 10 51 55;https://all.accor.com/lien_externe.svlt?goto=fiche_hotel&code_hotel=3674&merchantid=seo-maps-ES-3674&sourceid=aw-cen&utm_medium=seo%20maps&utm_source=google%20Maps&utm_campaign=seo%20maps;4;0;;
Parque canino;Parque para perros;C. Valle de Arán, 11;47010 Valladolid;;;;4;0;;
Edu Kan Estética Canina;Peluquero de mascotas;C. José Martí 6113;México;;+52 614 419 7679;;4;0;;
Hospital Veterinari Canis;Veterinario;Carrer Can Pau Birol, 38;17006 Girona;;972 21 86 68;https://www.canisgirona.com/;4;0;;
Aveda Institute - Orlando;Centro de estética;495 N Semoran Blvd Ste 6;Estados Unidos;;+1 407-657-0348;https://www.beaveda.com/locations/orlando/;4;0;;
B&B HOTEL Girona 2;Hotel;Carrer de Miquel Martí i Pol, 11;Girona;;972 43 94 87;https://www.hotel-bb.com/es/hotel/girona?utm_source=googlemaps&utm_medium=fichehotel&utm_campaign=girona2;4;0;;
Hotel Solpor;Hotel;Rúa Vía Nte., 9, 1º;Pontevedra;;986 13 44 41;https://solpor.hotel07.com/;4;0;;
Parc per a gossos (Pipican);Parque para perros;Edifici Teulera, 162;Girona;;;;4;0;;
GRECOACOM;Tienda de alimentación;C. de Navellos, 14;Valencia;;722 41 19 23;http://www.grecoacom.com/;4;0;;
Hospital veterinario Elkano "Grupo Abereen Klinikak";Hospital veterinario;Elcano K., 33;Bizkaia;;944 21 22 12;http://www.clinicaveterinariaabereen.es/;4;0;;
Àrea per a gossos Parc Font Florida;Parque para perros;Parc de la Font Florida;08004 Barcelona;;;;4;0;;
Hotel Soho Boutique Los Naranjos;Hotel;P.º de Sancha, 35;29016 Málaga;;952 22 43 16;https://www.sohohoteles.com/destinos/hotel-soho-boutique-los-naranjos-3/;4;0;;
Academía de peluquería canina SOS Animal;Peluquero de mascotas;C. Antonio Chacón, 1;29003 Málaga;;952 35 87 01;https://galachoveterinarios.com/encuentranos/academia-de-peluqueria-canina-sos-animal/;4;0;;
Residencia para animales exóticos Sevilla;Cuidador de mascotas;Av. del Aljarafe, 68, Loc 2;Sevilla;;629 57 48 63;http://www.residenciaanimalesexoticossevilla.com/;4;0;;
Hotel ILUNION Aqua 3;Hotel;Carrer de Luis García-Berlanga Martí, 19, 21;Valencia;;963 18 71 01;https://www.ilunionhotels.com/hoteles/ilunion-aqua-3?partner=5989&sel=sel:nf-gmb:nm-organic:kwp-:nc-:fe-:fm-:mp-:id-5989;4;0;;
Zona ZECA - Parque Canino;Parque para perros;Diseminado Carril Callejas, 4;30161 Murcia;;;;4;0;;
Playa del Alberche;Atracción turística;M-510;Madrid;;;https://playadelalberche.es/;4;0;;
Arizona Mascotas;Peluquero de mascotas;C. Músico Torres Climent, local 1;Alicante;;633 14 66 65;;4;0;;
Medivet Hospital Veterinario 24 horas El Cabo;Veterinario;C. del Curricán, 44;03540 Alicante;;965 15 06 06;https://www.medivetgroup.com/es-es/veterinario-urgencia-24-horas/24-horas-el-cabo/?utm_source=google&utm_medium=organic&utm_campaign=google_lpm_el_cabo;4;0;;
Hotel Villa San Juan;Hotel;Plaça de la Constitución, 6;Alicante;;965 65 39 54;http://www.hotelvillasanjuan.com/;4;0;;
Málaga Nostrum;Hotel;C. Herman Hesse, 17;29004 Málaga;;952 24 42 88;https://www.hotelmalaganostrum.com/?utm_medium=organic&utm_source=google&utm_campaign=google-my-business&utm_term=google-local;4;0;;
Clínica Veterinaria Armadans;Veterinario;Avinguda de Joan Miró, 3;Illes Balears;;677 79 57 00;http://armadansvet.es/;4;0;;
Parque canino;Parque para perros;17185 Vilobí d'Onyar;Girona;;;;4;0;;
Puppy Store;Tienda de regalos;C. Bidebarrieta Kalea, 14;Biscay;;;;4;0;;
Jardines del Valle;Jardín;C. María Auxiliadora;41003 Sevilla;;;http://www.sevilla.org/ayuntamiento/competencias-areas/area-de-habitat-urbano-cultura-y-turismo/a-servicio-de-parques-y-jardines/parques/jardines-de-distrito/jardines-del-valle/jardines-del-valle;4;0;;
ibis Budget Madrid Calle Alcalá;Hotel;Metro Suanzes;28037 Madrid;;913 04 04 41;https://all.accor.com/lien_externe.svlt?goto=fiche_hotel&code_hotel=5100&merchantid=seo-maps-ES-5100&sourceid=aw-cen&utm_medium=seo%20maps&utm_source=google%20Maps&utm_campaign=seo%20maps;4;0;;
Refugio de Animales de Paterna;Refugio para animales;Carrer Ciutat de Barcelona, 2;Valencia;;634 20 12 13;https://refugio.serviciosdepaterna.es/;4;0;;
Amics dels Animals d'Esporles - Amigos de los animales de Esporles;Asociación de ecologistas;Son Quint;Balearic Islands;;629 23 26 32;https://www.facebook.com/pg/amicsanimalsesporles;4;0;;
Huellas de viaje;Guardería canina;con;Valladolid;;691 80 10 48;https://huellas-de-viaje.webnode.es/;4;0;;
Clínica Veterinaria Aluche;Veterinario;C. de Illescas, 215;28047 Madrid;;686 64 53 85;https://www.clinicaveterinariamadrid.com/;4;0;;
Área canina;Parque para perros;Av. de Palomeras, 2;28018 Madrid;;;;4;0;;
Oxxo Yunkee;Tienda de productos para mascotas;Lopez Del Castillo Y Olivares 3, Blvr. Luz Valencia;México;;+52 81 8320 2020;https://www.oxxo.com/?utm_source=google&utm_medium=organic&utm_campaign=gbp;4;0;;
Hotel San Pablo Sevilla;Hotel;Av. de la Innovación, 10, 11;41020 Sevilla;;954 25 23 25;https://www.hotelsanpablosevilla.es/;4;0;;
Playa para perros Alicante;Parque para perros;Agua Amarga Playa;03008 Alicante;;;;4;0;;
Jardines de la Industria;Parque;Carrer de la Marina, 358;08025 Barcelona;;931 53 70 10;http://guia.barcelona.cat/detall/jardins-interior-d-illa-de-la-industria_92086032290.html;4;0;;
Hostal Universal;Hotel;Cra de S. Jerónimo, 32;28014 Madrid;;;https://hostaluniversal.top/;4;0;;
Novecan - ORTOPEDIA CANINA;Tienda de productos para mascotas;C. Mayor, 31, bajo;30006 Murcia;;605 12 34 87;https://www.novecan.com/;4;0;;
Hotel Soho Boutique Málaga;Hotel;C. Córdoba, 5;29001 Málaga;;952 22 40 79;https://www.sohohoteles.com/destinos/hotel-soho-boutique-malaga-3/;4;0;;
Centro de Esparcimiento Canino;Paseador de perros;Baver dog park;Alicante;;;;4;0;;
GAREM Veterinarios 24 horas;Hospital veterinario;Rambla Catalana, 9;Barcelona;;930 16 52 13;http://www.garemveterinarios.com/;4;0;;
ZECA - Jardín Viudes (Zona Canina);Parque para perros;Av. Juan Antonio Perea, 3;30002 Murcia;;;http://www.murcia.es/;4;0;;
Inhala Hotel Garden;Hotel;C. de San Bernardo, 1;28013 Madrid;;915 47 98 00;https://inhalahotel.com/;4;0;;
HAPPY DOGS 2000;Tienda de animales;C/ Navas, 13;Alicante;;603 18 37 01;https://happydogs2000.com/;4;0;;
Centro Veterinario;Hospital veterinario;Carrer de Còrsega, 537;08025 Barcelona;;611 82 69 54;;4;0;;
AniCura Aragó Hospital Veterinari | Urgències 24h;Veterinario;Carrer Son Morro, 4;Illes Balears;;971 47 93 54;https://www.anicura.es/clinicas/arago-hospital-veterinari/;4;0;;
Parque para perros;Parque para perros;Hortaleza;28055 Madrid;;;http://madrid.es/;4;0;;
Clinica Veterinaria Santa Elvira;Hospital veterinario;Ignacio M. Altamirano 111;México;;+52 861 612 2516;;4;0;;
AniCura San Vicente Hospital Veterinario;Hospital veterinario;C. del Veterinario Manuel Isidro Rodríguez García, 17;Alicante;;965 66 85 82;https://www.anicura.es/clinicas/san-vicente-hospital-veterinario/;4;0;;
Hotel Río Arga;Hotel;C. de Contamina, 20;50003 Zaragoza;;976 39 90 65;http://www.hotelrioarga.es/;4;0;;
Mascotajardín;Guardería canina;Av. Conchita la Comadrona, 100;Murcia;;968 64 26 24;http://www.mascotajardin.com/;4;0;;
Zona ZECA - Parque Canino;Parque para perros;30120 Murcia;30120 Murcia;;;;4;0;;
Playa de Bellamar;Playa pública;-99;Barcelona;;;;4;0;;
Hotel Bahía de Vigo;Hotel;Rúa Cánovas del Castillo, 24;Pontevedra;;986 22 67 00;https://www.hotelbahiadevigo.com/?utm_source=google&utm_medium=business&utm_campaign=maps;4;0;;
Parque Municipal;Parque;Blvrd Antonio Ortiz Mena 1804;México;;;;4;0;;
Estudiotel Alicante;Hotel;Calle Poeta Vila y Blanco, 2-4;03003 Alicante;;965 06 34 74;http://www.estudiotelalicante.es/;4;0;;
auxiliar de veterinaria en bilbao;Veterinario;Adiskidetasun Kalea, 7;Bizkaia;;900 100 373;;4;0;;
Hotel Catalonia Park Güell;Hotel;Passeig de la Mare de Déu del Coll, 10;08023 Barcelona;;932 19 12 04;https://www.cataloniahotels.com/es/hotel/catalonia-park-guell?mb=1&utm_source=googlemaps&utm_medium=organic&utm_campaign=RUB;4;0;;
Sholeo Lodges Las Palmas Flats;Hotel;C. Juan Rejón, 20;Las Palmas;;928 33 59 60;https://sholeolodges.com/flats/las-palmas/?partner=7600&utm_source=google&utm_medium=organic&utm_campaign=GoogleMyBusiness;4;0;;
Hospital Veterinario Cruz Cubierta;Hospital veterinario;Av. del Doctor Tomàs Sala, 19;Valencia;;963 78 68 30;http://www.hvcruzcubierta.com/;4;0;;
GAMBAMANIA JRZ;Pescadería;CALLE F. CHOPIN 845 FRACC. LOS NOGALES LAS PALMAS ESQUINA CON;México;;+52 656 174 9676;https://www.facebook.com/gambamaniaciudadjuarez/;4;0;;
Evidensia Valladolid Hospital Veterinario;Hospital veterinario;C. Sta. Fe, 7;47013 Valladolid;;983 27 42 20;https://www.veterinariovalladolid.com/;4;0;;
Parque canino Podenco Andaluz;Parque para perros;C. Arzobispo Carlos Amigo Vallejo, 15;Sevilla;;;;4;0;;
Parque Canino Parque Lineal;Parque para perros;Campanillas;29590 Málaga;;951 92 60 28;http://parquesyjardines.malaga.eu/;4;0;;
Parque Canino Huelin;Parque para perros;Carretera de Cádiz;29002 Málaga;;951 92 60 28;http://parquesyjardines.malaga.eu/;4;0;;
Dogstar Educador Canino | Problemas de comportamiento;Adiestrador canino;;;;625 21 51 21;http://dogstar.es/;4;0;;
Canitas Veterinaria Málaga - CC Carrefour Alameda;Veterinario;Av. de Andalucía, s/n;29007 Málaga;;918 31 00 10;https://canitasveterinaria.com/tus-clinicas/veterinario-malaga-alameda/?utm_source=google&utm_medium=organic&utm_campaign=gbp-main;4;0;;
Hotel Port Feria;Hotel;C/ de Cullera, 67;Valencia;;963 64 00 52;https://www.porthotels.es/port-feria.html?utm_medium=organic&utm_source=google&utm_campaign=google-my-business&utm_term=google-local&utm_id=port-feria;4;0;;
B&B HOTEL Zaragoza Plaza Mozart;Hotel;Hostal;50014 Zaragoza;;876 63 67 96;https://www.hotel-bb.com/es/hotel/zaragoza-plaza-mozart?utm_source=googlemaps&utm_medium=fichehotel&utm_campaign=zaragoza_plaza_mozart;4;0;;
Clínica Can;Veterinario;C. Barcelona, 10, BAJO;Las Palmas;;928 24 07 73;http://www.clinicacan.com/;4;0;;
Protectora AUPA;Protectora de animales;46540 El Puig de Santa Maria;Valencia;;638 37 65 86;https://adoptaunperroabandonado.es/;4;0;;
Playa de La Bola;playa;Mlle. de Las Arenas;Vizcaya;;;;4;0;;
Centro de Educación Canina - La Llamada de Buck - Bilbao;Adiestrador canino;Luis de Castresana Kalea, Nº9, 9ºD;Biscay;;616 93 59 23;;4;0;;
IRIM ESTÉTICA ANIMAL;Guardería canina;Carril Mundo Nuevo, nº36;30110 Murcia;;662 49 65 56;https://irim-estetica-animal.reservio.com/;4;0;;
Adopta (Adopción de niños internacional);Organización sin ánimo de lucro;Pg. de la Bonanova, 57, bajos;08017 Barcelona;;932 53 14 12;http://www.adoptabcn.org/;4;0;;
Veterinaria Pets Mas Bet;Veterinario;Gral. Ignacio Zaragoza 424;México;;+52 81 1180 8703;https://petsmasbet.com/;4;0;;
AniCura Benipeixcar Hospital Veterinario| Urgencias 24h;Hospital veterinario;Avinguda de la Constitució, 68, bajo izq;Valencia;;963 48 30 98;https://www.anicura.es/clinicas/benipeixcar-hospital-veterinario/;4;0;;
Titan Dogs Adiestramiento Canino;Adiestrador canino;;;;+54 351 531-8413;;4;0;;
Hospital Veterinario La Salle 24h;Veterinario;Av. San Juan de la Salle, 73;41008 Sevilla;;954 31 13 11;http://www.hospitalveterinariolasalle.es/;4;0;;
Soho Boutique Las Vegas;Hotel;P.º de Sancha, 22;29016 Málaga;;952 21 77 12;https://www.petitpalace.com/en/soho-boutique-las-vegas/?utm_source=google&utm_medium=organic&utm_campaign=MyBusiness&origin_source=google&origin_medium=organic&origin_campaign=MyBusiness;4;0;;
Meijer;Tienda de productos para mascotas;1301 Eight Mile W;Estados Unidos;;+1 313-369-5200;https://www.meijer.com/shopping/store-locator/268.html?cmpid=LM:Web::::05112021::GoogleGrocery;4;0;;
Parque canino - Avenida Tres Cruces;Parque para perros;Carrer de Torrent, 30;Valencia;;;;3.9;0;;
ibis budget Málaga Centro;Hotel;Hostal 1 - H/Ma/02083;29007 Málaga;;951 21 38 54;https://all.accor.com/lien_externe.svlt?goto=fiche_hotel&code_hotel=6350&merchantid=seo-maps-ES-6350&sourceid=aw-cen&utm_medium=seo%20maps&utm_source=google%20Maps&utm_campaign=seo%20maps;3.9;0;;
Hacienda El Brillante;Hotel;C. Poeta Alonso de Bonilla, s/n;14012 Córdoba;;621 27 18 00;http://www.haciendasdecordoba.com/;3.9;0;;
Incineradora Ruta de la Plata;Servicio de cremación;Autovía Ruta de la Plata, Sal. 798;Sevilla;;954 04 34 38;http://incineradoradeanimales.com/;3.9;0;;
Tu Veterinario en Casa;Veterinario;C. Duque de Rivas, 29;29013 Málaga;;681 34 63 89;http://www.tuveterinarioencasa.com/;3.9;0;;
ibis Budget Sevilla Aeropuerto;Hotel;Pension Nºrta : H/Se/01250;41007 Sevilla;;954 36 73 96;https://all.accor.com/lien_externe.svlt?goto=fiche_hotel&code_hotel=7846&merchantid=seo-maps-ES-7846&sourceid=aw-cen&utm_medium=seo%20maps&utm_source=google%20Maps&utm_campaign=seo%20maps;3.9;0;;
Medivet Hospital Veterinario 24 horas La Vaguada;Hospital veterinario;Calle del Dr. Juan José López Ibor, 30;28035 Madrid;;913 86 41 80;https://www.medivetgroup.com/es-es/veterinario-urgencia-24-horas/24-horas-la-vaguada/?utm_source=google&utm_medium=organic&utm_campaign=google_lpm_la_vaguada;3.9;0;;
OXXO BRACAMONTES;Tienda de productos para mascotas;Blvd Rosas Magallon Y Popocatepet 7405, Av. Iztacihuatl;México;;+52 81 8320 2020;https://www.oxxo.com/?utm_source=google&utm_medium=organic&utm_campaign=gbp;3.9;0;;
Hotel Escuela San Cristóbal Valladolid;Hotel;Av. de Soria, 30;Valladolid;;983 40 10 00;https://hotelescuelasancristobal.com/;3.9;0;;
Sneaky Pete's;Restaurante americano;5036 Ford Pkwy;Estados Unidos;;+1 205-426-6080;http://www.sneakypetes.com/;3.9;0;;
Líbere Valencia Abastos;Hotel;Carrer D'Alberic, 10;Valencia;;965 02 71 40;https://www.staylibere.com/share/LVAB-gmb-asset-page?utm_source=gmb_listing&utm_medium=organic;3.9;0;;
easyHotel Barcelona Fira;Hotel;Avinguda de la Granvia de l’Hospitalet, 22;Barcelona;;931 99 07 11;https://www.easyhotel.com/hotels/spain/barcelona/barcelona-fira?utm_source=google&utm_medium=organic&utm_campaign=GMB-owned-barcelona-fira;3.9;0;;
Hotel Travessera;Hotel;Trav. de Dalt, 121, 123;08024 Barcelona;;932 13 24 54;https://hoteltravessera.com/;3.9;0;;
Kiwoko.Mundo Animal;Tienda de productos para mascotas;Av. de Antonio Ramos Carratalá, 70;03015 Alicante;;965 64 15 50;;3.9;0;;
Centro Municipal de Acogida de Animales;Protectora de animales;Camí Nou de Paterna, 165;Valencia;;661 86 48 08;http://www.protectoramodepran.com/;3.9;0;;
Hostal Restaurante María Victoria;Hotel;Carretera N-601 Km. 216;Valladolid;;983 56 70 40;https://hostalmariavictoria.es/;3.9;0;;
Lavamascotas Vigo;Peluquero de mascotas;Rúa das Teixugueiras, 22, Local 2;Pontevedra;;886 12 60 23;;3.9;0;;
El Florido Abarrotes y Carnes - Suc La Mesa;Supermercado;Plaza Los Olivos, Blvd. Gustavo Díaz Ordaz 15450;México;;+52 664 645 1455;http://www.elflorido.com.mx/;3.9;0;;
Parque canino Enrique Quirós;Parque para perros;Lugar Matalablima;Asturias;;;https://oviedoconperro.es/establecimientos/parque-canino-enrique-quiros-la-monxina/;3.9;0;;
Parque canino;Parque para perros;Av. del Locutor Vicente Hipólito, 1;03540 Alicante;;;;3.9;0;;
La Perroteca - Guardería Canina - Residencia de Perros Felices;Guardería canina;Av. de Menéndez Pelayo, 22;28014 Madrid;;610 03 57 82;;3.9;0;;
EROSKI city;Tienda de productos para mascotas;Alameda de Recalde, 55;Biscay;;944 70 26 79;https://www.eroski.es/localizador-de-tiendas/supermercado/bizkaia/bilbao/eroskicity-monumental;3.9;0;;
Praia de Riós de Fóra;playa;Ría de;Pontevedra;;;http://hoxe.vigo.org/conecenos/n_etea.php?lang=gal;3.9;0;;
Parque canino;Parque para perros;C/ Biòleg Konrad Lorenz, 5;03015 Alacant;;;;3.9;0;;
wags and whiskers kennels & cattery;Guardería canina;Partida la Parecica, 18;Murcia;;659 19 84 02;;3.9;0;;
Clínica veterinaria Cuidado Animal;Veterinario;Blvd. Lázaro Cárdenas 124;México;;+52 686 211 5626;https://www.clinicaveterinariacuidadoanimal.com/;3.9;0;;
Protectora Caminando con ellos;Protectora de animales;los infiernos;30592 Murcia;;682 30 89 58;https://caminandoconellos.com/;3.9;0;;
Parque para perros;Parque para perros;Grupo Parque Miraflores;41008 Sevilla;;;;3.9;0;;
Hospital Veterinario Dr. Alonso Martínez;Veterinario;C. Teresa Azpiazu y Paul, 3;29004 Málaga;;687 48 45 86;http://www.clinicaveterinariamalaga.net/;3.9;0;;
Sadeco Sanidad y Bienestar Animal;Servicio de control de animales;Crta.Casilla s/n;14005 Córdoba;;957 05 31 53;https://www.sadeco.es/que-puedes-hacer/adopta/adopta-catalogo/;3.9;0;;
H Viella Asturias;Pensión;Carretera Estación de Viella, 10;Asturias;;648 76 30 18;http://www.hviellaasturias.com/;3.9;0;;
Hospital veterinario Retiro;Veterinario;Av. de Menéndez Pelayo, 9;28009 Madrid;;914 09 36 00;http://www.hospitalveterinarioretiro.com/;3.9;0;;
Parque de la Tuna - Parque Canino;Parque para perros;C. Gallo, 15;03002 Alicante;;;;3.9;0;;
Hotel ILUNION Valencia 3;Hotel;Calle del;Valencia;;961 86 81 00;https://www.ilunionhotels.com/hoteles/ilunion-valencia-3?partner=5989&sel=sel:nf-gmb:nm-organic:kwp-:nc-:fe-:fm-:mp-:id-5989;3.9;0;;
Platja de les Pots;playa;-11;Girona;;;http://www.visitpalamos.cat/;3.9;0;;
Fauna Palma;Tienda de animales;Platja de Palma i Pla de Sant Jordi;Balearic Islands;;971 26 95 18;;3.9;0;;
Hotel Cervantes;Hotel;Calle del Médico Pascual Pérez, 19;03001 Alicante;;965 20 98 22;http://www.hotelcervantesalicante.com/;3.9;0;;
Caprabo;Supermercado;Carrer de Pedret, 101-109;17007 Girona;;932 61 60 60;https://www.caprabo.com/;3.9;0;;
Amor de Helene;Hotel;Tomas Elis;03540 Alicante;;671 55 26 15;https://www.booking.com/Share-H36MRoO;3.9;0;;
OXXO BILBAO NLD;Tienda de productos para mascotas;Caracas Y Anzures, Av. Bilbao 1252;México;;+52 81 8320 2020;https://www.oxxo.com/?utm_source=google&utm_medium=organic&utm_campaign=gbp;3.9;0;;
Hotel en Tordesillas Real de Castilla;Hotel;C. Vista Alegre, 2;Valladolid;;983 91 03 31;https://hotelrealdecastilla.es/;3.9;0;;
Hotel Soho Boutique Bahía Málaga;Hotel;C. Somera, 8;29001 Málaga;;952 22 43 05;https://www.sohohoteles.com/destinos/hotel-soho-boutique-bahia-malaga-4/;3.9;0;;
LimpiaDog;Peluquero de mascotas;Av. Torrelavega, 54;Asturias;;611 61 29 01;http://www.limpiadog.com/;3.9;0;;
Medivet Hospital Veterinario 24 horas La Flota;Hospital veterinario;P.º Ing. Sebastian Feringan, 22;30007 Murcia;;968 24 61 22;https://www.medivetgroup.com/es-es/veterinario-urgencia-24-horas/24-horas-la-flota/?utm_source=google&utm_medium=organic&utm_campaign=google_lpm_la_flota;3.9;0;;
Apartamentos Coronado;Apartamento turístico;C. Coronado, 2;29008 Málaga;;952 22 40 49;http://www.apartamentoscoronadomalaga.com/;3.9;0;;
VTZ The Orus Factory Hotel;Hotel;C. de Escoriaza y Fabro, 45;50010 Zaragoza;;876 21 70 03;https://vtzalojamientos.com/hoteles/hotel-orus/;3.9;0;;
Daniya Alicante;Hotel;Avinguda de Dénia, 133;Alicante;;965 15 03 09;https://www.daniyaalicante.com/;3.9;0;;
Parque canino Ponte Nova;Parque;Freijeiro;Pontevedra;;;;3.9;0;;
Estilo Canino;Peluquero de mascotas;Av. de José Ortega y Gasset, 88;29006 Málaga;;638 14 23 14;;3.9;0;;
OXXO;Tienda de productos para mascotas;Colindante Al Fraccionamiento Palmas 6∞ Sector, Av las Palmas 1920-5To Sector;México;;+52 81 8320 2020;https://www.oxxo.com/?utm_source=google&utm_medium=organic&utm_campaign=gbp;3.9;0;;
Bodega Aurrera;Tienda de alimentación;Av. del Aguila Real 19280;México;;+52 800 000 0022;https://www.bodegaaurrera.com.mx/?utm_source=google&utm_medium=gbp&utm_campaign=local;3.9;0;;
Parque canino;Parque para perros;Av. de les Corts Valencianes, 17;Valencia;;;;3.9;0;;
Hotel Villas de Santiago Inn;Hotel;Autop. Escénica Tijuana - Ensenada 820 Lomas;México;;+52 664 630 4472;https://hotelvillasdesantiagoinn.com/;3.9;0;;
Parque para perros;Parque para perros;Carrer de l'Àliga;Illes Balears;;;;3.9;0;;
Numa Seville Alegre;Hotel;C. Álvarez Quintero, 31;41004 Sevilla;;932 71 31 07;https://numastays.com/locations/spain/seville/casco-antiguo/alegre?utm_source=google&utm_medium=organic&utm_campaign=gmb&utm_content=Alegre;3.9;0;;
Platja del Fòrum;playa;Forum;Barcelona;;;http://www.amb.cat/web/territori/espai-public/platges/consulta-de-platges/detall/-/platja/platges-de-sant-adria-de-besos/452451/11656;3.9;0;;
Argonova Alicante S.L.;Hotel;C. Manuel Amorós, 4;Alicante;;;;3.9;0;;
ISA Sevilla Suites;Hotel;C. Ángeles, 11;41004 Sevilla;;613 48 33 78;https://isahoteles.com/isa-sevilla/;3.9;0;;
Hospital Veterinario Málaga Este | MiVet;Hospital veterinario;Av. Infanta Elena, 1;Málaga;;951 51 60 33;https://mivet.com/hospital-veterinario-malaga-este/?utm_medium=MyBusiness&utm_source=GoogleMaps;3.9;0;;
Servicio canino municipal;Protectora de animales;Saratxebidea Bidea, 15;Bizkaia;;944 27 14 70;https://www.puppybilbao.org/;3.9;0;;
Ibis Valladolid;Hotel;Av. del Euro, 7;47009 Valladolid;;983 36 21 11;https://all.accor.com/lien_externe.svlt?goto=fiche_hotel&code_hotel=3204&merchantid=seo-maps-ES-3204&sourceid=aw-cen&utm_medium=seo%20maps&utm_source=google%20Maps&utm_campaign=seo%20maps;3.9;0;;
Pensión Perez;Pensión;C. Tecén, 26;Las Palmas;;928 46 61 24;;3.9;0;;
Hidrocanin;Peluquero de mascotas;C. Marisma, 38-48;29006 Málaga;;;http://www.hidrocanin.es/;3.9;0;;
Casual Civilizaciones Valencia;Hotel;C/ de Félix del Río, 3B;Valencia;;661 54 37 34;https://www.casualhoteles.com/casual-de-las-civilizaciones-valencia.html?utm_medium=organic&utm_source=google&utm_campaign=google-my-business&utm_term=google-local&utm_id=casual-civilizaciones;3.9;0;;
AniCura Albea Hospital Veterinario | Urgencias 24h;Hospital veterinario;Av. Ansite, 9;Las Palmas;;928 26 28 20;https://www.anicura.es/albea-hospital-veterinario/;3.9;0;;
Área canina;Parque para perros;Salamanca;28028 Madrid;;;;3.9;0;;
Hotel Longoria Plaza;Hotel;C. Covadonga, 13;Asturias;;985 20 78 47;https://pandorahoteles.com/nuestros-hoteles/hotel-longoria-plaza/;3.9;0;;
Apartamentos Turísticos Duque de Hornachuelos;Hotel;Cjón. de Hornachuelos, 8;14002 Córdoba;;;https://www.apartamentosduquedehornachuelos.com/;3.9;0;;
LA RV Resort;Parque para perros;Cypress Park;Estados Unidos;;+1 661-268-1214;https://actioncamp.cc/;3.9;0;;
Veterinaria ChaRam;Veterinario;Calle Mutualismo, capitan alonso de Leon. Montemorelos plaza comercial 101;México;;+52 826 123 6778;;3.9;0;;
Hotel Zenit Don Yo;Hotel;C. de Juan Bruil, 4, 6;50001 Zaragoza;;976 22 67 41;https://donyo.zenithoteles.com/?partner=8480&utm_source=google&utm_medium=organic&utm_campaign=MyBusiness&utm;3.9;0;;
Parque para perros;Parque;03005 Alacant;03005 Alicante;;;;3.9;0;;
Hotel Bellavista Sevilla;Hotel;Av. de Bellavista, 153;41014 Sevilla;;954 69 35 00;http://www.hotelbellavistasevilla.com/;3.9;0;;
Travelodge Madrid Arturo Soria;Hotel;C. de Torrelaguna, 69;28027 Madrid;;914 05 73 93;https://www.travelodge.es/hoteles-madrid/arturo-soria?utm_source=google&utm_medium=organic&utm_campaign=google-my-business&utm_content=google-my-business;3.9;0;;
Parque para perros Agility;Parque para perros;Extramurs;Valencia;;;;3.9;0;;
OXXO Paseo del Vergel MTY;Tienda de productos para mascotas;Av. Camino Real Y Calle Bilbao 102, P.º del Vergel;México;;+52 81 8320 2020;https://www.oxxo.com/?utm_source=google&utm_medium=organic&utm_campaign=gbp;3.9;0;;
Hospital Veterinario Avenida | MiVet;Hospital veterinario;Sabino Arana Etorbidea, 18;Bizkaia;;944 42 40 40;https://avenida.mivet.com/?utm_medium=MyBusiness&utm_source=GoogleMaps;3.9;0;;
Centro De Recogida Y Adopción De Animales;Refugio para animales;C. Polvoranca, 11;Madrid;;916 64 84 35;;3.9;0;;
Oxxo Palma Dorada;Tienda de productos para mascotas;Israel S/N Blvd. Lazaro Cardenas, Av Gaspar Luken Escalante Supermanzana Y;México;;+52 81 8320 2020;https://www.oxxo.com/?utm_source=google&utm_medium=organic&utm_campaign=gbp;3.9;0;;
Urbanova Playa de Perros;Parque para perros;03008 Alicante;03008 Alicante;;;;3.9;0;;
OXXO SAN ADRIAN;Tienda de productos para mascotas;Calzada Independencia 2050 Calle Ingenieros Mecanicos Y, Blvr. Venustiano Carranza Supermanzana Carra;México;;+52 81 8320 2020;https://www.oxxo.com/?utm_source=google&utm_medium=organic&utm_campaign=gbp;3.9;0;;
Playa de los Toldos;playa;08390 Montgat;Barcelona;;;;3.9;0;;
ibis Oviedo;Hotel;C. Ernesto Winter Blanco, 6;Asturias;;985 11 43 75;https://all.accor.com/lien_externe.svlt?goto=fiche_hotel&code_hotel=6818&merchantid=seo-maps-ES-6818&sourceid=aw-cen&utm_medium=seo%20maps&utm_source=google%20Maps&utm_campaign=seo%20maps;3.9;0;;
Motel Reno;Hotel;Blvrd Cuauhtemoc Sur Ote 2911;México;;+52 664 686 4640;https://hotelesymastijuana.com/reno/;3.9;0;;
Oxxo Palmas;Tienda de productos para mascotas;Esq. Con Calle En Proyecto, Las Palmas S/N, Av Las Palmas S/N;México;;+52 81 8320 2020;https://www.oxxo.com/?utm_source=google&utm_medium=organic&utm_campaign=gbp;3.9;0;;
Jardín Americano;Parque;41092 Sevilla;41092 Sevilla;;;;3.9;0;;
Sercotel Tribuna Málaga;Hotel;C. Carretería, 6, 10;29008 Málaga;;951 24 78 64;https://www.sercotelhoteles.com/es/hotel-tribuna-malaga?utm_source=google&utm_medium=referral&utm_campaign=metasearch-links;3.9;0;;
Hotel Ibis;Hotel;And;México;;+52 656 289 6400;https://all.accor.com/lien_externe.svlt?goto=fiche_hotel&code_hotel=6843&merchantid=seo-maps-MX-6843&sourceid=aw-cen&utm_medium=seo%20maps&utm_source=google%20Maps&utm_campaign=seo%20maps;3.8;0;;
Peluquería Canina y Felina Club Nacional del Podenco Andaluz;Peluquero de mascotas;C. Amsterdam, 25-E;41012 Sevilla;;954 61 50 50;http://www.elpodencoandaluz.com/;3.8;0;;
Hotel Beleret;Hotel;Carrer del Campament, 80;Valencia;;963 64 05 05;https://www.beleret.com/?referer_code=GOOGLEBP;3.8;0;;
Zona para Paseo Libre de Mascotas;Parque para perros;Cam. del Faro, 34;03540 Alicante;;;;3.8;0;;
TOC TOC DOG;Cuidador de mascotas;Centro;14001 Córdoba;;695 14 76 21;https://enbuenaspatas.es/top-residencias-caninas/cordoba/cordoba/cordoba-toc-toc-dog/?expand_article=1;3.8;0;;
Parque Canino;Parque para perros;80;Valencia;;;;3.8;0;;
OXXO Francisco de Quevedo SLF;Tienda de productos para mascotas;Leon Felipe Y Manuel J Othon 1450, Francisco De UrdiÒola;México;;+52 81 8320 2020;https://www.oxxo.com/?utm_source=google&utm_medium=organic&utm_campaign=gbp;3.8;0;;
Hotel Catalonia Park Putxet;Hotel;Carrer del Putxet, 68, 74;08023 Barcelona;;932 12 51 58;https://www.cataloniahotels.com/es/hotel/catalonia-park-putxet?mb=1&utm_source=googlemaps&utm_medium=organic&utm_campaign=PUT;3.8;0;;
Oviedo Veterinary Care + Emergency (Primary Care);Veterinario;3607 Aloma Ave #1051;Estados Unidos;;+1 321-972-1926;https://oviedovetcare.com/;3.8;0;;
ibis Girona Costa Brava;Hotel;Carrer de Francesc Ferrer i Gironès, 16-18;17006 Girona;;972 39 15 38;https://all.accor.com/lien_externe.svlt?goto=fiche_hotel&code_hotel=6819&merchantid=seo-maps-ES-6819&sourceid=aw-cen&utm_medium=seo%20maps&utm_source=google%20Maps&utm_campaign=seo%20maps;3.8;0;;
Parque Canino Pierrot - Cortijo Alto;Parque para perros;C. Pierrot;29006 Málaga;;951 92 60 28;http://parquesyjardines.malaga.eu/;3.8;0;;
Parque de la Música. Perros;Parque para perros;C. Cristina Hoyos, 4;Sevilla;;;;3.8;0;;
Pull&Bear;Tienda de ropa;Diego Lopez Haroko Kale Nagusia, 17;Bizkaia;;946 67 38 13;https://www.pullandbear.com/es/es/stores-locator/bilbao/gran-via-s13919;3.8;0;;
Montera Center Madrid;Hotel;C. de la Montera, 17;28013 Madrid;;623 10 33 26;;3.8;0;;
Parque para perros;Parque para perros;Carrer de les Tàpies, 10;08001 Barcelona;;;;3.8;0;;
OXXO EVOLUCION II;Tienda de productos para mascotas;Esq. Calle Londres Y Calle Madrid 302, Av. Evolución 302;México;;+52 81 8320 2020;https://www.oxxo.com/?utm_source=google&utm_medium=organic&utm_campaign=gbp;3.8;0;;
Carrefour;Hipermercado;Avinguda de França, 42-44;17007 Girona;;972 22 38 48;https://www.carrefour.es/tiendas-carrefour/hipermercados/carrefour/girona.aspx;3.8;0;;
Área de perros de la playa de Levante;Parque para perros;Passeig Marítim del Bogatell, 3574;08019 Barcelona;;;;3.8;0;;
Parque canino San Gabriel;Parque para perros;03008 Alicante;03008 Alicante;;;;3.8;0;;
“Pi-Pi Can” Son Forteza;Parque para perros;Carrer Jacint Verdaguer, 136;Illes Balears;;;;3.8;0;;
Debambú Larios;Apartamento turístico;C. Alarcón Luján, 11;29005 Málaga;;952 21 99 16;;3.8;0;;
Residència canina La Devesa;Mercado;17007 Girona;17007 Girona;;649 95 15 99;https://www.residenciacaninaladevesa.com/;3.8;0;;
Life Apartments Alameda Colón;Complejo de apartamentos;Alameda de Colón, 7;29001 Málaga;;956 08 56 54;https://www.lifeapartments.es/es/destinos/M%C3%A1laga/Life%20Apartments%20Alameda%20Col%C3%B3n%20%28M%C3%A1laga%29;3.8;0;;
Parque Canino;Parque;C/ del Valle de Mena;28035 Madrid;;;http://madrid.es/;3.8;0;;
AniCura Madrid Este Hospital Veterinario | Urgencias 24h;Hospital veterinario;P.º de la Democracia, 10;Madrid;;915 29 69 09;https://www.anicura.es/clinicas/anicura-madrid-este-hospital-veterinario/;3.8;0;;
Parque Viudes;Parque;Av. Juan Antonio Perea, 6;30002 Murcia;;;;3.8;0;;
Hotel Travelodge Alicante Puerto;Hotel;C/ Nadadora Carmen Soto, 1;Alicante;;965 11 02 82;https://www.travelodge.es/hoteles-alicante/alicante-puerto?utm_source=google&utm_medium=organic&utm_campaign=google-my-business&utm_content=google-my-business;3.8;0;;
La Quinta Hacienda - Apartamentos Turístico.s;Hotel;Av. del Brillante, 18;14006 Córdoba;;621 27 18 00;https://www.haciendasdecordoba.com/;3.8;0;;
Hostal San Jorge;Alojamiento;Cl. Mayor, 4;50001 Zaragoza;;976 39 74 62;https://hostalsanjorgezaragoza.com/;3.8;0;;
Villa Augusta Spa & Garden by Punta 25 Hotels;Hotel;C. Orellana;Valladolid;;983 36 71 03;https://www.villaaugusta.es/;3.8;0;;
Veterinaria Animania Madrid Villaamil;Tienda de productos para mascotas;C. de Villaamil, 51;28039 Madrid;;913 11 36 25;;3.8;0;;
Parque Canino Portales del Popo;Parque para perros;C. Portales del Popo;29140 Málaga;;951 92 60 28;http://parquesyjardines.malaga.eu/;3.8;0;;
Parque Eugenio Arbones;Parque;Av. de Castrelos, 7;Pontevedra;;;;3.8;0;;
Parque para perros Malilla;Parque para perros;Quatre Carreres;Valencia;;;https://www.valencia.es/cas/la-ciudad/parques-urbanos;3.8;0;;
ibis Alicante;Hotel;C. Bélgica, 3A;03008 Alicante;;965 10 80 40;https://all.accor.com/lien_externe.svlt?goto=fiche_hotel&code_hotel=3200&merchantid=seo-maps-ES-3200&sourceid=aw-cen&utm_medium=seo%20maps&utm_source=google%20Maps&utm_campaign=seo%20maps;3.8;0;;
Hotel Reyes Católicos;Hotel;C. Gravina, 57;41001 Sevilla;;954 21 12 00;http://www.hotelreyescatolicos.info/;3.8;0;;
Hotel Travelodge Malaga Airport;Hotel;Av. de Velázquez, 212;29004 Málaga;;952 17 37 57;https://www.travelodge.es/hoteles-malaga/malaga-aeropuerto?utm_source=google&utm_medium=organic&utm_campaign=google-my-business&utm_content=google-my-business;3.8;0;;
Alojamiento para mascotas (hogares);Guardería canina;Pl. del Obispo Amigó, 7;Valencia;;612 57 91 48;https://www.instagram.com/guardamascotas_valencia;3.8;0;;
Pipican - Parque del Besós;Parque para perros;deporte gratis Park;Barcelona;;;;3.8;0;;
Peluqueria Canina Alma Dog;Peluquero de mascotas;C. Picasso, 2;Asturias;;641 34 83 98;https://www.instagram.com/almadog2023?igsh=MWU4Z2t1cjM1ZWVjMQ==;3.8;0;;
APA Lucha Animal;Refugio para animales;Cdad. Lineal;28017 Madrid;;;https://asociacion-protectora-de-animales-lucha-animal.ueniweb.com/?utm_campaign=gmb;3.8;0;;
Playa Del Rio Duero;playa;47151 Boecillo;Valladolid;;;;3.8;0;;
Parque para perros;Parque para perros;Carrer de Sepúlveda, 1;08015 Barcelona;;627 53 18 48;;3.8;0;;
Hotel Princesa Vigo;Hotel;Rúa Fermín Penzol, 14;Pontevedra;;986 44 20 13;https://hotel-princesa-vigo.hotelrelax.top/;3.8;0;;
Pipican "Mercado de Abastos";Parque para perros;C. del Bon Orde, 19;Valencia;;697 76 49 37;;3.8;0;;
Tusity One;Apartamento turístico;C. la Naval, 148;Las Palmas;;644 23 15 54;https://tusity.com/?partner=13628&utm_source=google&utm_medium=organic&utm_campaign=MyBusiness;3.8;0;;
Oxxo Cerrajeros;Tienda de productos para mascotas;Juan N. Medina;México;;+52 81 8320 2020;https://www.oxxo.com/?utm_source=google&utm_medium=organic&utm_campaign=gbp;3.8;0;;
Oxxo ampliación nogales;Tienda de productos para mascotas;Av. Peral, Olivo 201;México;;+52 81 8320 2020;https://www.oxxo.com/?utm_source=google&utm_medium=organic&utm_campaign=gbp;3.8;0;;
ibis budget Oviedo;Albergue;C. Ernesto Winter Blanco, 4;Asturias;;984 03 94 30;https://all.accor.com/lien_externe.svlt?goto=fiche_hotel&code_hotel=6817&merchantid=seo-maps-ES-6817&sourceid=aw-cen&utm_medium=seo%20maps&utm_source=google%20Maps&utm_campaign=seo%20maps;3.8;0;;
Pension alemania;Alojamiento con servicio;Carrer Alemania, 15;Alicante;;965 16 89 35;https://iberiago.site/PensionAlema;3.8;0;;
BVS Vet Shop;Tienda de productos para mascotas;Autonomia Kalea, 49;Bizkaia;;604 88 60 76;https://www.barakaldotiendaveterinaria.es/;3.8;0;;
Platja Canina;Parque para perros;playa para perros;Valencia;;;http://www.playasparaperros.com/;3.8;0;;
easyHotel Valencia Ciutat Vella;Hotel;Pl. de Rojas Clemente, 7-8;Valencia;;960 62 00 55;https://www.easyhotel.com/hotels/spain/valencia/valencia-ciutat-vella?utm_source=google&utm_medium=organic&utm_campaign=GMB-owned-valencia-ciutat-vella;3.8;0;;
OXXO;Tienda de productos para mascotas;Esquina Con, Paseo Las Palmas, P.º Miravalle Sur 1451;México;;+52 81 8320 2020;https://www.oxxo.com/?utm_source=google&utm_medium=organic&utm_campaign=gbp;3.8;0;;
Explanada Hotel, Alicante;Hotel;C. San Fernando, 18;03002 Alicante;;865 64 13 78;https://www.explanadahotel.com/;3.8;0;;
Playa canina de Playa Paraíso (La Manga);Atracción turística;P.º Marítimo;Murcia;;;http://www.cartagena.es/;3.8;0;;
Àrea per a gossos;Parque para perros;Ctra. Accés Costa Brava, 83;Girona;;;;3.8;0;;
Hostal café Restaurante Vista Alegre;Restaurante;Autovía de Castilla, Km 140;Valladolid;;983 79 13 00;https://www.guiagps.com/seleccion/restaurante-vista-alegre/;3.8;0;;
Hospital de Urgencias Veterinarias Región de Murcia;Hospital veterinario;C. Chimeneas, 22;Murcia;;630 83 20 20;http://www.veterinariourgente.com/;3.8;0;;
Centro Canino Sport-dog;Guardería canina;A-92, Salida 15;Sevilla;;955 99 00 56;http://www.sportdog.es/;3.8;0;;
Hotel Concorde;Hotel;C. Tomás Miller, 85;Las Palmas;;928 26 27 50;http://www.hotelconcorde.org/;3.8;0;;
Veterinaria y Forrajera “San Jose”;Veterinario;Real de las Palmas 108;México;;+52 868 118 5048;;3.8;0;;
Mercadía Paseo del Real;Supermercado;67256 Cdad. Benito Juárez, N.L.;México;;+52 81 2079 9912;;3.8;0;;
OXXO SANTA BARBARA;Tienda de productos para mascotas;Santa Barbara Y Santa Monica S/N, Av. las Palmas;México;;+52 81 8320 2020;https://www.oxxo.com/?utm_source=google&utm_medium=organic&utm_campaign=gbp;3.8;0;;
Benecane;Protectora de animales;;;;;http://www.benecane.org/;3.8;0;;
Playa Aiguaoliva•Apta Para Perros;Parque;Carrer Cala Puntal W, 1;Castelló;;;;3.8;0;;
Zona ZECA Parque Canino;Parque para perros;C. Vicente Aleixandre, 27;30011 Murcia;;;;3.8;0;;
Líbere Málaga la Merced;Hotel;C. Granada, 73;29015 Málaga;;951 12 74 01;https://www.staylibere.com/share/LMLM-gmb-asset-page?utm_source=gmb_listing&utm_medium=organic;3.8;0;;
Área para perros Jardines de Hiroshima;Parque para perros;Unnamed Road, 08024;Barcelona;;;;3.8;0;;
Hotel Travelodge Murcia;Hotel;Av. Juan Carlos I, 77;30100 Murcia;;968 89 97 81;https://www.travelodge.es/hoteles-murcia/murcia?utm_source=google&utm_medium=organic&utm_campaign=google-my-business&utm_content=google-my-business;3.8;0;;
Parque Público Pob. Sansón Flores;Parque;CJRG+WQ;México;;;;3.8;0;;
Parque Canino;Parque;Ponent;Balearic Islands;;;;3.8;0;;
Parque para perros;Parque para perros;Carrer del Freser, 34;08026 Barcelona;;;;3.7;0;;
Apartamentos Puerta del Sur;Apartamento turístico;C. El Compás, s/n;Sevilla;;954 69 38 08;http://www.puertadelsur.net/?td=g00zp00&referer_code=WGY;3.7;0;;
City Dog Project;Adiestrador canino;Anselma de Salces Estrata, 6;Bizkaia;;622 86 31 63;;3.7;0;;
Albergue de Zaragoza Hostel;Albergue;C. de los Predicadores, 70;50003 Zaragoza;;976 28 20 43;https://alberguezaragozahostel.top/;3.7;0;;
Parque canino Santa Ana;Parque para perros;Santa Ana Etxetaldea, 63;Bizkaia;;;;3.7;0;;
HOTEL BLAUET SL;Hotel;Av. Onze de Setembre, 156;Barcelona;;933 78 83 34;https://www.hotelblauet.com/;3.7;0;;
Days Inn by Wyndham Orlando Conv. Center/International Dr;Hotel;9990 International Dr;Estados Unidos;;+1 407-352-8700;https://www.wyndhamhotels.com/days-inn/orlando-florida/days-inn-orlando-convention-center-international-drive/overview?CID=LC:iqv0j1dklijly45:6588&iata=00093796;3.7;0;;
HobbyZoo;Tienda de animales;C. Poeta Emilio Prados, s/n, local 13 - 14;14012 Córdoba;;957 34 01 37;;3.7;0;;
Zaragoza Camping Oceano Atlantico;Camping;C. de San Juan Bautista de la Salle, s/n;50012 Zaragoza;;876 24 14 95;http://www.zaragozacamping.com/;3.7;0;;
OXXO EL CONSUELO;Tienda de productos para mascotas;La Madrid, Alfonso Reyes 1772;México;;+52 81 8320 2020;https://www.oxxo.com/?utm_source=google&utm_medium=organic&utm_campaign=gbp;3.7;0;;
Parque de perros;Parque para perros;Av. Diagonal, 308A;08013 Barcelona;;;;3.7;0;;
Associació protectora d'animals i plantes de Figueres;Asociación u organización;Carrer Pont de Molins, 17;Girona;;972 50 23 61;https://xeu.cat/associacio-protectora-danimals-i-plantes-de-figueres/;3.7;0;;
Área Canina "Campo de la Paloma";Parque para perros;Av. de Rafael Alberti, 57;28018 Madrid;;;;3.7;0;;
Abalu - Design & boutique Gran Vía;Hotel;C. del Pez, 19;28004 Madrid;;915 31 47 44;http://www.hotelabalu.com/;3.7;0;;
Parque de ocio canino de Son Fuster;Parque para perros;Carrer de Gabriel Alzamora, 35;Illes Balears;;;;3.7;0;;
Parque para perros;Parque;Novelda fte. 199, 03011;Alicante;;;;3.7;0;;
Praia do Mende;playa;Camiño Cacharela, 23;Pontevedra;;;http://hoxe.vigo.org/conecenos/n_mende.php?lang=gal;3.7;0;;
Playa de la Mora;playa;08918 Badalona;Barcelona;;;http://badalona.cat/portalWeb/badalona.portal%3Bjsessionid=vf6lP80dnjwGprQyT9MT1DVqMBt9cKFZGJnw51g8F1qnx23sfcSt!166391539?_nfpb=true&_pageLabel=contingut_estatic&dDocName=AJB014671;3.7;0;;
Hotel Life gran vía;Hotel;C. de Pizarro, 16;28004 Madrid;;911 17 92 58;http://www.hotellifemadrid.es/;3.7;0;;
Sabuesos;Peluquero de mascotas;Av. Gaspar de Bennazar, 57;Illes Balears;;651 84 77 01;;3.7;0;;
Hotel Náutico;Hotel;R. de Luis Taboada, 28;Pontevedra;;986 12 24 40;https://www.hotelnautico.net/;3.7;0;;
Parque Canino Santa Catalina;Parque para perros;Unnamed Road;Las Palmas;;;;3.7;0;;
Parque Canino;Parque;C. de la Beneficencia, 3;28004 Madrid;;;https://www.madrid.es/;3.7;0;;
Paradise Urban Hostel;Hotel;C. Primitivo Pérez, 4;03010 Alicante;;965 94 73 03;http://nwtspain.com/paradise.html;3.7;0;;
Apartamentos Auhabitatzaragoza;Edificio de apartamentos;C. de Ramón Pignatelli, 11;50004 Zaragoza;;976 43 79 07;http://www.auhabitatzaragoza.com/;3.7;0;;
Tienda de mascotas;Tienda de productos para mascotas;Gran Via de Ferran el Catòlic, 8;Valencia;;+57 321 8717641;;3.7;0;;
Hospital Veterinario Los Tarahales;Hospital veterinario;Ctra. de los Tarahales, 15;Las Palmas;;928 41 05 00;https://www.hvtarahales.es/;3.7;0;;
Zona ZECA - Parque Canino;Parque para perros;C. Cronista Carlos Valcárcel, 21;Murcia;;;;3.7;0;;
ibis budget Girona Costa Brava;Albergue;C/Francesc Ferrer, 18;17006 Girona;;972 39 15 38;https://all.accor.com/lien_externe.svlt?goto=fiche_hotel&code_hotel=6815&merchantid=seo-maps-Spain-6815&sourceid=aw-cen&utm_medium=seo%20maps&utm_source=google%20Maps&utm_campaign=seo%20maps;3.7;0;;
Pensión Versalles;Pensión;C. de la Villavieja, 3;03002 Alicante;;;http://pension-versalles-alicante.com.es/;3.7;0;;
Centro de Acogida para Animales Domésticos;Servicio de control de animales;Molinos Gallegos;Murcia;;968 32 12 00;https://www.google.es/url?sa=t&rct=j&q=&esrc=s&source=web&cd=2&cad=rja&uact=8&ved=0ahUKEwj5-ujU68_YAhUGVxQKHaU_AnoQFggzMAE&url=https%3A%2F%2Fcatad.cartagena.es%2F&usg=AOvVaw1Ly4j-lwwKqxXxFs8wJzTC;3.7;0;;
Apartamentos Concorde;Hotel;Av. Bruselas, 10;03540 Alicante;;965 16 24 22;https://www.concorde.es/es/?partner=13798&utm_source=google&utm_medium=organic&utm_campaign=MyBusiness;3.7;0;;
OXXO SEVILLA;Tienda de productos para mascotas;Roma Y Sevilla 22807, C. Roma 22807;México;;+52 81 8320 2020;https://www.oxxo.com/?utm_source=google&utm_medium=organic&utm_campaign=gbp;3.7;0;;
Parque canino;Parque para perros;C. del Toboso, 25;28019 Madrid;;;https://www.madrid.es/;3.7;0;;
Centro Canino la Yosa;Guardería canina;Carretera de Geria, km, 1;Valladolid;;659 68 15 84;http://www.layosa.es/;3.7;0;;
Clínica Y Estética Canina "Madrid";Farmacia veterinaria;Av Paseo del Real 1927;México;;+52 614 185 2962;;3.7;0;;
Playa de perros Montgat-El Masnou;Parque para perros;Carrer Àngel Guimerà, 1;Barcelona;;;;3.7;0;;
Hostal La Hispanidad;Hotel;C. Explanada de la Estación, 0 S N;29002 Málaga;;952 31 11 35;https://www.hostallahispanidad.com/;3.7;0;;
Parque de Convivenvia Canina Cas Capiscol;Parque para perros;Norte;Balearic Islands;;;;3.7;0;;
Zococan;Tienda de productos para mascotas;Paseo Florencia;30010 Murcia;;968 29 29 09;https://www.zococan.es/;3.7;0;;
AniCura Indautxu Hospital Veterinario | Urgencias 24 horas;Veterinario;Bekoetxebarri Bidea, 5F;Bizkaia;;944 44 54 44;https://www.anicura.es/clinicas/indautxu-hospital-veterinario/;3.7;0;;
Guaumania;Tienda de animales;C. Puñonrostro, 2;41003 Sevilla;;609 16 15 71;https://www.guaumania.es/;3.7;0;;
Playa Las Salinas;Parque para perros;C. Proa, 28-32;Murcia;;;https://losalcazares.es/los-alcazares-estrenara-la-primera-playa-canina-del-mar-menor/;3.7;0;;
Centro de Protección Animal Municipal de Málaga;Refugio para animales;Cam. de las Erizas, 5;29011 Málaga;;951 92 61 88;https://medioambiente.malaga.eu/Centro-de-Proteccion-Animal/;3.7;0;;
OXXO Sevilla CJS;Tienda de productos para mascotas;Esquina Con La, Sevilla, C. Grécia 5161;México;;+52 81 8320 2020;https://www.oxxo.com/?utm_source=google&utm_medium=organic&utm_campaign=gbp;3.7;0;;
Hotel del Mar Vigo;Hotel;R. de Luis Taboada, 34;Pontevedra;;986 43 68 11;http://www.hoteldelmarvigo.es/;3.7;0;;
Clínica y estética veterinaria Al Vet;Veterinario;Miguel de la Madrid 23;México;;;;3.7;0;;
Parque Perros Agility;Parque para perros;Av. de Jerez, 11;41013 Sevilla;;;;3.7;0;;
Peñagrande Clínicas Veterinarias;Cuidados veterinarios;C/ de Donoso Cortés, 66;28015 Madrid;;;https://www.clinicasveterinariaspg.es/;3.7;0;;
Having A Doglife;Adiestrador canino;Partida Perleta, 2229B;Alicante;;;;3.7;0;;
Pipican para perros Mas Masó;Parque para perros;Carrer de Salt, 49;17005 Girona;;;https://www.elparcnoestoca.cat/;3.7;0;;
Parque de Perros;Parque para perros;Pl. del Dr. Letamendi, 9999;08007 Barcelona;;;;3.7;0;;
Hotel Goya, Zaragoza;Hotel;C. del Cinco de Marzo, 5;50004 Zaragoza;;976 22 93 31;https://www.palafoxhoteles.com/hotel-goya;3.7;0;;
Playa del Perulejo, Playa Canina;Parque para perros;04638 Mojácar;Almería;;;;3.7;0;;
BVS Vet Shop;Tienda de productos para mascotas;bilbao;Biscay;;676 56 89 75;https://www.barakaldotiendaveterinaria.es/;3.7;0;;
Peluquería Canina Riscart;Peluquero de mascotas;C. Puerto de Somport, 4b;41006 Sevilla;;620 73 08 35;;3.7;0;;
Parque canino;Parque;C. Hélice, 1;41020 Sevilla;;;;3.6;0;;
Bulevar De Tu Mascota;Peluquero de mascotas;Blvr. Adolfo Suárez, 85;29003 Málaga;;600 21 06 05;;3.6;0;;
Hotel Restaurante El Montico;Hotel;Urb. el Montico, 148;Valladolid;;983 16 41 00;https://www.hotelrestaurantemontico.com/;3.6;0;;
Zona esparcimiento canino;Parque para perros;Deusto;Biscay;;;;3.6;0;;
Parque canino;Parque para perros;Tetuán;28020 Madrid;;;;3.6;0;;
Oxxo Santa Clara Sur;Tienda de productos para mascotas;Av. Santa Clara 300 Esq, Mambla Col;México;;+52 81 8320 2020;https://www.oxxo.com/?utm_source=google&utm_medium=organic&utm_campaign=gbp;3.6;0;;
Pipican;Parque para perros;Plaça d'Artur Piera, 11;Valencia;;963 10 00 10;https://www.valencia.es/-/infociudad-zonas-para-perros;3.6;0;;
Parque para perros;Parque para perros;Carrer del Dr. Pericot, 78;Girona;;;;3.6;0;;
Hostel New York;Albergue;Carrer d'en Gignàs, 6;08002 Barcelona;;933 15 03 04;http://www.bcnalberg.com/;3.6;0;;
PetSmart Grooming;Peluquero de mascotas;1115 Vidina Pl;Estados Unidos;;+1 407-365-1029;https://stores.petsmart.com/fl/oviedo/oviedo/grooming?utm_source=google&utm_medium=organic&utm_campaign=google-my-business;3.6;0;;
Residencia canina Tarazona;Guardería canina;35450 La Atalaya;Las Palmas;;616 33 79 20;https://www.residenciacaninatarazona.es/;3.6;0;;
Parque para perros;Parque para perros;C/ Benigànim, 4;Valencia;;;http://www.valencia.es/ayuntamiento/infociudad_accesible.nsf/vDocumentosWebListado/0DDC6442A47084C3C1257C83002F3E52;3.6;0;;
Parque canino Parque María Luisa;Parque para perros;Carretera de Cádiz;29004 Málaga;;951 92 83 82;;3.6;0;;
Área de recreo para perros - Jardines de la industria;Parque;Carrer de la Indústria, 117;08025 Barcelona;;;;3.6;0;;
Hotel Casa Gardenia by Blossom Hotels;Hotel;Carrer de l'Hospital, 155;08001 Barcelona;;930 50 11 71;https://blossomhotels.com/es/propiedad/casa-gardenia;3.6;0;;
Parque Canino La Corredoria;Parque para perros;C. Josefina Argüelles;Asturias;;;;3.6;0;;
OXXO Madrid TIJ;Tienda de productos para mascotas;Calle 6Ta Y Maclovio Herrera 10913, Av. Aquiles Serdan 10913;México;;+52 81 8320 2020;https://www.oxxo.com/?utm_source=google&utm_medium=organic&utm_campaign=gbp;3.6;0;;
Parque canino;Parque;C. Cantábrico;14011 Córdoba;;;;3.6;0;;
Travelodge Barcelona Fira;Hotel;Carrer de la Botànica, 25;Barcelona;;932 63 72 50;https://www.travelodge.es/hoteles-barcelona/fira?utm_source=google&utm_medium=organic&utm_campaign=google-my-business&utm_content=google-my-business;3.6;0;;
Hotel ITC Colón by Soho Boutique;Hotel;C. de Alhaken II, 4;14008 Córdoba;;957 47 00 17;https://www.sohohoteles.com/itaca-colon-by-soho-boutique-2/;3.6;0;;
Parque Para Esparcimiento Perros;Parque;Av. Antonio Mairena, 2B;Sevilla;;;;3.6;0;;
Hostal Andrés;Hotel;Carrer de l'Anguilera, 7;Valencia;;961 83 01 11;http://www.hostalandres-elsaler.es/;3.6;0;;
Parque Canino Plaza García;Parque para perros;Rúa da Coruña, 59;Pontevedra;;;;3.6;0;;
Hostal Gran Vía 63 Rooms;Hotel;Gran Vía, 63;28013 Madrid;;917 58 11 32;http://www.granvia63rooms.com/;3.6;0;;
OXXO;Tienda de productos para mascotas;Calle Alamo, Av las Palmas 500 Esq;México;;+52 81 8320 2020;https://www.oxxo.com/?utm_source=google&utm_medium=organic&utm_campaign=gbp;3.6;0;;
Hostal Moratin;Hotel;C/ de Moratín, 15;Valencia;;963 51 53 84;http://www.hostalmoratin.es/;3.6;0;;
OXXO LA MADRID (50DRX);Tienda de productos para mascotas;Esq. Con Dr Lopez, Urdiuola, Ramón López Velarde 1108;México;;+52 81 8320 2020;https://www.oxxo.com/?utm_source=google&utm_medium=organic&utm_campaign=gbp;3.6;0;;
Alda Centro Oviedo;Hotel;C. de Joaquina Bobela, 3;Asturias;;984 09 10 86;https://www.aldahotels.es/hoteles/asturias/oviedo/oviedo/hotel-alda-centro-oviedo;3.6;0;;
Residencia canina y felina Kennel Sahara;Guardería canina;Ctra. Torreblanca;Sevilla;;607 61 78 82;https://www.kennelsahara.com/;3.6;0;;
Hostal Alicante;Albergue;C. del Arenal, 16, 2do piso;28013 Madrid;;915 31 51 78;http://hostalalicante.com/;3.6;0;;
Veterinaria "La Ventana";Veterinario;Lago Superior;México;;;;3.6;0;;
Hotel ILUNION Almirante;Hotel;Calle;08003 Barcelona;;932 68 30 20;https://www.ilunionhotels.com/hoteles/ilunion-almirante?partner=5989&sel=sel:nf-gmb:nm-organic:kwp-:nc-:fe-:fm-:mp-:id-5989;3.6;0;;
Hostal de la Torre;Hotel;C. Alcalleres, 1;47001 Valladolid;;983 35 02 13;https://hostal-de-la-torre.viajesporgusto.top/;3.6;0;;
OXXO San Luis TIJ;Tienda de productos para mascotas;Roberto De La Madrid s/n Esq.Miguel A.Cardenas San Luis;México;;+52 81 8320 2020;https://www.oxxo.com/?utm_source=google&utm_medium=organic&utm_campaign=gbp;3.6;0;;
Àrea d'Esbarjo per a Gossos;Parque para perros;Sant Martí;08005 Barcelona;;;https://www.barcelona.cat/es/que-pots-fer-a-bcn/parcs-i-jardins/area-d-esbarjo-per-a-gossos-parc-del-poblenou-99316130457;3.6;0;;
Humane Society of North America - Spay & Neuter Clinic;Cuidados veterinarios;427 S Semoran Blvd;Estados Unidos;;+1 407-482-1955;http://www.hsna.org/;3.6;0;;
Parque canino Parquesol Alto;Parque para perros;C. Juan García Hortelano, 16;47014 Valladolid;;;;3.6;0;;
OXXO;Tienda de productos para mascotas;Av Palma Grande 156 Cordillera, Palma Cocotera;México;;+52 81 8320 2020;https://www.oxxo.com/?utm_source=google&utm_medium=organic&utm_campaign=gbp;3.6;0;;
Hotel-Restaurante Fuente La Plata;Hotel;C. Favila, 9;Asturias;;985 24 52 80;https://www.hotelfuentedelaplata.es/;3.6;0;;
Parque para perros;Parque para perros;Carrer de Conca, 25X;08041 Barcelona;;934 13 24 00;;3.6;0;;
Parque Canino San Miguel;Parque para perros;C. Albéniz, 43;29014 Málaga;;951 92 60 28;http://parquesyjardines.malaga.eu/;3.6;0;;
Hotel Vigo Plaza;Hotel;R. do Progreso, 13;Pontevedra;;986 22 82 43;https://www.vigoplaza.com/;3.6;0;;
Pensión Colón;Pensión;Carrer Colon, 10;Alicante;;965 65 18 33;https://pensioncolon.com/;3.6;0;;
Colombinatura;Tienda de productos para mascotas;Cam. de Tiñosa, 45;30011 Murcia;;654 62 26 75;http://www.colombinatura.es/;3.5;0;;
Aquarium Valladolid;Tienda de animales;C. de la Costa Brava, 2;47010 Valladolid;;983 25 99 03;;3.5;0;;
Parque Para Perros;Parque para perros;C. Gustavo J Navarro Nieto, 2;Las Palmas;;;;3.5;0;;
Farmacia Guadalajara;Farmacia;Av. las Palmas 4381;México;;+52 664 207 8008;https://www.farmaciasguadalajara.com/localizador-de-superfarmacias;3.5;0;;
Área para perros;Parque para perros;Carrer del Rosselló, 63;08029 Barcelona;;;;3.5;0;;
Oxxo Jojoba;Tienda de productos para mascotas;Calabacilla, Av las Palmas 440;México;;+52 81 8320 2020;https://www.oxxo.com/?utm_source=google&utm_medium=organic&utm_campaign=gbp;3.5;0;;
Parque Canino Teatinos;Parque para perros;Av. de José Ribera, 1;29010 Málaga;;951 92 60 28;http://parquesyjardines.malaga.eu/;3.5;0;;
Recinto canino;Parque para perros;C. de Virgen de Lluc, 14;28027 Madrid;;;http://madrid.es/;3.5;0;;
Hotel Valencia;Hotel;C. Valencia, 64;Las Palmas;;928 29 25 84;http://www.hotelvalencialaspalmas.es/;3.5;0;;
Hostal Happy Stay habitaciones céntricas;Hotel;Avinguda de Giorgeta, 6;Valencia;;601 31 62 07;https://www.happystay.es/;3.5;0;;
Apartamentos Marqués de la Merced;Edificio de apartamentos;C. Madre de Dios, 7;29012 Málaga;;669 66 94 04;https://www.apartamentosmarquesdelamerced.es/es/index.html;3.5;0;;
Parque De Perros;Parque para perros;C/ de Francesc Barrachina Esteban, 8;Valencia;;;;3.5;0;;
Parque;Parque;Patraix;Valencia;;;;3.5;0;;
Apap la Guarida;Fundación;C. Montemayor, 8;Córdoba;;607 81 28 16;;3.5;0;;
Adiestramiento canino Curro Castillo;Adiestrador canino;Diseminado Cajiz Rural, 104;Málaga;;;;3.5;0;;
Parque para perros;Parque para perros;C. de Florestán Aguilar, 6;28028 Madrid;;;http://madrid.es/;3.5;0;;
Hostal Duque de Osuna;Pensión;C. Castilviejo, 16;Valladolid;;983 70 01 79;https://hostal-duque-de-osuna.com.es/;3.5;0;;
Área para perros;Parque para perros;Av. de Josep Vicenç Foix, 55;08034 Barcelona;;;;3.5;0;;
Medivet Hospital Veterinario 24 horas Delicias;Hospital veterinario;Calle de las Delicias, 35;28045 Madrid;;915 27 58 28;https://www.medivetgroup.com/es-es/veterinario-urgencia-24-horas/24-horas-delicias/?utm_source=google&utm_medium=organic&utm_campaign=google_lpm_delicias;3.5;0;;
Playa canina El Barranquet;Parque;Partida Solaes, 263;Province of Castellón;;;;3.5;0;;
Parque de perros, Fuente de San Luis;Parque para perros;Quatre Carreres;Valencia;;;;3.5;0;;
Pensión Iglesias;Pensión;C. de Verónica, 14;50001 Zaragoza;;976 29 31 61;http://pension-iglesias.com.es/;3.5;0;;
Txakurgunea;Parque para perros;Parque Hermanitas De Los Pobres;Bizkaia;;;;3.5;0;;
Parque Canino Miraflores de los Ángeles;Parque para perros;C. Monte Pizarro;29011 Málaga;;951 92 60 28;http://parquesyjardines.malaga.eu/;3.5;0;;
Residencia Canina Majacan;Guardería canina;La Majadilla, 4;Las Palmas;;609 57 51 03;;3.5;0;;
distribuidora veterinaria de la laguna;Hospital veterinario;C. Fernanda #1387 Fraccionamiento Anna;México;;+52 871 224 2910;;3.5;0;;
Apartamentos Centro de Valencia - Boutique Redonda - Valencia Luxury;Agencia de alquiler de apartamentos;Carrer dels Jofrens, 8;Valencia;;673 84 61 12;https://www.valencialuxury.com/valencia-centro/boutique-redonda/;3.5;0;;
Parque canino;Parque;Puente de Vallecas;28038 Madrid;;;http://madrid.es/;3.5;0;;
Hotel Cogullada;Hotel;C. de Albert Einstein, 3;50014 Zaragoza;;976 47 02 50;http://hotelcogullada.com/;3.5;0;;
OXXO San Marcos;Tienda de productos para mascotas;Hacienda San Jose 100 Camino A San Roque Y Hacienda Madrid, San Marcos;México;;+52 81 8320 2020;https://www.oxxo.com/?utm_source=google&utm_medium=organic&utm_campaign=gbp;3.5;0;;
Pit Roig;Tienda de animales;Carrer del Carme, 63;17004 Girona;;972 21 18 01;;3.4;0;;
Houston Garden Centers palmas;Centro de jardinería;5345 W Loop S;Estados Unidos;;+1 713-218-0860;http://houstongardencenters.com/;3.4;0;;
Oxxo Madrid;Tienda de productos para mascotas;Reforma, Mazatán S/N;México;;+52 81 8320 2020;https://www.oxxo.com/?utm_source=google&utm_medium=organic&utm_campaign=gbp;3.4;0;;
Parque canino;Zoo;V6GH+XG;14009 Córdoba;;;;3.4;0;;
Playa de la Cañada del Negro;playa;30880;Murcia;;;;3.4;0;;
Parque canino Montecerrao;Parque para perros;C. San Martin del Rey Aurelio, 48;Asturias;;;;3.4;0;;
Camino Verde Aquamania;Guardería canina;C. del Mestre Sosa, 7;Valencia;;963 80 24 69;;3.4;0;;
PLAYA PARA PERROS BADALONA;Pabellón para playa;Carrer d'Eduard Maristany, 21;Barcelona;;;;3.4;0;;
Hotel Playa Santa Baia;Hotel;Av. da Atlántida, 121;Pontevedra;;615 90 23 99;http://www.hotelpsb.com/;3.4;0;;
Veterinary Emergency Clinic of Central Florida | Casselberry, FL;Servicio de urgencias veterinarias;3352 S US Hwy 17 92;Estados Unidos;;+1 407-644-4449;http://veconline.com/;3.4;0;;
Parque para perros;Parque para perros;Carrer de Farnés, 54;08032 Barcelona;;;;3.4;0;;
Parque Canino Maria Moliner;Parque para perros;Carretera de Cádiz;29004 Málaga;;;;3.4;0;;
Adiestrador y guardería de perros Barcelona For Dogs One;Adiestrador canino;Carrer de Santa Amèlia, 20;08034 Barcelona;;722 23 17 67;http://www.fordogsone.com/;3.4;0;;
Parc per gossos;Parque para perros;Unnamed Road, 08030;Barcelona;;;;3.4;0;;
Parque Canino Vallobín;Parque para perros;Plaza Ángel González;Asturias;;;;3.4;0;;
Parque para perros;Parque local;Unnamed Road, 28032;Madrid;;;http://madrid.es/;3.4;0;;
Santuario Animal de Sagunto "EL REFUGIO DE TULA";Refugio para animales;;;;653 76 74 60;https://santuario-animal-sagunto.ueniweb.com/;3.4;0;;
Residencia Canina Las Cabrerizas del Sur;Guardería canina;Bda. de Majaneque;14029 Córdoba;;603 60 11 81;https://residenciacaninacordoba.es/;3.4;0;;
Hotel Casablanca;Hotel;R. México, 7;Pontevedra;;986 48 27 12;http://hotelcasablanca.com-vigo.com/;3.4;0;;
Patitas Unidas Los Alcázares;Protectora de animales;C/ los Luisos, 46;Murcia;;;http://patitasunidas.org/;3.4;0;;
Hotel El Álamo;Hotel;C. San Fernando, 56;03001 Alicante;;965 21 83 55;http://www.hotelalamoalicante.com/;3.4;0;;
Sociedad Protectora de Animales Bizkaia;Servicio de adopción de mascotas;Luis Lopez Oses Kalea, 10;Bizkaia;;609 43 81 09;http://adopciones.protectoradeanimales.net/;3.4;0;;
Área para perros;Parque para perros;Avinguda de la Platja, 8;Barcelona;;;;3.4;0;;
Perrera Municipal Son Reus;Refugio para animales;Camí de Son Reus;Illes Balears;;971 43 86 95;https://csmpa.palma.es/inici;3.4;0;;
SURvet Hospital Veterinario de Urgencias 24 h;Hospital veterinario;Av. Diagonal, 317;08009 Barcelona;;934 59 45 00;https://urgenciesveterinaries.com/;3.4;0;;
ZECA - Calle Morera - Santiago el Mayor (Zona Canina);Parque para perros;C. Morera;30010 Murcia;;;http://www.murcia.es/;3.4;0;;
Can Leones Dorado;Criador canino;Calle Sta Elena, 19;Sevilla;;637 30 90 57;https://canleonesdorado.com/;3.4;0;;
Zona ZECA - Parque Canino;Parque para perros;30010 Murcia;30010 Murcia;;;;3.4;0;;
Alicante Hills | Apartamentos turísticos;Apartamento turístico;Gta. del Reino Unido, 6;03008 Alicante;;965 11 32 45;http://www.alicantehills.com/;3.4;0;;
Hostal RR Feria By Beleret;Albergue;Carrer del Campament, 84;Valencia;;962 05 99 73;https://www.hostalrrferia.com/;3.4;0;;
NUEVAVIDA-Adopciones Madrid;Protectora de animales;Calle Ote., 7-9, Apartado-58;Madrid;;690 00 85 27;https://nuevavida-adopciones.org/;3.4;0;;
Parque para perros;Parque para perros;Carrer del Brasil, 57;Valencia;;963 10 00 10;https://www.valencia.es/-/infociudad-zonas-para-perros;3.4;0;;
ibis budget Alicante;Pensión;Pension Sin Comedor;03008 Alicante;;965 10 80 40;https://all.accor.com/lien_externe.svlt?goto=fiche_hotel&code_hotel=3511&merchantid=seo-maps-ES-3511&sourceid=aw-cen&utm_medium=seo%20maps&utm_source=google%20Maps&utm_campaign=seo%20maps;3.4;0;;
Parque Canino Arroyo Toquero;Parque para perros;Av. Arrigo Boito, 1;29016 Málaga;;;;3.4;0;;
Oxxo Urbivillas II;Tienda de productos para mascotas;San Geronimo 101 Minas De San Geronimo;México;;+52 81 8320 2020;https://www.oxxo.com/?utm_source=google&utm_medium=organic&utm_campaign=gbp;3.4;0;;
Área para perros;Parque para perros;Carrer Jiménez i Iglesias, 2X;08034 Barcelona;;;;3.3;0;;
OXXO;Tienda de productos para mascotas;Cruz Sevilla Y Apolo 100, Av Paseo de los Leones;México;;+52 81 8320 2020;https://www.oxxo.com/?utm_source=google&utm_medium=organic&utm_campaign=gbp;3.3;0;;
Veterinaria El Pastor;Veterinario;Málaga 1501;México;;;;3.3;0;;
Veterinary Emergency Clinic of Central Florida | Orlando, FL;Servicio de urgencias veterinarias;11011 Lake Underhill Rd;Estados Unidos;;+1 407-644-4449 ext. 2;http://veconline.com/;3.3;0;;
Parque Canino La Unión lunar;Parque para perros;C. Poeta Muñoz Rojas;29006 Málaga;;951 92 60 28;http://parquesyjardines.malaga.eu/;3.3;0;;
Centro Animal Alboraya;Veterinario;Carrer Benimaclet, 10;Valencia;;605 79 25 31;;3.3;0;;
Área recreativa canina;Parque para perros;Latina;28047 Madrid;;;;3.3;0;;
Centro Municipal de Control de Zoonosis - CEPROAMUR;Refugio para animales;Carril Torre Molina, 110;Murcia;;968 29 75 78;https://ayuntamientomurcia-salud.es/index.php/areas/veterinaria-y-zoonosis;3.3;0;;
Hotel Valencia de la Música;Hotel;Carrer de Padilla, 4;Valencia;;963 51 12 84;https://secure.e-gds.com/hotelvalenciadelamusica/shoppingcart/availability.aspx?&lang=en&hotelid=250&adults=2&children=0&currency=br-fr&arrivaldate=20251002&departuredate=20251004;3.3;0;;
Parque canino del PAU-1;Parque para perros;03005 Alicante;03005 Alicante;;;;3.3;0;;
Santuario Animalista OTTeandO el Horizonte (Otto’s Animal Sanctuary);Refugio para animales;Lugar Saladillo, 5;Murcia;;;https://www.teaming.net/santuarioanimalistaotteandoelhorizonte;3.3;0;;
Espaivet Centre Veterinari;Veterinario;Carrer Marquès de Caldes de Montbui, 99;17003 Girona;;972 20 39 36;;3.3;0;;
zzz;Pajarería;Bilbao-Galdakao Errepidea, 2;Bizkaia;;;;3.3;0;;
Hospital Veterinario Africam;Hospital veterinario;Blvd. Senderos 628;México;;+52 871 224 7800;https://www.facebook.com/hvafricam;3.3;0;;
Hostal Roma;Albergue;C. Gravina, 34;41001 Sevilla;;954 50 13 00;http://www.hostalroma.es/;3.3;0;;
Pipican Jardines de Gandhi;Parque para perros;Sant Martí;08005 Barcelona;;;https://www.barcelona.cat/es/que-hacer-en-bcn/parques-y-jardines/espai-per-a-gossos-deslligats-als-jardins-de-gandhi-99400722900;3.3;0;;
Centro Canino Roblezal (oficinas);Adiestrador canino;Máximo Aguirre Kalea, 28;Bizkaia;;629 46 82 42;http://www.roblezal.com/;3.3;0;;
Miraflores Dog Park;Parque para perros;C. Mero, 18;29011 Málaga;;951 92 60 28;http://parquesyjardines.malaga.eu/;3.3;0;;
ZECA - Calle Concordia (Zona Canina);Parque para perros;C. Concordia, 9;30006 Murcia;;;;3.3;0;;
Parque Canino Nuevo San Blas;Parque para perros;Carrer de Pontevedra, 3;Alicante;;;;3.3;0;;
Hostal Vegas;Alojamiento en interiores;C. de Almansa, 6;28039 Madrid;;635 12 12 12;https://sys-rsrv.com/hostal-vegas/;3.3;0;;
Parque Canino Guadalmar;Parque para perros;Churriana;29004 Málaga;;;http://parquesyjardines.malaga.eu/;3.3;0;;
Parque Canino Finca La Palma;Parque para perros;C. de Carmen Laforet, 6;29010 Málaga;;951 92 60 28;http://parquesyjardines.malaga.eu/;3.3;0;;
Hostal en Alicante Santa Lucía;Hotel;Av. del Dr. Gadea, 6;03001 Alicante;;;https://www.facebook.com/profile.php?id=100016260575580&lst=100013035902505%3A100016260575580%3A1492516211;3.3;0;;
Hostal Central Zaragoza;Hotel;Av. de César Augusto, 72;50003 Zaragoza;;976 39 59 78;http://www.hostalcentralzaragoza.es/;3.3;0;;
Ab design suites madrid;Hotel;C. del Pez, 32;28004 Madrid;;915 31 47 44;http://www.absuitesmadrid.com/;3.3;0;;
Cala del Niu (platja de gossos);Parque;17220 Sant Feliu de Guíxols;Girona;;;;3.3;0;;
Parque para perros;Parque para perros;Latina;28024 Madrid;;;;3.3;0;;
Hostal Buenos Aires;Hotel;R. de Rosalía de Castro, 6;Pontevedra;;986 43 39 24;https://hostalbuenosaires.es/;3.3;0;;
Parque de ejercicios para perros;Parque;Ibaiondo;Biscay;;;;3.3;0;;
Pensión Roma;Pensión;C. de la Duquesa de Villahermosa, 4, escalera izquierda 5ªA;50010 Zaragoza;;976 33 81 31;;3.2;0;;
Centro Clínico Veterinario Ciudad de Los Ángeles;Veterinario;P.º de Gigantes y Cabezudos, 20;28041 Madrid;;913 17 55 62;https://www.ciudaddelosangeles.com/;3.2;0;;
Parque de perros;Parque;Ponent;Balearic Islands;;;;3.2;0;;
GluGluDog;Peluquero de mascotas;C. Leopoldo Alas "Clarín", 2;29002 Málaga;;699 96 96 24;https://www.glugludog.es/;3.2;0;;
Valencia Luxury - Boutique Center;Agencia de alquiler de apartamentos;Carrer de Sant Vicent Màrtir, 28;Valencia;;673 84 61 12;https://www.valencialuxury.com/valencia-centro/boutique-center/;3.2;0;;
Oxxo Toledo II;Tienda de productos para mascotas;Esq. Barcelona, Toledo 205;México;;+52 81 8320 2020;https://www.oxxo.com/?utm_source=google&utm_medium=organic&utm_campaign=gbp;3.2;0;;
Smartr Madrid Gran Vía 47;Hotel;Gran Vía, 47;28013 Madrid;;919 99 65 10;https://www.smartrental.com/es/smartr-stays/madrid/smartr-gran-via-47/?utm_source=google&utm_medium=Organic_Search&utm_campaign=gmb_web_ficha_hotel&utm_term=smartr_granvia47;3.2;0;;
Hoteles del Sur;Hotel;C. Lumbreras, 6;41002 Sevilla;;650 44 47 68;https://www.hotelesdelsur.com/;3.2;0;;
Hotel Legazpi;Hotel;Av. Miguel de Cervantes, 6;30009 Murcia;;968 29 30 81;https://hotellegazpi.top/;3.2;0;;
No Limit Hostel Graffiti;Albergue;Carrer d'Aragó, 527;08026 Barcelona;;931 86 33 97;http://nolimithostels.com/;3.2;0;;
Oxxo Vistas de la Montaña;Tienda de productos para mascotas;Vistas De La MontaÒa, Av Vista del Ote 100;México;;+52 81 8320 2020;https://www.oxxo.com/?utm_source=google&utm_medium=organic&utm_campaign=gbp;3.2;0;;
Parque Canino;Parque para perros;C. de las Hoces del Cabriel, 61;Madrid;;;;3.2;0;;
La pinada;Guardería canina;Autovía Valencia-Ademuz, Salida 27a Alcublas;Valencia;;962 13 45 92;http://www.lapinada.net/;3.2;0;;
Área para perros del Parque Güell;Parque para perros;Av. del Coll del Portell;08024 Barcelona;;;;3.2;0;;
Parque canino El Pinillo;Parque;C. Vicente Blanch Picot, 9;Málaga;;;;3.2;0;;
Autocan Clot;Peluquero de mascotas;Carrer de Rafael Capdevila, 6;08018 Barcelona;;658 44 28 98;http://www.autocanbcn.com/;3.2;0;;
Fusion Pets;Peluquero de mascotas;Progreso 900;México;;+52 878 136 0330;https://fusionpets.negocio.site/?utm_source=gmb&utm_medium=referral;3.2;0;;
Pension vergara;Hotel;C/ Ximénez de Enciso, 11;41004 Sevilla;;602 05 08 98;http://www.pensionvergara.com/;3.2;0;;
Parque para perros;Parque para perros;Eixample;08036 Barcelona;;;;3.2;0;;
Hostal Casa Antonio;Hotel;C. Lillo Juan, 3;Alicante;;966 59 71 40;https://www.oyorooms.com/228824/;3.2;0;;
Parque Canino El Cigüeñuelo;Parque para perros;C. Acebuche;Sevilla;;;;3.1;0;;
Motel 6 Chula Vista, CA San Diego;Motel;745 E St;Estados Unidos;;+1 253-780-9418;https://www.motel6.com/property/motel-chula-vista-california-us-293586?lid=Local_Milestone&travelAgentNumber=TA001305&corporatePlusNumber=CP792N5W&utm_source=google%20my%20business&utm_medium=organic%20listing&utm_campaign=visit%20website&utm_content=global;3.1;0;;
Amor Pets World S.L.;Tienda de animales;C. Carlo Goldoni;29004 Málaga;;951 54 32 89;;3.1;0;;
Blue Grooming;Peluquero de mascotas;786 Peoria St;Estados Unidos;;+1 720-397-3113;;3.1;0;;
Área de socialización canina, Jardín de Ayora;Parque para perros;C/ dels Sants Just i Pastor, 104;Valencia;;;http://www.valencia.es/ayuntamiento/infociudad_accesible.nsf/vDocumentosWebListado/0DDC6442A47084C3C1257C83002F3E52;3.1;0;;
Hostal La Barraca;Albergue;Passeig de Neptú, 36;Valencia;;963 71 62 00;http://hostalbarraca.es/;3.1;0;;
Playa Canina🐶;Parque para perros;Málaga-Este;Málaga;;;;3.1;0;;
Chameleon Hostel;Albergue;Carrer Pintor Gisbert, 46;Alicante;;966 08 87 47;https://www.chameleonhostel.com/;3.1;0;;
Casa Tartago;Agencia de alquiler de cabañas;Al final de la;Las Palmas;;;https://www.booking.com/Share-uhsa4B;3.1;0;;
La Granja de Labayru;Tienda de productos para mascotas;Labayru Kalea, 15 -17;Bizkaia;;944 43 21 12;http://www.adopcioneslagranja.com/;3.1;0;;
Parque de Mila / Zona canina;Parque para perros;Eixample;08018 Barcelona;;;https://ajuntament.barcelona.cat/premsa/2021/08/20/barcelona-comenca-al-parc-de-lestacio-del-nord-les-obres-de-larea-desbarjo-per-a-gossos;3.1;0;;
Playa canina de Camposoto;Parque para perros;11100 Camposoto;Cádiz;;;;3.1;0;;
La Guarida Protectora;Refugio para animales;C. Montemayor, 8;Córdoba;;;;3;0;;
Alcampo;Tienda de productos para mascotas;Camí dels Carlins, 10;Girona;;913 68 78 57;https://www.compraonline.alcampo.es/?utm_campaign=GMB&utm_content=home&utm_medium=organic&utm_source=google&utm_term=sitio_web;3;0;;
Hostal del Val;Hotel;Pl. Val, 6;47003 Valladolid;;983 37 57 52;https://hostaldelval.es/;3;0;;
Area para perros de la Plaza de los Gitanos;Parque para perros;Carrer de Siracusa, 53;08012 Barcelona;;;;3;0;;
Playa de perros de Gavà;Parque;Carrer de Vandellòs;Barcelona;;;https://www.gavaciutat.cat/platja-de-gossos;3;0;;
Asociacion Protectora Kmakus;Protectora de animales;;;;722 61 61 50;https://kmakus.org/;3;0;;
Casual Apartments Málaga;Hotel;C. Conde Duque de Olivares, 6;29002 Málaga;;607 28 88 81;https://casualhoteles.com/hoteles-malaga/apartments-malaga;3;0;;
Veterinaria;Veterinario;Soriana Zaragoza;México;;;;3;0;;
Perro Bichon Maltes;Tienda de productos para mascotas;Av.de;Pontevedra;;;http://www.felumycanum.com/;3;0;;
Espacio El Roalico;Guardería canina;Cam. de los Leñadores;Murcia;;633 01 66 76;;3;0;;
Oxxo Monteverde;Tienda de productos para mascotas;Sinoquipe Y Banamichi 344, C. Francisco Monteverde;México;;+52 81 8320 2020;https://www.oxxo.com/?utm_source=google&utm_medium=organic&utm_campaign=gbp;3;0;;
Centro de Aves, Avifauna Urbana y Espécies Exóticas de l'Ajuntament de València;Oficinas del ayuntamiento;Calle Pai Cm Moreras, 2E;Valencia;;;http://www.valencia.es/;3;0;;
Valencia Canine Rehabilitation Center;Hospital veterinario;23924 Summerhill Ln;Estados Unidos;;+1 661-263-9001;https://www.bestvalenciavet.com/site/rehabilitation-services-santa-clarita;3;0;;
Área para Perros;Parque para perros;Pg. de Salvat Papasseit, 3;08003 Barcelona;;;;3;0;;
Canyplant;Tienda de animales;Gran Via Asima, 14;Illes Balears;;971 43 25 00;http://www.canyplant.es/;3;0;;
Apartamentos Catalina Park;Edificio de apartamentos;C. Tomás Miller, 67;Las Palmas;;928 26 41 20;http://www.apartamentoscatalinapark.com/;3;0;;
Playa de Puente Duero;playa;47152;Valladolid;;;;3;0;;
Animalsmascota;Tienda de animales;Calle alfonso de rojas numero6 despacho 38;03004 Alicante;;;https://www.instagram.com/animalsmascota?r=nametag;3;0;;
Tienda de animales;Tienda de animales;C. del Pensionista, 25;Murcia;;660 87 75 14;;3;0;;
Centro de Acogida de Perros y gatos - Ayuntamiento de Valencia;;Camí Nou de Paterna, 165;Valencia;;;;3;0;;
Warnet Pet Supplies & Accessories Store;Tienda de productos para mascotas;C. Paulina Harriet, 7;47006 Valladolid;;;;3;0;;
Centre de Protecció Animal de la Mancomunitat de l'Alcoià i el Comtat;Protectora de animales;38°47'40.8"N 0°25'06.9"W;Alicante;;655 96 62 20;https://lamancomunitat.org/centre-proteccio-animal/;3;0;;
Arc House Gracia;Albergue;Carrer de Sant Pere Màrtir, 18;08012 Barcelona;;614 17 73 14;https://pandorahoteles.com/;2.9;0;;
Picasso hostel y apartamentos;Apartamento turístico;C. San Juan de Letrán, 11;29012 Málaga;;633 77 18 08;;2.9;0;;
Parque canino;Parque para perros;Latina;28047 Madrid;;;http://madrid.es/;2.9;0;;
Splash! Autolavado mascotas;Peluquero de mascotas;C. del Dr. Julián Sanz Ibáñez, 14;50017 Zaragoza;;620 26 26 50;;2.9;0;;
Casilda Iturrizar Parkea - Txakurgunea;Parque para perros;Estitxu Ibiltokia;Bizkaia;;;;2.9;0;;
Baymont by Wyndham Intl Speedway/I-95/Daytona Beach;Hotel;2725 W International Speedway Blvd;Estados Unidos;;+1 386-777-2897;https://www.wyndhamhotels.com/baymont/daytona-beach-florida/baymont-intl-speedway-i-95-daytona-beach/overview?CID=LC:cfixxwa8fefdt79:51482&iata=00093796;2.9;0;;
Parque canino;Parque;Urbanizacion SUPR1. 7, 2A;Málaga;;;;2.9;0;;
Deanacaona Adiestramiento Canino;Adiestrador canino;c/ nº27 -a;Murcia;;639 28 64 28;;2.9;0;;
El Flamenco Dog Park;Parque para perros;V5WW+WM;14011 Córdoba;;;;2.9;0;;
Parque Canino;Parque para perros;Calle Prof. Manuel Olivencia Ruiz, 9;41020 Sevilla;;;;2.9;0;;
Platja Pere Grau;Parque para perros;Carrer Club Nàutic, 1;Girona;;;https://www.naturaki.com/ca/platges-accepten-gossos-costa-brava/;2.9;0;;
Área per a gossos La Massana;Parque para perros;Carrer del Dr. Ferran, 38;Girona;;;;2.9;0;;
Bilbotxakur Erandio;Tienda de animales;2 Carrefour;Bizkaia;;944 67 83 74;http://www.bilbotxakur.es/;2.9;0;;
Área para perros;Parque para perros;Carrer dels Escultors Claperós, 49;08018 Barcelona;;;;2.9;0;;
Apartamentos Gran Confort Zaragoza: Apartamentos por horas;Hotel;C. de San Blas, 29;50003 Zaragoza;;976 44 70 75;https://www.apartamentosporhoraszaragoza.com.es/;2.9;0;;
Mini parque canino;Parque;Paseo de los Curas;29015 Málaga;;;;2.8;0;;
Parque para perros;Parque para perros;Carrer de Vinyals, 74;08041 Barcelona;;;;2.8;0;;
Parque para perros Vallcarca;Parque para perros;Carrer d'Esteve Terradas, 14;08023 Barcelona;;;;2.8;0;;
KatuLovers;Protectora de animales;;;;627 11 83 61;http://www.katulovers.org/;2.8;0;;
Califato;Guardería canina;C. Libertad, 75;Sevilla;;649 68 18 25;;2.8;0;;
Hotel Palacio de Asturias;Hotel;C/Los Arenales, 11;Asturias;;985 20 65 05;http://www.hotelpalaciodeasturias.es/;2.8;0;;
Hostal Goias;Hotel;Calle Miguel Ángel Blanco, 2;Asturias;;606 18 78 78;;2.8;0;;
Apartahotel Augusta Centro;Hotel;C. de San Pablo, 24;50001 Zaragoza;;976 45 65 88;http://apartahotel-augusta-centro.tuhotel.site/;2.7;0;;
Hospital Veterinario Labayru;Veterinario;Labayru Kalea, 19;Bizkaia;;944 43 21 12;http://www.adopcioneslagranja.com/index.php?s=c;2.7;0;;
Área para perros - parque estación del norte;Parque para perros;Eixample;08018 Barcelona;;;;2.7;0;;
Residencia Canina Devesa Gardens Valencia;Guardería canina;Calle Rambla del Saler, Km. 13;Valencia;;961 61 11 36;https://www.samay.com/es/devesa-gardens/;2.7;0;;
Fundación Acuai;Fundación;Calle de Castelló, 24, Escalera 1- 5º, 3;28001 Madrid;;;https://acuai.org/;2.7;0;;
OXXO Palmas MTY;Tienda de productos para mascotas;Ave. Ruiz Cortinez Y Priv. Palma 2300, Av. Ruiz Cortines 2300;México;;+52 81 8320 2020;https://www.oxxo.com/?utm_source=google&utm_medium=organic&utm_campaign=gbp;2.7;0;;
Hospital Veterinario Dr. Malacara🐶🐕🦮🐕‍🦺🐩🐺🐱🐈🐈‍⬛🐾😷🦴👨🏻‍⚕️👩🏼‍⚕️;Veterinario;av renacimiento 151 real de palmas real de palmas;México;;+52 81 1483 5597;;2.7;0;;
AniCura España;Hospital veterinario;;;;;http://www.anicura.es/;2.7;0;;
Educan Adiestramiento Canino;Adiestrador canino;;;;+52 81 1689 1184;;2.7;0;;
Pipican;Parque para perros;Carrer de Francesc Martí i Móra, 73;Illes Balears;;;;2.6;0;;
Parque Canino Huerta Nueva;Parque para perros;Cdad. Jardín;29014 Málaga;;;http://www.parquesyjardines.malaga.eu/;2.6;0;;
Pensión Sea of clouds;Albergue;C. Nicolás Estévanez, 31;Las Palmas;;928 26 31 23;https://sites.google.com/view/sea-of-clouds/inicio;2.6;0;;
Valencia Animal Care - Núcleo Zoológico Municipal;Protectora de animales;Camí Nou de Paterna, 165;Valencia;;614 66 45 80;https://athisa.es/;2.6;0;;
Parque para perros;Parque;C. de Ezequiel Solana, 43;28017 Madrid;;;http://madrid.es/;2.5;0;;
Parque para perros;Parque;C. Vicente Alexandre, 10;Alicante;;;;2.5;0;;
Parque Para Perros;Parque para perros;C. del Hospital, 22;Valencia;;;;2.5;0;;
Hostal MiMi Las Ramblas;Hotel;Carrer Nou de la Rambla, 1;08001 Barcelona;;933 02 50 52;https://www.hotelesreserva.com/hostal-mimi-las-ramblas/;2.5;0;;
PETS SHOP ZARAGOZA;Tienda de productos para mascotas;Ignacio Zaragoza;México;;+52 866 277 0756;;2.5;0;;
Gatos Abandona2;Asociación u organización;;;;;https://www.gatosabandona2.org/;2.5;0;;
OXXO Valladolid MTY;Tienda de productos para mascotas;Anillo Periferico/A Ave. Prados De San Jeronimo, Manzana Y Valladolid;México;;+52 81 8320 2020;https://www.oxxo.com/?utm_source=google&utm_medium=organic&utm_campaign=gbp;2.5;0;;
CONSULTORIO VETERINARIO;Hospital veterinario;Zaragoza 301-315;México;;;;2.5;0;;
Área para perros;Parque para perros;Carrer del Marquès de Sentmenat, 20;08014 Barcelona;;;;2.5;0;;
Parque canino;Parque;Usera;28041 Madrid;;;http://madrid.es/;2.5;0;;
SADECO Saneamientos de Córdoba S.A. Empresa Municipal;Servicio de gestión de residuos;Av. de Medina Azahara, 4;14005 Córdoba;;957 76 20 00;http://www.sadeco.es/;2.4;0;;
Parque Canino;Parque para perros;C/ de l'Argenter Suárez;Valencia;;;;2.4;0;;
Perrera Municipal De Lucena;Refugio para animales;14900 Lucena;Córdoba;;644 22 09 41;;2.4;0;;
Hotel La Ferroviaria;Hotel;C. de la Madre Sacramento, 63;50004 Zaragoza;;;;2.4;0;;
ZECA - Jardín Malecón - Bajo Autovía (Zona Canina);Parque para perros;Cam. Bajo Autovía, 8;30004 Murcia;;;http://www.murcia.es/;2.3;0;;
Parque para perros;Parque para perros;C/ de Martínez Page, 12;28029 Madrid;;;;2.3;0;;
Parque para perros;Parque para perros;Usera;28041 Madrid;;;;2.3;0;;
Veterinarios MTY;Veterinario;Arroyo 519;México;;;;2.3;0;;
Kawanda;Tienda de animales;C. Capitán Gral. Gutiérrez Mellado, 2;03005 Alicante;;641 56 33 90;http://reptilaqua.com/;2.3;0;;
Parque canino;Parque;Ronda Ramon y Cajal, 3D;Córdoba;;;;2.3;0;;
Pipican;Parque para perros;C. del Hospital, 22;Valencia;;;;2.3;0;;
Área para perros;Parque para perros;Carrer de Brusi, 49;08006 Barcelona;;;;2.2;0;;
Kennel can;Criador canino;C-66, km 50,5;Girona;;972 59 37 80;https://www.kennelcan.com/es/;2.2;0;;
Oficina de Protección Animal - Ayuntamiento de Zaragoza;Oficinas del ayuntamiento;Av. de Cataluña, 60;50014 Zaragoza;;976 72 39 84;https://www.zaragoza.es/ciudad/proteccionanimal/detalle_Centro?id=10585;2.2;0;;
Centro de Bienestar Animal;Refugio para animales;C. Sevilla 4241;México;;;;2.2;0;;
Ignacio Torrubia Requena;Veterinario;C. de Juan de Herrera, 20, Bajo;03004 Alicante;;965 20 33 81;;2.2;0;;
Clippers barber shop;Barbería;Av las Palmas 500A;México;;;;2.1;0;;
Centro Municipal de Control Animal del Ayuntamiento de Bilbao;Oficina de gobierno local;Saratxebidea Bidea;Bizkaia;;944 27 14 70;http://www.bilbao.eus/cs/Satellite?c=BIO_Servicio_FA&cid=1279195973258&language=es&pageid=3000070319&pagename=Bilbaonet/BIO_Servicio_FA/BIO_Servicio;2.1;0;;
Centro Municipal Zoosanitario de Sevilla;Protectora de animales;Carretera Sevilla Málaga, Km 1, 5;41016 Sevilla;;955 47 26 48;https://www.sevilla.org/servicios/centro-municipal-zoosanitario;2.1;0;;
Parque para perros;Parque para perros;Plaza Manuel Garrido, S/N;41009 Sevilla;;;;2;0;;
Parque para perros;Parque para perros;C. Luis Braille;Asturias;;;;2;0;;
Draco La Manna;Adiestrador canino;República de Siria 262;Argentina;;+54 11 6598-6789;http://www.labrador.com.ar/;2;0;;
ZECA - Jardín Nuestra Señora de la Fuensanta (Zona Canina);Parque para perros;C. Lope de Rueda, 17;30011 Murcia;;;;2;0;;
ZECA San Andrés (Zona canina);Parque para perros;C. Escultor José Sánchez Lozano, 1;30005 Murcia;;;;2;0;;
Parque para perros;Parque;Carrer dels Escultors Claperós, 87;08018 Barcelona;;;https://www.barcelona.cat/ca/viure-a-bcn/amb-animals-de-companyia/arees-gossos;1.7;0;;
Agility Vigo;Parque;Santiago de Vigo;Pontevedra;;;;1.6;0;;
Pipican Barqueta;Parque para perros;P.º Rey Juan Carlos I;41092 Sevilla;;;;1.5;0;;
PipiCan Av.Montañal;Parque;Av. del Montañal, 1676;Murcia;;;;1.3;0;;
Parque Canino;Parque para perros;Salamanca;28028 Madrid;;;https://datos.madrid.es/;1.3;0;;
Peluts Girona;Peluquero de mascotas;Plaça del Marquès de Camps, 6;17001 Girona;;;;1.2;0;;
DOG INFASHION PELUQUERÍA CANINA;Peluquero de mascotas;;;;+52 81 1997 9866;https://www.facebook.com/profile.php?id=100070930386237&mibextid=JRoKGi;1;0;;
PawPalace Hotel;Cuidador de mascotas;Blvd. Lázaro Cárdenas 246;México;;+52 686 177 3652;https://www.facebook.com/share/19Z67HV2gN/?mibextid=LQQJ4d;1;0;;
Laura Correas Martinez;Servicio de rescate de animales;Calle Mataró;Murcia;;698 00 51 75;;1;0;;
Clinica Veterinaria en Bilbao;Cuidados veterinarios;Zumalacárregui Etorb., 93;Bizkaia;;944 73 07 08;;1;0;;
Zona ZECA - Parque canino;Parque para perros;García Lorca II;30009 Murcia;;;;1;0;;
Vigo County Prosecutor's Office;Oficinas de administración del condado;33 S 3rd St;Estados Unidos;;+1 812-462-3305;https://www.vigocounty.in.gov/department/index.php?structureid=9;1;0;;
Sibaris Clinica Veterinaria;Cuidados veterinarios;Calle del Gasómetro;28005 Madrid;;;;1;0;;
Área para perros;Parque para perros;Carrer de Juan Gris, 20;08014 Barcelona;;;;1;0;;
Pienso y Mascotas;Tienda de productos para mascotas;C. Astrónomo Azarquiel, 31;14014 Córdoba;;955 22 86 77;https://piensoymascotas.com/;1;0;;
Platja de gossos - hivern;Parque para perros;Passeig Pau Casals, 62;Girona;;;;1;0;;
Royal Palms Equestrian Center;Granja;1875 N Division St;Estados Unidos;;+1 407-618-6522;;1;0;;
Zona ZECA - Parque Canino;Parque para perros;Av. Castillo de Monteagudo, 8;30163 Murcia;;;;1;0;;
Madrid Canino;Adiestrador canino;;;;638 59 26 13;https://madridcanino.com/;1;0;;
Clínica Veterinaria Burgos La Huerta;Veterinario;C. de Portugal, 91;47007 Valladolid;;607 39 83 00;;1;0;;
Alejandra peluquería canina;Peluquero de mascotas;41010 Sevilla;41010 Sevilla;;613 89 98 56;;1;0;;
Peludos sevilla;Peluquero de mascotas;41940 Tomares;Sevilla;;613 89 98 56;https://www.instagram.com/p/Cynn30PsbKw/?igsh=cXkydnNsc3N5Z2Vr;1;0;;
Dogsfriends;Adiestrador canino;C. Labradores, 15;Alicante;;966 10 53 42;;1;0;;
Parque canino;Parque para perros;Carrer de Dalmases, 76B;08017 Barcelona;;;;0;0;;
MerkaPets;Tienda de productos para mascotas;C. de Portillo de Balboa;47010 Valladolid;;604 92 78 78;;0;0;;
Residencia canina y felina Elité;Guardería canina;Paraje Cabecicos;Murcia;;691 73 38 72;;0;0;;
Víctor García Arenales;Tienda de productos para mascotas;C. Sta. Rita, 8;47013 Valladolid;;660 09 95 84;https://www.rinconfortable.es/;0;0;;
greet Alicante Center;Hotel;Carrer Calderón de la Barca, 18;Alicante;;;https://all.accor.com/lien_externe.svlt?goto=fiche_hotel&code_hotel=B8Q5&merchantid=seo-maps-ES-B8Q5&sourceid=aw-cen&utm_medium=seo%20maps&utm_source=google%20Maps&utm_campaign=seo%20maps;0;0;;
Protectora Deixant Petjada;Protectora de animales;;;;605 36 24 73;;0;0;;
Asociación Amigos Felinos;Protectora de animales;;;;;https://asocamigos-felinos3.webnode.es/?_ga=2.76560469.1556319623.1663244266-949330751.1663244261;0;0;;
Dogtor´s Mascota Clínica Veterinaria;Hospital veterinario;Blvd Jiquilpan, Río Presidio 1420 esquina;México;;+52 668 235 6953;https://www.facebook.com/VetOnBoard;0;0;;
Protectora de animales galgos del sur;Albergue;14420 Villafranca de Córdoba;Córdoba;;;;0;0;;
Parque para perro;Parque para perros;17469 El Pont del Príncep;Girona;;;;0;0;;
Parque Aeropuerto;Parque;41020 Sevilla;41020 Sevilla;;;;0;0;;
PET SHOP “ MI PULGUITA “;Tienda de productos para mascotas;Cto. Barcelona;México;;;;0;0;;
PetPantry Paradise;Tienda de productos para mascotas;25852 Cortina Dr;Estados Unidos;;;;0;0;;
Parque para perros;Parque;Carrer de Salvador Giner;Valencia;;;;0;0;;
Parque canino;Parque para perros;Parque Pinar de;28017 Madrid;;;;0;0;;
La Comuna Canina;Guardería canina;Urbanización Los Cabreros, sector A;Sevilla;;644 57 46 62;;0;0;;
Clínica Veterinaria La Plaza;Veterinario;Plaza de España, 12;28008 Madrid;;;;0;0;;
Dra Aurora Covarrubias - Medicina Interna y Cirugía Felina;Veterinario;Av. las Palmas 4721;México;;+52 663 441 5863;;0;0;;
easyHotel Alicante Centro;Hotel;Av. Alcoi, 1;Alicante;;;https://www.easyhotel.com/hotels/spain/alicante/alicante-centro;0;0;;
amvitalGirona Comidanimal;Tienda de alimentos para animales;Carrer d’Oriol Martorell i Codina;17003 Girona;;;https://amvital.es/distribuidor-girona/;0;0;;
Peluquería canina Love My Pet;Peluquero de mascotas;C. Arenal, 11;29016 Málaga;;695 15 96 01;https://www.vetlovemypet.com/;0;0;;
refugi climatic parc per a gossos deslligats;Parque para perros;17199 Girona;17199 Girona;;;;0;0;;
Centro de Rescate PBFD;Servicio de rescate de animales;;;;;;0;0;;
Evocan;Guardería canina;C. Grabadores, 1;41015 Sevilla;;;;0;0;;
Paws on hearts rehoming;Protectora de animales;C. Jaime I el Conquistador, 11;30008 Murcia;;;;0;0;;
Delicias Pet;Tienda de productos para mascotas;Blvr. Luz Valencia 34, entre gral. Piña y Mazocahui;México;;+52 662 188 8844;;0;0;;
Camina con Ellos;Adiestrador canino;;;;717 16 42 77;;0;0;;
Veterinaria Omega;Hospital veterinario;Gral. Ignacio Zaragoza 320A;México;;+52 81 3234 8568;;0;0;;
Dog Park;Parque para perros;4162 Las Palmas Square;Estados Unidos;;;;0;0;;
Quick-Tag;Tienda de productos para mascotas;Pet Supermarket Inc;Estados Unidos;;+1 407-366-2296;https://quicktag.com/;0;0;;
Scooby Residencia Valladolid;Perrera;C. Panera, 2;47009 Valladolid;;678 19 83 76;https://www.scoobymedina.org/es/quienes-somos/refugios-de-scooby;0;0;;
Guingueta de la Creu Roja;Servicio de rescate de animales;Avinguda dels Arenals de Mar, 23;Girona;;;;0;0;;
Cuatro Huellas;Tienda de productos para mascotas;C. Miguel Delibes, 19;47008 Valladolid;;983 40 19 92;http://www.cuatrohuellas.com/;0;0;;
Flydog;Adiestrador canino;C. Jacob;29590 Málaga;;603 27 16 38;;0;0;;
Mi Mascota;Tienda de animales;Calle Dr. Pedro Quirós;Asturias;;;https://mimascota.ueniweb.com/?utm_campaign=gmb;0;0;;
Central Parke;Hotel;C. Manuel Antón, 8, 8;Alicante;;;;0;0;;
Zodiacan adiestramiento;Adiestrador canino;RM-303, 40;30162 Murcia;;625 92 59 56;;0;0;;
Centro veterinario;Veterinario;C. Martínez de la Rosa, 114;29010 Málaga;;;;0;0;;
Madrid Veterinary Clinic;Veterinario;1968 Rose Rd;Estados Unidos;;+1 515-795-2261;;0;0;;
Parque para Perros;Parque para perros;Carrer el Puig, 5;Valencia;;;;0;0;;
Comision Protectora San Jose;;Obispo Trejo 219;Argentina;;;;0;0;;
Escuela de Peluquería Canina Mónica Gómez – Valladolid;Centro de formación;C. Fragua, 12;Valladolid;;635 89 57 36;https://www.escuelamonicagomez.com/info/curso-de-peluqueria-canina-escuela-monica-gomez-valladolid;0;0;;
New Madrid Veterinary Clinic: Hunter Sam M DVM;Veterinario;607 Powell Ave;Estados Unidos;;+1 573-748-5001;;0;0;;
Cuidadores de mascotas;Cuidador de mascotas;C/ del Plus Ultra;Valencia;;;;0;0;;
Guarderia Canina Mica;Paseador de perros;C. Pobladores, 10;Sevilla;;;https://www.instagram.com/guarderiacanina_mica?igsh=bWRxYWJ4NDFrczI0&utm_source=qr;0;0;;
IamDjango;Tienda de animales;Carrer Figuerola;17001 Girona;;665 68 85 26;;0;0;;
Adiestrador de perros en Alicante;Adiestrador canino;c/Monnegre, 5;Alicante;;620 28 56 41;http://adiestradordeperrosenalicante.blogspot.com.es/;0;0;;
ECOTOY;Tienda de productos para mascotas;C. Navegante Juan Fernández;30007 Murcia;;648 51 52 53;;0;0;;
Parque Canino;Parque;C. Pruna;41006 Sevilla;;;;0;0;;
Olga Educadora canina Madrid;Adiestrador canino;Av. de Carabanchel Alto;28044 Madrid;;628 77 08 87;https://www.facebook.com/share/1JQ6Cr9uae/;0;0;;
Burbumóvil;Peluquero de mascotas;;;;+52 81 1068 7431;;0;0;;
CANILANDIA;Guardería canina;Av. Gran Vía;Murcia;;654 78 91 23;;0;0;;
Conchi Alvarez Peluquera Canina;Peluquero de mascotas;;;;653 70 76 47;;0;0;;
Costa Hermosa;;Playas de Tijuana;México;;;;0;0;;
Educane;Adiestrador canino;C. Brisa de Bilbao 102;México;;;https://educane.ueniweb.com/?utm_campaign=gmb;0;0;;
Educadores caninos barcelona;Adiestrador canino;;;;673 59 65 88;https://educadorescaninosbarcelona.com/;0;0;;
Vigocanes educación canina y humana;Adiestrador canino;;;;600 28 48 97;https://www.vigocanes.com/;0;0;;
Mascotas Urbanas Tienda online;Tienda de alimentos para animales;Carr. de Rueda, 2;47008 Valladolid;;666 83 00 69;;0;0;;
Conexión Natural;Adiestrador canino;Calle Pablo Iglesias, 12;03004 Alicante;;685 40 24 63;;0;0;;
Kiramica;Adiestrador canino;Camino de Garcia, 38;03699 Alicante;;;;0;0;;
Peluquería canina;Guardería canina;C. de Aguilón, 7;28045 Madrid;;618 38 89 85;https://www.groupon.es/ofertas/barcelona/peluqueria-canina;0;0;;
K9Legend;Adiestrador canino;;;;+52 81 2580 2914;https://k9legend.ueniweb.com/?utm_campaign=gmb;0;0;;
Las Palmas;;22106 Tijuana, B.C.;México;;;;0;0;;
Adiestramiento canino en Sevilla;Adiestrador canino;;;;622 02 54 92;;0;0;;
VIVE;Cuidador de mascotas;C. de los Monteros, 15;28034 Madrid;;646 26 49 82;;0;0;;
Peluqueria Canina Sweet Pet;Servei de cura d'animals de companyia;Carrer d'Orient, 2;Illes Balears;;971 07 65 78;;0;0;;
FrikisDog Guardería Canina;Adiestrador canino;;;;692 53 52 85;;0;0;;
Parque canino / pipican / area canina;Parque para perros;Rúa Vía Nte., 22;Pontevedra;;;;0;0;;
Valcanis Dog Club;Adiestrador canino;Carrer de Fuencaliente;Valencia;;687 29 82 44;;0;0;;
Parque para perros;Parque;Parque canino;41016 Sevilla;;;;0;0;;
Sit adiestramiento canino Córdoba;Adiestrador canino;C. Cruz Conde;14008 Córdoba;;656 65 57 00;https://paginasgl.com/sitdogtor/;0;0;;
Zona de entrenamiento canino;Adiestrador canino;PC64+QF;Málaga;;;;0;0;;
Finca Buen Aqua;Refugio para animales;Unnamed Road, 14299;Córdoba;;610 47 39 56;;0;0;;
Quick-Tag;Tienda de productos para mascotas;Pet Supplies Plus Corp;Estados Unidos;;+1 888-600-8247;https://quicktag.com/;0;0;;
Fentocan - Educación y Rehabilitación Canina;Adiestrador canino;;;;;https://www.instagram.com/fentocan/;0;0;;
Misión del Valle;;21376 Mexicali, B.C.;México;;;;0;0;;
Animales De Compañia;Tienda de animales;Carrer Poeta Carmelo Calvo, 6;Alicante;;965 21 90 46;;0;0;;
Protectora de animales Acógenos;Perrera;FG8G+5W;Córdoba;;625 77 11 35;http://www.facebook.com/acogenoscabra;0;0;;
Danacan Adiestramiento Canino;Adiestrador canino;;;;695 43 51 25;https://instagram.com/danacan_adiestramiento_canino?igshid=MmU2YjMzNjRlOQ==;0;0;;
Casita de los gatos;Refugio para animales;Carrer del Rec Arnau, 12;Girona;;;;0;0;;
Parque Canino;Parque para perros;C. Hermanos Lumière, 37;29004 Málaga;;;;0;0;;
Valencia Dogs Home;Cuidador de mascotas;C. del Doctor Vicent Zaragoza;Valencia;;;https://instagram.com/valenciadogshome;0;0;;
Clínica y reproducción en equinos clirequi Laguna;Veterinario;Azucenas;México;;+52 871 281 8839;;0;0;;
Parque canino Paraíso Arenal;Parque para perros;14014 Córdoba;14014 Córdoba;;;;0;0;;
Parque para perros;Parque;C/ del Reverend José Maria Pinazo, 21;Valencia;;;;0;0;;
VIP Petcare Vaccination Clinic;Veterinario;4250 Alafaya Trail;Estados Unidos;;+1 800-427-7973;https://locations.vippetcare.com/fl/oviedo/4250-n-alafaya-trail/5925/?utm_source=gbp&utm_medium=website_button&utm_campaign=gbp_website_clicks;0;0;;
PELUQUERIA CANINA FELINA;;Carrer de Pere Martell, 14;Illes Balears;;;;0;0;;
ASHIRUKO ADIESTRAMIENTO CANINO;Adiestrador canino;C. Parque de Cazorla, 1;41015 Sevilla;;673 01 47 80;;0;0;;
Masía Mascontentas;Guardería canina;Plaça Num 1, 55;Valencia;;;;0;0;;
Fer Jasso - Adiestramiento Canino;Adiestrador canino;;;;+52 81 1544 1945;;0;0;;
BIENESTAR ANIMAL STORE;Tienda de animales;30002 Murcia;30002 Murcia;;;;0;0;;
PETGARDEN INTEGRAL SERVICE S.L.;Tienda de animales;C. María Díaz de Haro, 12;Biscay;;944 39 51 30;https://www.petfarmacia.es/;0;0;;
Peluqueria Canina;;Gordóniz Kalea, 14;Bizkaia;;;;0;0;;
Résidence CUIDIG;Guardería canina;41530 Morón de la Frontera;Sevilla;;;;0;0;;
GreenVeet Servicios veterinarios a domicilio;Servicio de urgencias veterinarias;Bahía Palmas;México;;+52 81 2028 2516;https://www.facebook.com/share/1DujpeEoWL/;0;0;;
Asociación Amigos de los Gatos de Foios;Protectora de animales;;;;;https://www.gatosdefoios.es/;0;0;;
Manoliscotas;Peluquero de mascotas;Carrer de Colón, 26;Valencia;;;;0;0;;
Asociación Protectora Rescate Amigos Peludos;Refugio para animales;QQ4J+QH;Murcia;;;;0;0;;
Ritmo Canino - Educacion canina y adiestramiento canino-Pedro Canovas Medina;Adiestrador canino;;;;622 30 37 79;;0;0;;
CENTRO CLÍNICO VETERINARIO DE VALENCIA;Cuidados veterinarios;C. d'Olimpia Arozena Torres, 10;Valencia;;;;0;0;;
Adiestramiento canino Valencia | Adiestramiento perro en Valencia -Mimomimascota;Adiestrador canino;C/ de la Sabateria dels Xiquets, 11;Valencia;;672 79 42 40;http://www.mimomimascota.com/;0;0;;
Mi Mascota de Paseo;Paseador de perros;C. de la Penitencia, 4;47011 Valladolid;;623 11 35 34;https://mi-mascota-de-paseo.ueniweb.com/?utm_campaign=gmb;0;0;;
Parque canino;Parque para perros;C. Joaquín Blume;Asturias;;;;0;0;;
Modepran;Protectora de animales;;;;673 27 47 92;https://www.protectoramodepran.com/;0;0;;
Ornigreen;Tienda de productos para mascotas;C. Madre María Teresa, 77;41005 Sevilla;;605 43 74 18;;0;0;;
ShotVet;Veterinario;3640 Aloma Ave;Estados Unidos;;+1 407-792-0384;https://saveaspot.shotvet.com/save-a-spot/n10663;0;0;;
Melthefox;Perrera;Pl. de la Independència;17001 Girona;;606 00 89 74;;0;0;;
Mimats;Guardería canina;Ronda del General Mitre, 261;08023 Barcelona;;935 36 67 29;;0;0;;
Parque canino;Parque para perros;41980 La Algaba;Sevilla;;;;0;0;;
Nueva Escocia Adiestramiento Canino;Adiestrador canino;Lg;41440 Sevilla;;654 12 11 66;https://nuevaescociateam.com/;0;0;;
Tierhaus animal protector;Protectora de animales;Agirre Lehendakariaren Etorb.;Bizkaia;;;;0;0;;
Zona ZECA - Parque Canino;Parque para perros;C. Huerto Manu, 4;30009 Murcia;;;;0;0;;
Hospital Veterinario Calandri Urgencias 24 horas;Servicio de urgencias veterinarias;Carrer de la Reina Esclaramunda, 6;Illes Balears;;;;0;0;;
Adán D´Mora | Educador Canino;Adiestrador canino;C. Felix Rodriguez de la Fuente, 6;30158 Murcia;;663 41 77 17;;0;0;;
Casa mayito;Adiestrador canino;;;;+52 81 8274 4037;;0;0;;
Zona ZECA - Parque Canino;Parque para perros;C. Pintor Pedro Flores, 1;30163 Murcia;;;;0;0;;
La Casa Verde Hostel;Campamento de refugiados;Carril de la Esparza, 9;30009 Murcia;;650 19 12 10;https://www.lacasaverdehostel.com/;0;0;;
Residencia canina LosAmigos;Cuidador de mascotas;Lugar Ayones;Asturias;;641 59 78 50;;0;0;;
Punto recogida centro canino o meu can;Guardería canina;Rúa do Areal;Pontevedra;;689 68 11 68;;0;0;;
Parque para perros;Parque;Sc Quint II, 4E;Valencia;;;;0;0;;
Aulin Square Dog Park;Parque para perros;173 Bella Leaf Lp;Estados Unidos;;;;0;0;;
Pipican (Parque para perros);Parque;Avda. José Rodríguez de la Borbolla (edif. Abelia;Sevilla;;;;0;0;;
Servicio Médico Veterinario Y Control De Plagas;Empresa de fumigación y control de plagas;Lago Superior 2202;México;;+52 871 338 9639;https://servicio-medico-veterinario-y-control-de-plagas.ueniweb.com/?utm_campaign=gmb;0;0;;
CANIN SHOP EL JUNIOR;Tienda de productos para mascotas;Eucalipto 1218;México;;;;0;0;;
Zona ZECA Parque de Perros;Parque para perros;C. Jacintos, 10;30120 Murcia;;;;0;0;;
Remolques Oviedo Suc. San Buena;Distribuidor de remolques para caballos;2FHJ+WX;México;;+52 866 200 7157;;0;0;;
EL CABALGANTE;Servicio de urgencias veterinarias;Justo Sierra 205;México;;;;0;0;;
Huellas Pintadas | VLC;Cuidador de mascotas;C/ del Litògraf Pascual i Abad, 12;Valencia;;672 58 99 71;;0;0;;
Hey Dog! - Guardería Canina y Cuidado de Mascotas;Guardería canina;Av. Diagonal, 330;08013 Barcelona;;650 43 92 27;https://www.instagram.com/heydogbcn/;0;0;;
Veterinario De Caballos Urgencias 24h;Veterinario;Carrer d'Agustí Buades, 7;Illes Balears;;655 40 88 39;;0;0;;
Urban K9 Tactics;Adiestrador canino;;;;+52 81 8065 8137;https://www.facebook.com/Urbank9Tactics/;0;0;;
Protectora de animales;Protectora de animales;Norte;Balearic Islands;;;;0;0;;
Veterinaria 76;Veterinario;Josefa Ortiz de Domínguez;México;;+52 636 663 0375;;0;0;;
